ISO-10303-21;
HEADER;
/* Generated by software containing ST-Developer
 * from STEP Tools, Inc. (www.steptools.com) 
 */

FILE_DESCRIPTION(
/* description */ (''),
/* implementation_level */ '2;1');

FILE_NAME(
/* name */ 'Frame Unibody.step',
/* time_stamp */ '2025-08-05T18:16:33+02:00',
/* author */ (''),
/* organization */ (''),
/* preprocessor_version */ 'ST-DEVELOPER v20.1',
/* originating_system */ 'Autodesk Translation Framework v14.10.0.0',
/* authorisation */ '');

FILE_SCHEMA (('AUTOMOTIVE_DESIGN { 1 0 10303 214 3 1 1 }'));
ENDSEC;

DATA;
#10=MECHANICAL_DESIGN_GEOMETRIC_PRESENTATION_REPRESENTATION('',(#13),#6163);
#11=SHAPE_REPRESENTATION_RELATIONSHIP('SRR','None',#6170,#12);
#12=ADVANCED_BREP_SHAPE_REPRESENTATION('',(#14),#6162);
#13=STYLED_ITEM('',(#6179),#14);
#14=MANIFOLD_SOLID_BREP('Body4',#3666);
#15=ELLIPSE('',#3759,17.6776691157214,12.5);
#16=ELLIPSE('',#3766,17.6776691157214,12.5);
#17=ELLIPSE('',#3794,12.8693434175953,9.1);
#18=ELLIPSE('',#3888,12.8693434175953,9.1);
#19=(
BOUNDED_SURFACE()
B_SPLINE_SURFACE(2,2,((#5351,#5352,#5353,#5354,#5355),(#5356,#5357,#5358,
#5359,#5360),(#5361,#5362,#5363,#5364,#5365)),.UNSPECIFIED.,.F.,.F.,.F.)
B_SPLINE_SURFACE_WITH_KNOTS((3,3),(3,2,3),(-5.55111512312578E-16,1.1883073367654),
(-1.5707963267949,0.,1.5707963267949),.UNSPECIFIED.)
GEOMETRIC_REPRESENTATION_ITEM()
RATIONAL_B_SPLINE_SURFACE(((1.,0.707106781186547,1.,0.707106781186547,1.),
(0.828622578471737,0.585924644281647,0.828622578471737,0.585924644281647,
0.828622578471737),(1.,0.707106781186547,1.,0.707106781186547,1.)))
REPRESENTATION_ITEM('')
SURFACE()
);
#20=B_SPLINE_CURVE_WITH_KNOTS('',3,(#5316,#5317,#5318,#5319,#5320,#5321),
 .UNSPECIFIED.,.F.,.F.,(4,2,4),(2.4609801547184,2.55468047067665,2.78545831804912),
 .UNSPECIFIED.);
#21=B_SPLINE_CURVE_WITH_KNOTS('',3,(#5323,#5324,#5325,#5326,#5327,#5328,
#5329,#5330,#5331,#5332,#5333,#5334,#5335,#5336,#5337,#5338,#5339,#5340,
#5341,#5342),.UNSPECIFIED.,.F.,.F.,(4,2,2,2,2,2,2,2,2,4),(-1.12828055552014,
-1.05935078614682,-0.939228288763656,-0.758819034383605,-0.653919896902616,
-0.567882838084502,-0.47780455501506,-0.353804266108359,-0.174029887570437,
-0.0396416070780223),.UNSPECIFIED.);
#22=B_SPLINE_CURVE_WITH_KNOTS('',3,(#5343,#5344,#5345,#5346,#5347,#5348,
#5349),.UNSPECIFIED.,.F.,.F.,(4,1,2,4),(-0.0179766507695164,-0.0089883253847582,
0.,0.255966305748454),.UNSPECIFIED.);
#23=B_SPLINE_CURVE_WITH_KNOTS('',3,(#5366,#5367,#5368,#5369,#5370,#5371,
#5372,#5373,#5374,#5375,#5376,#5377,#5378,#5379,#5380,#5381,#5382,#5383,
#5384,#5385,#5386,#5387,#5388,#5389,#5390,#5391,#5392,#5393,#5394,#5395),
 .UNSPECIFIED.,.F.,.F.,(4,2,2,2,2,2,2,2,2,2,2,2,2,2,4),(-0.949914639377275,
-0.850048976997038,-0.739346101573956,-0.637590387703086,-0.560783291735971,
-0.515839493823654,-0.49342552340613,-0.479896364363529,-0.467892086662235,
-0.452982273668952,-0.424488324387752,-0.306950505791323,-0.188717518995813,
-0.0702015671621796,-0.000927712064970401),.UNSPECIFIED.);
#24=B_SPLINE_CURVE_WITH_KNOTS('',3,(#5471,#5472,#5473,#5474,#5475,#5476,
#5477,#5478,#5479,#5480,#5481,#5482,#5483,#5484,#5485,#5486),
 .UNSPECIFIED.,.F.,.F.,(4,2,2,2,2,2,2,4),(1.00910220030978,1.21427494484099,
1.40930187712446,1.60432880940793,1.96536706131035,2.32640531321276,2.68744356511518,
2.84592349454577),.UNSPECIFIED.);
#25=B_SPLINE_CURVE_WITH_KNOTS('',3,(#5488,#5489,#5490,#5491,#5492,#5493),
 .UNSPECIFIED.,.F.,.F.,(4,2,4),(1.56734506982892,1.72369385532646,1.8940230398643),
 .UNSPECIFIED.);
#26=B_SPLINE_CURVE_WITH_KNOTS('',3,(#5495,#5496,#5497,#5498),
 .UNSPECIFIED.,.F.,.F.,(4,4),(1.8940230398643,2.0854647054775),
 .UNSPECIFIED.);
#27=B_SPLINE_CURVE_WITH_KNOTS('',3,(#5550,#5551,#5552,#5553),
 .UNSPECIFIED.,.F.,.F.,(4,4),(1.8940230398643,2.0854647054775),
 .UNSPECIFIED.);
#28=B_SPLINE_CURVE_WITH_KNOTS('',3,(#5555,#5556,#5557,#5558,#5559,#5560),
 .UNSPECIFIED.,.F.,.F.,(4,2,4),(1.56734506982892,1.72369385532646,1.8940230398643),
 .UNSPECIFIED.);
#29=B_SPLINE_CURVE_WITH_KNOTS('',3,(#5564,#5565,#5566,#5567,#5568,#5569,
#5570,#5571,#5572,#5573,#5574,#5575,#5576,#5577,#5578,#5579),
 .UNSPECIFIED.,.F.,.F.,(4,2,2,2,2,2,2,4),(1.00910220030978,1.21427494484099,
1.40930187712446,1.60432880940793,1.96536706131035,2.32640531321276,2.68744356511518,
2.84592349454577),.UNSPECIFIED.);
#30=B_SPLINE_CURVE_WITH_KNOTS('',3,(#5644,#5645,#5646,#5647),
 .UNSPECIFIED.,.F.,.F.,(4,4),(3.81070685287738,3.81694666176745),
 .UNSPECIFIED.);
#31=B_SPLINE_CURVE_WITH_KNOTS('',3,(#5905,#5906,#5907,#5908,#5909,#5910,
#5911,#5912,#5913,#5914,#5915,#5916,#5917,#5918,#5919,#5920,#5921,#5922,
#5923,#5924,#5925,#5926,#5927),.UNSPECIFIED.,.F.,.F.,(4,3,2,2,2,2,2,2,2,
2,4),(1.84126413528147,1.84177286152102,1.95701409602307,2.07225533052513,
2.18723539871405,2.30221546690298,2.4171960303385,2.53217659377403,2.64741794302778,
2.76265929228153,2.76316801852461),.UNSPECIFIED.);
#32=B_SPLINE_CURVE_WITH_KNOTS('',3,(#5932,#5933,#5934,#5935),
 .UNSPECIFIED.,.F.,.F.,(4,4),(3.81070685287738,3.81694666176745),
 .UNSPECIFIED.);
#33=CYLINDRICAL_SURFACE('',#3703,2.5);
#34=CYLINDRICAL_SURFACE('',#3736,5.);
#35=CYLINDRICAL_SURFACE('',#3740,4.);
#36=CYLINDRICAL_SURFACE('',#3744,1.00000001490116);
#37=CYLINDRICAL_SURFACE('',#3748,1.00000001490116);
#38=CYLINDRICAL_SURFACE('',#3751,1.00000001490116);
#39=CYLINDRICAL_SURFACE('',#3755,1.00000001490116);
#40=CYLINDRICAL_SURFACE('',#3762,12.5);
#41=CYLINDRICAL_SURFACE('',#3773,12.5);
#42=CYLINDRICAL_SURFACE('',#3780,6.25);
#43=CYLINDRICAL_SURFACE('',#3783,4.);
#44=CYLINDRICAL_SURFACE('',#3789,8.04558957202144);
#45=CYLINDRICAL_SURFACE('',#3792,1.5);
#46=CYLINDRICAL_SURFACE('',#3793,9.1);
#47=CYLINDRICAL_SURFACE('',#3801,9.2);
#48=CYLINDRICAL_SURFACE('',#3808,15.);
#49=CYLINDRICAL_SURFACE('',#3810,12.487986258316);
#50=CYLINDRICAL_SURFACE('',#3815,14.7002005844894);
#51=CYLINDRICAL_SURFACE('',#3823,9.00000000000001);
#52=CYLINDRICAL_SURFACE('',#3827,7.50000000000001);
#53=CYLINDRICAL_SURFACE('',#3831,5.75);
#54=CYLINDRICAL_SURFACE('',#3834,9.1);
#55=CYLINDRICAL_SURFACE('',#3838,9.1);
#56=CYLINDRICAL_SURFACE('',#3844,1.00000197812947);
#57=CYLINDRICAL_SURFACE('',#3846,2.50000049173831);
#58=CYLINDRICAL_SURFACE('',#3855,4.00000005960464);
#59=CYLINDRICAL_SURFACE('',#3859,1.00000197812947);
#60=CYLINDRICAL_SURFACE('',#3862,2.50000049173831);
#61=CYLINDRICAL_SURFACE('',#3864,7.75);
#62=CYLINDRICAL_SURFACE('',#3877,8.04558957202144);
#63=CYLINDRICAL_SURFACE('',#3882,3.);
#64=CYLINDRICAL_SURFACE('',#3883,1.5);
#65=CYLINDRICAL_SURFACE('',#3884,9.1);
#66=CYLINDRICAL_SURFACE('',#3892,9.2);
#67=CYLINDRICAL_SURFACE('',#3898,7.75);
#68=CYLINDRICAL_SURFACE('',#3902,15.);
#69=CYLINDRICAL_SURFACE('',#3905,12.487986258316);
#70=CYLINDRICAL_SURFACE('',#3908,14.7002005844894);
#71=CYLINDRICAL_SURFACE('',#3917,9.00000000000001);
#72=CYLINDRICAL_SURFACE('',#3921,7.50000000000001);
#73=CYLINDRICAL_SURFACE('',#3926,9.1);
#74=CYLINDRICAL_SURFACE('',#3930,9.1);
#75=CYLINDRICAL_SURFACE('',#3938,6.25);
#76=CYLINDRICAL_SURFACE('',#3939,1.00000197812947);
#77=CYLINDRICAL_SURFACE('',#3941,2.50000049173831);
#78=CYLINDRICAL_SURFACE('',#3955,4.00000005960464);
#79=CYLINDRICAL_SURFACE('',#3958,1.00000197812947);
#80=CYLINDRICAL_SURFACE('',#3960,2.50000049173831);
#81=FACE_BOUND('',#389,.T.);
#82=FACE_BOUND('',#390,.T.);
#83=FACE_BOUND('',#394,.T.);
#84=FACE_BOUND('',#395,.T.);
#85=FACE_BOUND('',#398,.T.);
#86=FACE_BOUND('',#403,.T.);
#87=FACE_BOUND('',#428,.T.);
#88=FACE_BOUND('',#433,.T.);
#89=FACE_BOUND('',#472,.T.);
#90=FACE_BOUND('',#474,.T.);
#91=FACE_BOUND('',#495,.T.);
#92=FACE_BOUND('',#496,.T.);
#93=FACE_BOUND('',#497,.T.);
#94=FACE_BOUND('',#500,.T.);
#95=FACE_BOUND('',#505,.T.);
#96=FACE_BOUND('',#542,.T.);
#97=FACE_BOUND('',#544,.T.);
#98=FACE_BOUND('',#560,.T.);
#99=FACE_BOUND('',#561,.T.);
#100=FACE_BOUND('',#571,.T.);
#101=CIRCLE('',#3688,2.50000049173831);
#102=CIRCLE('',#3689,2.50000049173831);
#103=CIRCLE('',#3690,1.00000197812947);
#104=CIRCLE('',#3691,1.00000197812947);
#105=CIRCLE('',#3695,2.50000049173831);
#106=CIRCLE('',#3696,1.5);
#107=CIRCLE('',#3697,4.00000005960464);
#108=CIRCLE('',#3698,4.00000005960464);
#109=CIRCLE('',#3699,1.5);
#110=CIRCLE('',#3700,2.50000049173831);
#111=CIRCLE('',#3701,1.00000197812947);
#112=CIRCLE('',#3702,1.00000197812947);
#113=CIRCLE('',#3704,2.5);
#114=CIRCLE('',#3705,2.5);
#115=CIRCLE('',#3707,12.5);
#116=CIRCLE('',#3708,12.5);
#117=CIRCLE('',#3709,12.5);
#118=CIRCLE('',#3710,12.5);
#119=CIRCLE('',#3715,15.);
#120=CIRCLE('',#3716,12.487986258316);
#121=CIRCLE('',#3717,5.75);
#122=CIRCLE('',#3720,12.5);
#123=CIRCLE('',#3721,14.7002005844894);
#124=CIRCLE('',#3724,5.);
#125=CIRCLE('',#3725,8.04558957202144);
#126=CIRCLE('',#3726,9.1);
#127=CIRCLE('',#3727,7.75);
#128=CIRCLE('',#3728,6.25);
#129=CIRCLE('',#3730,6.25);
#130=CIRCLE('',#3731,6.25);
#131=CIRCLE('',#3732,7.75);
#132=CIRCLE('',#3733,9.1);
#133=CIRCLE('',#3734,8.04558957202144);
#134=CIRCLE('',#3735,5.);
#135=CIRCLE('',#3737,5.);
#136=CIRCLE('',#3738,4.);
#137=CIRCLE('',#3739,4.);
#138=CIRCLE('',#3745,1.00000001490116);
#139=CIRCLE('',#3746,1.00000001490116);
#140=CIRCLE('',#3749,1.00000001490116);
#141=CIRCLE('',#3750,1.00000001490116);
#142=CIRCLE('',#3752,1.00000001490116);
#143=CIRCLE('',#3753,1.00000001490116);
#144=CIRCLE('',#3756,1.00000001490116);
#145=CIRCLE('',#3757,1.00000001490116);
#146=CIRCLE('',#3763,12.5);
#147=CIRCLE('',#3764,12.5);
#148=CIRCLE('',#3768,9.2);
#149=CIRCLE('',#3770,12.5);
#150=CIRCLE('',#3771,15.);
#151=CIRCLE('',#3772,14.7002005844894);
#152=CIRCLE('',#3774,12.5);
#153=CIRCLE('',#3775,12.5);
#154=CIRCLE('',#3776,12.5);
#155=CIRCLE('',#3777,12.5);
#156=CIRCLE('',#3778,12.5);
#157=CIRCLE('',#3779,12.5);
#158=CIRCLE('',#3781,6.25);
#159=CIRCLE('',#3782,6.25);
#160=CIRCLE('',#3785,2.50000049173831);
#161=CIRCLE('',#3786,1.5);
#162=CIRCLE('',#3787,1.00000197812947);
#163=CIRCLE('',#3790,8.04558957202144);
#164=CIRCLE('',#3795,9.1);
#165=CIRCLE('',#3796,9.1);
#166=CIRCLE('',#3797,9.1);
#167=CIRCLE('',#3800,9.2);
#168=CIRCLE('',#3802,9.2);
#169=CIRCLE('',#3811,12.487986258316);
#170=CIRCLE('',#3813,14.7002005844894);
#171=CIRCLE('',#3824,9.00000000000001);
#172=CIRCLE('',#3825,9.00000000000001);
#173=CIRCLE('',#3828,7.50000000000001);
#174=CIRCLE('',#3829,7.50000000000001);
#175=CIRCLE('',#3832,5.75);
#176=CIRCLE('',#3835,9.1);
#177=CIRCLE('',#3837,9.1);
#178=CIRCLE('',#3856,4.00000005960464);
#179=CIRCLE('',#3860,1.00000197812947);
#180=CIRCLE('',#3863,2.50000049173831);
#181=CIRCLE('',#3865,7.75);
#182=CIRCLE('',#3867,8.04558957202144);
#183=CIRCLE('',#3868,6.25);
#184=CIRCLE('',#3869,6.25);
#185=CIRCLE('',#3870,7.75);
#186=CIRCLE('',#3873,1.5);
#187=CIRCLE('',#3874,2.50000049173831);
#188=CIRCLE('',#3875,1.00000197812947);
#189=CIRCLE('',#3880,12.487986258316);
#190=CIRCLE('',#3881,15.);
#191=CIRCLE('',#3885,9.1);
#192=CIRCLE('',#3886,9.1);
#193=CIRCLE('',#3887,9.1);
#194=CIRCLE('',#3891,9.2);
#195=CIRCLE('',#3893,9.2);
#196=CIRCLE('',#3894,9.2);
#197=CIRCLE('',#3903,15.);
#198=CIRCLE('',#3906,12.487986258316);
#199=CIRCLE('',#3909,14.7002005844894);
#200=CIRCLE('',#3918,9.00000000000001);
#201=CIRCLE('',#3919,9.00000000000001);
#202=CIRCLE('',#3922,7.50000000000001);
#203=CIRCLE('',#3923,7.50000000000001);
#204=CIRCLE('',#3927,9.1);
#205=CIRCLE('',#3929,9.1);
#206=CIRCLE('',#3937,6.25);
#207=CIRCLE('',#3951,2.50000049173831);
#208=CIRCLE('',#3952,4.00000005960464);
#209=CIRCLE('',#3953,1.00000197812947);
#210=FACE_OUTER_BOUND('',#381,.T.);
#211=FACE_OUTER_BOUND('',#382,.T.);
#212=FACE_OUTER_BOUND('',#383,.T.);
#213=FACE_OUTER_BOUND('',#384,.T.);
#214=FACE_OUTER_BOUND('',#385,.T.);
#215=FACE_OUTER_BOUND('',#386,.T.);
#216=FACE_OUTER_BOUND('',#387,.T.);
#217=FACE_OUTER_BOUND('',#388,.T.);
#218=FACE_OUTER_BOUND('',#391,.T.);
#219=FACE_OUTER_BOUND('',#392,.T.);
#220=FACE_OUTER_BOUND('',#393,.T.);
#221=FACE_OUTER_BOUND('',#396,.T.);
#222=FACE_OUTER_BOUND('',#397,.T.);
#223=FACE_OUTER_BOUND('',#399,.T.);
#224=FACE_OUTER_BOUND('',#400,.T.);
#225=FACE_OUTER_BOUND('',#401,.T.);
#226=FACE_OUTER_BOUND('',#402,.T.);
#227=FACE_OUTER_BOUND('',#404,.T.);
#228=FACE_OUTER_BOUND('',#405,.T.);
#229=FACE_OUTER_BOUND('',#406,.T.);
#230=FACE_OUTER_BOUND('',#407,.T.);
#231=FACE_OUTER_BOUND('',#408,.T.);
#232=FACE_OUTER_BOUND('',#409,.T.);
#233=FACE_OUTER_BOUND('',#410,.T.);
#234=FACE_OUTER_BOUND('',#411,.T.);
#235=FACE_OUTER_BOUND('',#412,.T.);
#236=FACE_OUTER_BOUND('',#413,.T.);
#237=FACE_OUTER_BOUND('',#414,.T.);
#238=FACE_OUTER_BOUND('',#415,.T.);
#239=FACE_OUTER_BOUND('',#416,.T.);
#240=FACE_OUTER_BOUND('',#417,.T.);
#241=FACE_OUTER_BOUND('',#418,.T.);
#242=FACE_OUTER_BOUND('',#419,.T.);
#243=FACE_OUTER_BOUND('',#420,.T.);
#244=FACE_OUTER_BOUND('',#421,.T.);
#245=FACE_OUTER_BOUND('',#422,.T.);
#246=FACE_OUTER_BOUND('',#423,.T.);
#247=FACE_OUTER_BOUND('',#424,.T.);
#248=FACE_OUTER_BOUND('',#425,.T.);
#249=FACE_OUTER_BOUND('',#426,.T.);
#250=FACE_OUTER_BOUND('',#427,.T.);
#251=FACE_OUTER_BOUND('',#429,.T.);
#252=FACE_OUTER_BOUND('',#430,.T.);
#253=FACE_OUTER_BOUND('',#431,.T.);
#254=FACE_OUTER_BOUND('',#432,.T.);
#255=FACE_OUTER_BOUND('',#434,.T.);
#256=FACE_OUTER_BOUND('',#435,.T.);
#257=FACE_OUTER_BOUND('',#436,.T.);
#258=FACE_OUTER_BOUND('',#437,.T.);
#259=FACE_OUTER_BOUND('',#438,.T.);
#260=FACE_OUTER_BOUND('',#439,.T.);
#261=FACE_OUTER_BOUND('',#440,.T.);
#262=FACE_OUTER_BOUND('',#441,.T.);
#263=FACE_OUTER_BOUND('',#442,.T.);
#264=FACE_OUTER_BOUND('',#443,.T.);
#265=FACE_OUTER_BOUND('',#444,.T.);
#266=FACE_OUTER_BOUND('',#445,.T.);
#267=FACE_OUTER_BOUND('',#446,.T.);
#268=FACE_OUTER_BOUND('',#447,.T.);
#269=FACE_OUTER_BOUND('',#448,.T.);
#270=FACE_OUTER_BOUND('',#449,.T.);
#271=FACE_OUTER_BOUND('',#450,.T.);
#272=FACE_OUTER_BOUND('',#451,.T.);
#273=FACE_OUTER_BOUND('',#452,.T.);
#274=FACE_OUTER_BOUND('',#453,.T.);
#275=FACE_OUTER_BOUND('',#454,.T.);
#276=FACE_OUTER_BOUND('',#455,.T.);
#277=FACE_OUTER_BOUND('',#456,.T.);
#278=FACE_OUTER_BOUND('',#457,.T.);
#279=FACE_OUTER_BOUND('',#458,.T.);
#280=FACE_OUTER_BOUND('',#459,.T.);
#281=FACE_OUTER_BOUND('',#460,.T.);
#282=FACE_OUTER_BOUND('',#461,.T.);
#283=FACE_OUTER_BOUND('',#462,.T.);
#284=FACE_OUTER_BOUND('',#463,.T.);
#285=FACE_OUTER_BOUND('',#464,.T.);
#286=FACE_OUTER_BOUND('',#465,.T.);
#287=FACE_OUTER_BOUND('',#466,.T.);
#288=FACE_OUTER_BOUND('',#467,.T.);
#289=FACE_OUTER_BOUND('',#468,.T.);
#290=FACE_OUTER_BOUND('',#469,.T.);
#291=FACE_OUTER_BOUND('',#470,.T.);
#292=FACE_OUTER_BOUND('',#471,.T.);
#293=FACE_OUTER_BOUND('',#473,.T.);
#294=FACE_OUTER_BOUND('',#475,.T.);
#295=FACE_OUTER_BOUND('',#476,.T.);
#296=FACE_OUTER_BOUND('',#477,.T.);
#297=FACE_OUTER_BOUND('',#478,.T.);
#298=FACE_OUTER_BOUND('',#479,.T.);
#299=FACE_OUTER_BOUND('',#480,.T.);
#300=FACE_OUTER_BOUND('',#481,.T.);
#301=FACE_OUTER_BOUND('',#482,.T.);
#302=FACE_OUTER_BOUND('',#483,.T.);
#303=FACE_OUTER_BOUND('',#484,.T.);
#304=FACE_OUTER_BOUND('',#485,.T.);
#305=FACE_OUTER_BOUND('',#486,.T.);
#306=FACE_OUTER_BOUND('',#487,.T.);
#307=FACE_OUTER_BOUND('',#488,.T.);
#308=FACE_OUTER_BOUND('',#489,.T.);
#309=FACE_OUTER_BOUND('',#490,.T.);
#310=FACE_OUTER_BOUND('',#491,.T.);
#311=FACE_OUTER_BOUND('',#492,.T.);
#312=FACE_OUTER_BOUND('',#493,.T.);
#313=FACE_OUTER_BOUND('',#494,.T.);
#314=FACE_OUTER_BOUND('',#498,.T.);
#315=FACE_OUTER_BOUND('',#499,.T.);
#316=FACE_OUTER_BOUND('',#501,.T.);
#317=FACE_OUTER_BOUND('',#502,.T.);
#318=FACE_OUTER_BOUND('',#503,.T.);
#319=FACE_OUTER_BOUND('',#504,.T.);
#320=FACE_OUTER_BOUND('',#506,.T.);
#321=FACE_OUTER_BOUND('',#507,.T.);
#322=FACE_OUTER_BOUND('',#508,.T.);
#323=FACE_OUTER_BOUND('',#509,.T.);
#324=FACE_OUTER_BOUND('',#510,.T.);
#325=FACE_OUTER_BOUND('',#511,.T.);
#326=FACE_OUTER_BOUND('',#512,.T.);
#327=FACE_OUTER_BOUND('',#513,.T.);
#328=FACE_OUTER_BOUND('',#514,.T.);
#329=FACE_OUTER_BOUND('',#515,.T.);
#330=FACE_OUTER_BOUND('',#516,.T.);
#331=FACE_OUTER_BOUND('',#517,.T.);
#332=FACE_OUTER_BOUND('',#518,.T.);
#333=FACE_OUTER_BOUND('',#519,.T.);
#334=FACE_OUTER_BOUND('',#520,.T.);
#335=FACE_OUTER_BOUND('',#521,.T.);
#336=FACE_OUTER_BOUND('',#522,.T.);
#337=FACE_OUTER_BOUND('',#523,.T.);
#338=FACE_OUTER_BOUND('',#524,.T.);
#339=FACE_OUTER_BOUND('',#525,.T.);
#340=FACE_OUTER_BOUND('',#526,.T.);
#341=FACE_OUTER_BOUND('',#527,.T.);
#342=FACE_OUTER_BOUND('',#528,.T.);
#343=FACE_OUTER_BOUND('',#529,.T.);
#344=FACE_OUTER_BOUND('',#530,.T.);
#345=FACE_OUTER_BOUND('',#531,.T.);
#346=FACE_OUTER_BOUND('',#532,.T.);
#347=FACE_OUTER_BOUND('',#533,.T.);
#348=FACE_OUTER_BOUND('',#534,.T.);
#349=FACE_OUTER_BOUND('',#535,.T.);
#350=FACE_OUTER_BOUND('',#536,.T.);
#351=FACE_OUTER_BOUND('',#537,.T.);
#352=FACE_OUTER_BOUND('',#538,.T.);
#353=FACE_OUTER_BOUND('',#539,.T.);
#354=FACE_OUTER_BOUND('',#540,.T.);
#355=FACE_OUTER_BOUND('',#541,.T.);
#356=FACE_OUTER_BOUND('',#543,.T.);
#357=FACE_OUTER_BOUND('',#545,.T.);
#358=FACE_OUTER_BOUND('',#546,.T.);
#359=FACE_OUTER_BOUND('',#547,.T.);
#360=FACE_OUTER_BOUND('',#548,.T.);
#361=FACE_OUTER_BOUND('',#549,.T.);
#362=FACE_OUTER_BOUND('',#550,.T.);
#363=FACE_OUTER_BOUND('',#551,.T.);
#364=FACE_OUTER_BOUND('',#552,.T.);
#365=FACE_OUTER_BOUND('',#553,.T.);
#366=FACE_OUTER_BOUND('',#554,.T.);
#367=FACE_OUTER_BOUND('',#555,.T.);
#368=FACE_OUTER_BOUND('',#556,.T.);
#369=FACE_OUTER_BOUND('',#557,.T.);
#370=FACE_OUTER_BOUND('',#558,.T.);
#371=FACE_OUTER_BOUND('',#559,.T.);
#372=FACE_OUTER_BOUND('',#562,.T.);
#373=FACE_OUTER_BOUND('',#563,.T.);
#374=FACE_OUTER_BOUND('',#564,.T.);
#375=FACE_OUTER_BOUND('',#565,.T.);
#376=FACE_OUTER_BOUND('',#566,.T.);
#377=FACE_OUTER_BOUND('',#567,.T.);
#378=FACE_OUTER_BOUND('',#568,.T.);
#379=FACE_OUTER_BOUND('',#569,.T.);
#380=FACE_OUTER_BOUND('',#570,.T.);
#381=EDGE_LOOP('',(#2295,#2296,#2297,#2298));
#382=EDGE_LOOP('',(#2299,#2300,#2301,#2302));
#383=EDGE_LOOP('',(#2303,#2304,#2305,#2306,#2307,#2308));
#384=EDGE_LOOP('',(#2309,#2310,#2311,#2312));
#385=EDGE_LOOP('',(#2313,#2314,#2315,#2316));
#386=EDGE_LOOP('',(#2317,#2318,#2319,#2320));
#387=EDGE_LOOP('',(#2321,#2322,#2323,#2324));
#388=EDGE_LOOP('',(#2325,#2326,#2327,#2328,#2329,#2330,#2331,#2332,#2333,
#2334,#2335,#2336,#2337,#2338,#2339,#2340,#2341,#2342,#2343,#2344,#2345,
#2346,#2347,#2348,#2349,#2350,#2351,#2352,#2353,#2354,#2355,#2356,#2357,
#2358,#2359,#2360));
#389=EDGE_LOOP('',(#2361));
#390=EDGE_LOOP('',(#2362));
#391=EDGE_LOOP('',(#2363,#2364,#2365,#2366));
#392=EDGE_LOOP('',(#2367,#2368,#2369,#2370));
#393=EDGE_LOOP('',(#2371,#2372,#2373,#2374,#2375,#2376,#2377,#2378,#2379,
#2380,#2381,#2382,#2383,#2384,#2385,#2386,#2387,#2388,#2389,#2390,#2391,
#2392,#2393,#2394,#2395,#2396,#2397,#2398,#2399,#2400,#2401,#2402,#2403,
#2404,#2405,#2406,#2407,#2408,#2409,#2410,#2411,#2412,#2413,#2414));
#394=EDGE_LOOP('',(#2415));
#395=EDGE_LOOP('',(#2416));
#396=EDGE_LOOP('',(#2417,#2418,#2419,#2420));
#397=EDGE_LOOP('',(#2421,#2422,#2423,#2424,#2425,#2426,#2427,#2428,#2429,
#2430,#2431,#2432,#2433,#2434));
#398=EDGE_LOOP('',(#2435));
#399=EDGE_LOOP('',(#2436,#2437,#2438,#2439));
#400=EDGE_LOOP('',(#2440,#2441,#2442,#2443));
#401=EDGE_LOOP('',(#2444,#2445,#2446,#2447));
#402=EDGE_LOOP('',(#2448,#2449,#2450,#2451,#2452,#2453,#2454,#2455,#2456,
#2457,#2458,#2459,#2460));
#403=EDGE_LOOP('',(#2461));
#404=EDGE_LOOP('',(#2462,#2463,#2464,#2465,#2466,#2467,#2468,#2469));
#405=EDGE_LOOP('',(#2470,#2471,#2472,#2473,#2474,#2475,#2476,#2477,#2478));
#406=EDGE_LOOP('',(#2479,#2480,#2481,#2482,#2483,#2484,#2485,#2486));
#407=EDGE_LOOP('',(#2487,#2488,#2489,#2490,#2491,#2492,#2493,#2494,#2495,
#2496,#2497,#2498,#2499,#2500,#2501,#2502,#2503));
#408=EDGE_LOOP('',(#2504,#2505,#2506,#2507,#2508,#2509,#2510,#2511,#2512,
#2513,#2514,#2515,#2516,#2517,#2518,#2519,#2520,#2521));
#409=EDGE_LOOP('',(#2522,#2523,#2524,#2525,#2526,#2527));
#410=EDGE_LOOP('',(#2528,#2529,#2530,#2531,#2532,#2533));
#411=EDGE_LOOP('',(#2534,#2535,#2536));
#412=EDGE_LOOP('',(#2537,#2538,#2539,#2540));
#413=EDGE_LOOP('',(#2541,#2542,#2543,#2544));
#414=EDGE_LOOP('',(#2545,#2546,#2547,#2548));
#415=EDGE_LOOP('',(#2549,#2550,#2551,#2552));
#416=EDGE_LOOP('',(#2553,#2554,#2555,#2556));
#417=EDGE_LOOP('',(#2557,#2558,#2559,#2560));
#418=EDGE_LOOP('',(#2561,#2562,#2563,#2564));
#419=EDGE_LOOP('',(#2565,#2566,#2567,#2568));
#420=EDGE_LOOP('',(#2569,#2570,#2571,#2572));
#421=EDGE_LOOP('',(#2573,#2574,#2575,#2576,#2577,#2578));
#422=EDGE_LOOP('',(#2579,#2580,#2581,#2582));
#423=EDGE_LOOP('',(#2583,#2584,#2585,#2586));
#424=EDGE_LOOP('',(#2587,#2588,#2589,#2590,#2591,#2592,#2593,#2594,#2595,
#2596,#2597,#2598,#2599,#2600,#2601,#2602,#2603));
#425=EDGE_LOOP('',(#2604,#2605,#2606,#2607,#2608,#2609));
#426=EDGE_LOOP('',(#2610,#2611,#2612,#2613,#2614,#2615,#2616,#2617,#2618));
#427=EDGE_LOOP('',(#2619,#2620,#2621,#2622,#2623,#2624,#2625,#2626,#2627,
#2628,#2629,#2630));
#428=EDGE_LOOP('',(#2631,#2632,#2633,#2634));
#429=EDGE_LOOP('',(#2635,#2636,#2637,#2638,#2639,#2640,#2641,#2642,#2643,
#2644,#2645,#2646,#2647,#2648,#2649,#2650,#2651));
#430=EDGE_LOOP('',(#2652,#2653,#2654,#2655));
#431=EDGE_LOOP('',(#2656,#2657,#2658));
#432=EDGE_LOOP('',(#2659,#2660,#2661,#2662,#2663,#2664,#2665));
#433=EDGE_LOOP('',(#2666));
#434=EDGE_LOOP('',(#2667,#2668,#2669,#2670));
#435=EDGE_LOOP('',(#2671,#2672,#2673,#2674));
#436=EDGE_LOOP('',(#2675,#2676,#2677,#2678));
#437=EDGE_LOOP('',(#2679,#2680,#2681,#2682));
#438=EDGE_LOOP('',(#2683,#2684,#2685,#2686,#2687,#2688,#2689,#2690,#2691,
#2692,#2693,#2694,#2695));
#439=EDGE_LOOP('',(#2696,#2697,#2698,#2699));
#440=EDGE_LOOP('',(#2700,#2701,#2702,#2703));
#441=EDGE_LOOP('',(#2704,#2705,#2706,#2707,#2708,#2709));
#442=EDGE_LOOP('',(#2710,#2711,#2712,#2713));
#443=EDGE_LOOP('',(#2714,#2715,#2716,#2717));
#444=EDGE_LOOP('',(#2718,#2719,#2720,#2721));
#445=EDGE_LOOP('',(#2722,#2723,#2724,#2725));
#446=EDGE_LOOP('',(#2726,#2727,#2728,#2729,#2730,#2731));
#447=EDGE_LOOP('',(#2732,#2733,#2734,#2735));
#448=EDGE_LOOP('',(#2736,#2737,#2738,#2739));
#449=EDGE_LOOP('',(#2740,#2741,#2742,#2743,#2744));
#450=EDGE_LOOP('',(#2745,#2746,#2747,#2748,#2749,#2750,#2751,#2752));
#451=EDGE_LOOP('',(#2753,#2754,#2755,#2756,#2757,#2758,#2759,#2760,#2761,
#2762,#2763,#2764,#2765,#2766,#2767));
#452=EDGE_LOOP('',(#2768,#2769,#2770,#2771));
#453=EDGE_LOOP('',(#2772,#2773,#2774,#2775,#2776));
#454=EDGE_LOOP('',(#2777,#2778,#2779,#2780));
#455=EDGE_LOOP('',(#2781,#2782,#2783));
#456=EDGE_LOOP('',(#2784,#2785,#2786,#2787));
#457=EDGE_LOOP('',(#2788,#2789,#2790,#2791));
#458=EDGE_LOOP('',(#2792,#2793,#2794,#2795));
#459=EDGE_LOOP('',(#2796,#2797,#2798,#2799));
#460=EDGE_LOOP('',(#2800,#2801,#2802,#2803));
#461=EDGE_LOOP('',(#2804,#2805,#2806,#2807));
#462=EDGE_LOOP('',(#2808,#2809,#2810,#2811));
#463=EDGE_LOOP('',(#2812,#2813,#2814,#2815,#2816,#2817,#2818,#2819,#2820,
#2821,#2822,#2823,#2824,#2825));
#464=EDGE_LOOP('',(#2826,#2827,#2828,#2829));
#465=EDGE_LOOP('',(#2830,#2831,#2832,#2833));
#466=EDGE_LOOP('',(#2834,#2835,#2836));
#467=EDGE_LOOP('',(#2837,#2838,#2839,#2840,#2841));
#468=EDGE_LOOP('',(#2842,#2843,#2844));
#469=EDGE_LOOP('',(#2845,#2846,#2847,#2848));
#470=EDGE_LOOP('',(#2849,#2850,#2851,#2852));
#471=EDGE_LOOP('',(#2853,#2854,#2855,#2856,#2857,#2858,#2859,#2860,#2861,
#2862,#2863,#2864,#2865,#2866));
#472=EDGE_LOOP('',(#2867));
#473=EDGE_LOOP('',(#2868,#2869,#2870,#2871));
#474=EDGE_LOOP('',(#2872,#2873,#2874,#2875));
#475=EDGE_LOOP('',(#2876,#2877,#2878,#2879));
#476=EDGE_LOOP('',(#2880,#2881,#2882,#2883));
#477=EDGE_LOOP('',(#2884,#2885,#2886,#2887,#2888,#2889));
#478=EDGE_LOOP('',(#2890,#2891,#2892,#2893));
#479=EDGE_LOOP('',(#2894,#2895,#2896,#2897));
#480=EDGE_LOOP('',(#2898,#2899,#2900,#2901));
#481=EDGE_LOOP('',(#2902,#2903,#2904,#2905));
#482=EDGE_LOOP('',(#2906,#2907,#2908,#2909,#2910,#2911));
#483=EDGE_LOOP('',(#2912,#2913,#2914));
#484=EDGE_LOOP('',(#2915,#2916,#2917,#2918,#2919));
#485=EDGE_LOOP('',(#2920,#2921,#2922,#2923));
#486=EDGE_LOOP('',(#2924,#2925,#2926,#2927,#2928,#2929));
#487=EDGE_LOOP('',(#2930,#2931,#2932,#2933));
#488=EDGE_LOOP('',(#2934,#2935,#2936,#2937));
#489=EDGE_LOOP('',(#2938,#2939,#2940,#2941));
#490=EDGE_LOOP('',(#2942,#2943,#2944,#2945));
#491=EDGE_LOOP('',(#2946,#2947,#2948,#2949,#2950));
#492=EDGE_LOOP('',(#2951,#2952,#2953,#2954));
#493=EDGE_LOOP('',(#2955,#2956,#2957,#2958));
#494=EDGE_LOOP('',(#2959,#2960,#2961,#2962,#2963,#2964,#2965,#2966,#2967,
#2968,#2969));
#495=EDGE_LOOP('',(#2970,#2971,#2972));
#496=EDGE_LOOP('',(#2973,#2974));
#497=EDGE_LOOP('',(#2975,#2976,#2977));
#498=EDGE_LOOP('',(#2978,#2979,#2980,#2981));
#499=EDGE_LOOP('',(#2982,#2983,#2984,#2985,#2986,#2987,#2988));
#500=EDGE_LOOP('',(#2989));
#501=EDGE_LOOP('',(#2990,#2991,#2992,#2993));
#502=EDGE_LOOP('',(#2994,#2995,#2996,#2997));
#503=EDGE_LOOP('',(#2998,#2999,#3000,#3001));
#504=EDGE_LOOP('',(#3002,#3003,#3004,#3005,#3006,#3007,#3008,#3009,#3010,
#3011,#3012,#3013,#3014));
#505=EDGE_LOOP('',(#3015));
#506=EDGE_LOOP('',(#3016,#3017,#3018,#3019));
#507=EDGE_LOOP('',(#3020,#3021,#3022,#3023));
#508=EDGE_LOOP('',(#3024,#3025,#3026,#3027,#3028,#3029,#3030,#3031,#3032,
#3033,#3034,#3035,#3036));
#509=EDGE_LOOP('',(#3037,#3038,#3039,#3040));
#510=EDGE_LOOP('',(#3041,#3042,#3043,#3044));
#511=EDGE_LOOP('',(#3045,#3046,#3047,#3048,#3049,#3050));
#512=EDGE_LOOP('',(#3051,#3052,#3053,#3054,#3055,#3056,#3057,#3058,#3059));
#513=EDGE_LOOP('',(#3060,#3061,#3062,#3063));
#514=EDGE_LOOP('',(#3064,#3065,#3066,#3067));
#515=EDGE_LOOP('',(#3068,#3069,#3070,#3071));
#516=EDGE_LOOP('',(#3072,#3073,#3074,#3075));
#517=EDGE_LOOP('',(#3076,#3077,#3078,#3079));
#518=EDGE_LOOP('',(#3080,#3081,#3082,#3083,#3084,#3085));
#519=EDGE_LOOP('',(#3086,#3087,#3088,#3089));
#520=EDGE_LOOP('',(#3090,#3091,#3092,#3093));
#521=EDGE_LOOP('',(#3094,#3095,#3096,#3097,#3098));
#522=EDGE_LOOP('',(#3099,#3100,#3101,#3102,#3103,#3104,#3105,#3106,#3107,
#3108,#3109,#3110,#3111,#3112));
#523=EDGE_LOOP('',(#3113,#3114,#3115,#3116));
#524=EDGE_LOOP('',(#3117,#3118,#3119,#3120,#3121));
#525=EDGE_LOOP('',(#3122,#3123,#3124,#3125));
#526=EDGE_LOOP('',(#3126,#3127,#3128));
#527=EDGE_LOOP('',(#3129,#3130,#3131,#3132));
#528=EDGE_LOOP('',(#3133,#3134,#3135,#3136));
#529=EDGE_LOOP('',(#3137,#3138,#3139,#3140));
#530=EDGE_LOOP('',(#3141,#3142,#3143,#3144));
#531=EDGE_LOOP('',(#3145,#3146,#3147,#3148));
#532=EDGE_LOOP('',(#3149,#3150,#3151,#3152));
#533=EDGE_LOOP('',(#3153,#3154,#3155,#3156));
#534=EDGE_LOOP('',(#3157,#3158,#3159,#3160,#3161,#3162,#3163,#3164,#3165,
#3166,#3167,#3168,#3169,#3170));
#535=EDGE_LOOP('',(#3171,#3172,#3173,#3174));
#536=EDGE_LOOP('',(#3175,#3176,#3177));
#537=EDGE_LOOP('',(#3178,#3179,#3180,#3181,#3182));
#538=EDGE_LOOP('',(#3183,#3184,#3185));
#539=EDGE_LOOP('',(#3186,#3187,#3188,#3189));
#540=EDGE_LOOP('',(#3190,#3191,#3192,#3193));
#541=EDGE_LOOP('',(#3194,#3195,#3196,#3197,#3198,#3199,#3200,#3201,#3202,
#3203,#3204,#3205));
#542=EDGE_LOOP('',(#3206,#3207,#3208,#3209));
#543=EDGE_LOOP('',(#3210,#3211,#3212,#3213));
#544=EDGE_LOOP('',(#3214,#3215,#3216,#3217));
#545=EDGE_LOOP('',(#3218,#3219,#3220,#3221,#3222,#3223,#3224,#3225,#3226,
#3227,#3228,#3229));
#546=EDGE_LOOP('',(#3230,#3231,#3232));
#547=EDGE_LOOP('',(#3233,#3234,#3235,#3236,#3237,#3238,#3239,#3240,#3241,
#3242,#3243,#3244));
#548=EDGE_LOOP('',(#3245,#3246,#3247,#3248));
#549=EDGE_LOOP('',(#3249,#3250,#3251,#3252,#3253,#3254));
#550=EDGE_LOOP('',(#3255,#3256,#3257,#3258));
#551=EDGE_LOOP('',(#3259,#3260,#3261,#3262));
#552=EDGE_LOOP('',(#3263,#3264,#3265,#3266));
#553=EDGE_LOOP('',(#3267,#3268,#3269,#3270,#3271,#3272));
#554=EDGE_LOOP('',(#3273,#3274,#3275));
#555=EDGE_LOOP('',(#3276,#3277,#3278,#3279,#3280));
#556=EDGE_LOOP('',(#3281,#3282,#3283,#3284));
#557=EDGE_LOOP('',(#3285,#3286,#3287,#3288,#3289,#3290,#3291,#3292));
#558=EDGE_LOOP('',(#3293,#3294,#3295,#3296));
#559=EDGE_LOOP('',(#3297,#3298,#3299,#3300,#3301,#3302,#3303,#3304,#3305,
#3306,#3307,#3308,#3309,#3310,#3311,#3312,#3313,#3314,#3315));
#560=EDGE_LOOP('',(#3316));
#561=EDGE_LOOP('',(#3317));
#562=EDGE_LOOP('',(#3318,#3319,#3320,#3321,#3322,#3323));
#563=EDGE_LOOP('',(#3324,#3325,#3326,#3327));
#564=EDGE_LOOP('',(#3328,#3329,#3330,#3331));
#565=EDGE_LOOP('',(#3332,#3333,#3334,#3335));
#566=EDGE_LOOP('',(#3336,#3337,#3338,#3339));
#567=EDGE_LOOP('',(#3340,#3341,#3342,#3343,#3344));
#568=EDGE_LOOP('',(#3345,#3346,#3347,#3348));
#569=EDGE_LOOP('',(#3349,#3350,#3351,#3352));
#570=EDGE_LOOP('',(#3353,#3354,#3355,#3356,#3357,#3358,#3359,#3360,#3361,
#3362,#3363,#3364,#3365,#3366,#3367,#3368));
#571=EDGE_LOOP('',(#3369,#3370,#3371,#3372));
#572=LINE('',#4948,#985);
#573=LINE('',#4950,#986);
#574=LINE('',#4952,#987);
#575=LINE('',#4953,#988);
#576=LINE('',#4956,#989);
#577=LINE('',#4958,#990);
#578=LINE('',#4959,#991);
#579=LINE('',#4963,#992);
#580=LINE('',#4964,#993);
#581=LINE('',#4966,#994);
#582=LINE('',#4968,#995);
#583=LINE('',#4969,#996);
#584=LINE('',#4972,#997);
#585=LINE('',#4974,#998);
#586=LINE('',#4975,#999);
#587=LINE('',#4978,#1000);
#588=LINE('',#4980,#1001);
#589=LINE('',#4981,#1002);
#590=LINE('',#4984,#1003);
#591=LINE('',#4986,#1004);
#592=LINE('',#4987,#1005);
#593=LINE('',#4991,#1006);
#594=LINE('',#4992,#1007);
#595=LINE('',#4993,#1008);
#596=LINE('',#4996,#1009);
#597=LINE('',#4998,#1010);
#598=LINE('',#5002,#1011);
#599=LINE('',#5004,#1012);
#600=LINE('',#5006,#1013);
#601=LINE('',#5008,#1014);
#602=LINE('',#5010,#1015);
#603=LINE('',#5012,#1016);
#604=LINE('',#5014,#1017);
#605=LINE('',#5016,#1018);
#606=LINE('',#5018,#1019);
#607=LINE('',#5020,#1020);
#608=LINE('',#5022,#1021);
#609=LINE('',#5024,#1022);
#610=LINE('',#5026,#1023);
#611=LINE('',#5028,#1024);
#612=LINE('',#5030,#1025);
#613=LINE('',#5032,#1026);
#614=LINE('',#5034,#1027);
#615=LINE('',#5036,#1028);
#616=LINE('',#5038,#1029);
#617=LINE('',#5040,#1030);
#618=LINE('',#5042,#1031);
#619=LINE('',#5044,#1032);
#620=LINE('',#5046,#1033);
#621=LINE('',#5048,#1034);
#622=LINE('',#5056,#1035);
#623=LINE('',#5058,#1036);
#624=LINE('',#5059,#1037);
#625=LINE('',#5061,#1038);
#626=LINE('',#5066,#1039);
#627=LINE('',#5068,#1040);
#628=LINE('',#5070,#1041);
#629=LINE('',#5072,#1042);
#630=LINE('',#5074,#1043);
#631=LINE('',#5076,#1044);
#632=LINE('',#5078,#1045);
#633=LINE('',#5080,#1046);
#634=LINE('',#5082,#1047);
#635=LINE('',#5084,#1048);
#636=LINE('',#5086,#1049);
#637=LINE('',#5088,#1050);
#638=LINE('',#5092,#1051);
#639=LINE('',#5094,#1052);
#640=LINE('',#5100,#1053);
#641=LINE('',#5102,#1054);
#642=LINE('',#5106,#1055);
#643=LINE('',#5108,#1056);
#644=LINE('',#5110,#1057);
#645=LINE('',#5112,#1058);
#646=LINE('',#5114,#1059);
#647=LINE('',#5116,#1060);
#648=LINE('',#5118,#1061);
#649=LINE('',#5120,#1062);
#650=LINE('',#5122,#1063);
#651=LINE('',#5124,#1064);
#652=LINE('',#5126,#1065);
#653=LINE('',#5128,#1066);
#654=LINE('',#5138,#1067);
#655=LINE('',#5143,#1068);
#656=LINE('',#5146,#1069);
#657=LINE('',#5148,#1070);
#658=LINE('',#5150,#1071);
#659=LINE('',#5154,#1072);
#660=LINE('',#5156,#1073);
#661=LINE('',#5158,#1074);
#662=LINE('',#5162,#1075);
#663=LINE('',#5164,#1076);
#664=LINE('',#5169,#1077);
#665=LINE('',#5171,#1078);
#666=LINE('',#5173,#1079);
#667=LINE('',#5174,#1080);
#668=LINE('',#5178,#1081);
#669=LINE('',#5180,#1082);
#670=LINE('',#5182,#1083);
#671=LINE('',#5183,#1084);
#672=LINE('',#5187,#1085);
#673=LINE('',#5188,#1086);
#674=LINE('',#5189,#1087);
#675=LINE('',#5192,#1088);
#676=LINE('',#5194,#1089);
#677=LINE('',#5196,#1090);
#678=LINE('',#5199,#1091);
#679=LINE('',#5201,#1092);
#680=LINE('',#5203,#1093);
#681=LINE('',#5205,#1094);
#682=LINE('',#5207,#1095);
#683=LINE('',#5210,#1096);
#684=LINE('',#5215,#1097);
#685=LINE('',#5217,#1098);
#686=LINE('',#5219,#1099);
#687=LINE('',#5221,#1100);
#688=LINE('',#5223,#1101);
#689=LINE('',#5224,#1102);
#690=LINE('',#5227,#1103);
#691=LINE('',#5231,#1104);
#692=LINE('',#5233,#1105);
#693=LINE('',#5235,#1106);
#694=LINE('',#5239,#1107);
#695=LINE('',#5240,#1108);
#696=LINE('',#5243,#1109);
#697=LINE('',#5244,#1110);
#698=LINE('',#5245,#1111);
#699=LINE('',#5246,#1112);
#700=LINE('',#5250,#1113);
#701=LINE('',#5254,#1114);
#702=LINE('',#5256,#1115);
#703=LINE('',#5258,#1116);
#704=LINE('',#5262,#1117);
#705=LINE('',#5266,#1118);
#706=LINE('',#5268,#1119);
#707=LINE('',#5270,#1120);
#708=LINE('',#5271,#1121);
#709=LINE('',#5273,#1122);
#710=LINE('',#5277,#1123);
#711=LINE('',#5282,#1124);
#712=LINE('',#5288,#1125);
#713=LINE('',#5291,#1126);
#714=LINE('',#5293,#1127);
#715=LINE('',#5295,#1128);
#716=LINE('',#5297,#1129);
#717=LINE('',#5299,#1130);
#718=LINE('',#5304,#1131);
#719=LINE('',#5306,#1132);
#720=LINE('',#5308,#1133);
#721=LINE('',#5314,#1134);
#722=LINE('',#5350,#1135);
#723=LINE('',#5401,#1136);
#724=LINE('',#5402,#1137);
#725=LINE('',#5406,#1138);
#726=LINE('',#5408,#1139);
#727=LINE('',#5410,#1140);
#728=LINE('',#5411,#1141);
#729=LINE('',#5415,#1142);
#730=LINE('',#5417,#1143);
#731=LINE('',#5419,#1144);
#732=LINE('',#5420,#1145);
#733=LINE('',#5425,#1146);
#734=LINE('',#5429,#1147);
#735=LINE('',#5431,#1148);
#736=LINE('',#5432,#1149);
#737=LINE('',#5441,#1150);
#738=LINE('',#5444,#1151);
#739=LINE('',#5446,#1152);
#740=LINE('',#5447,#1153);
#741=LINE('',#5453,#1154);
#742=LINE('',#5455,#1155);
#743=LINE('',#5459,#1156);
#744=LINE('',#5460,#1157);
#745=LINE('',#5462,#1158);
#746=LINE('',#5464,#1159);
#747=LINE('',#5468,#1160);
#748=LINE('',#5470,#1161);
#749=LINE('',#5501,#1162);
#750=LINE('',#5504,#1163);
#751=LINE('',#5506,#1164);
#752=LINE('',#5508,#1165);
#753=LINE('',#5511,#1166);
#754=LINE('',#5514,#1167);
#755=LINE('',#5516,#1168);
#756=LINE('',#5517,#1169);
#757=LINE('',#5519,#1170);
#758=LINE('',#5522,#1171);
#759=LINE('',#5526,#1172);
#760=LINE('',#5528,#1173);
#761=LINE('',#5532,#1174);
#762=LINE('',#5534,#1175);
#763=LINE('',#5536,#1176);
#764=LINE('',#5539,#1177);
#765=LINE('',#5542,#1178);
#766=LINE('',#5546,#1179);
#767=LINE('',#5581,#1180);
#768=LINE('',#5586,#1181);
#769=LINE('',#5591,#1182);
#770=LINE('',#5594,#1183);
#771=LINE('',#5599,#1184);
#772=LINE('',#5601,#1185);
#773=LINE('',#5605,#1186);
#774=LINE('',#5607,#1187);
#775=LINE('',#5610,#1188);
#776=LINE('',#5614,#1189);
#777=LINE('',#5615,#1190);
#778=LINE('',#5619,#1191);
#779=LINE('',#5622,#1192);
#780=LINE('',#5623,#1193);
#781=LINE('',#5625,#1194);
#782=LINE('',#5628,#1195);
#783=LINE('',#5632,#1196);
#784=LINE('',#5635,#1197);
#785=LINE('',#5639,#1198);
#786=LINE('',#5643,#1199);
#787=LINE('',#5650,#1200);
#788=LINE('',#5651,#1201);
#789=LINE('',#5654,#1202);
#790=LINE('',#5658,#1203);
#791=LINE('',#5661,#1204);
#792=LINE('',#5663,#1205);
#793=LINE('',#5665,#1206);
#794=LINE('',#5668,#1207);
#795=LINE('',#5669,#1208);
#796=LINE('',#5671,#1209);
#797=LINE('',#5672,#1210);
#798=LINE('',#5675,#1211);
#799=LINE('',#5676,#1212);
#800=LINE('',#5678,#1213);
#801=LINE('',#5682,#1214);
#802=LINE('',#5685,#1215);
#803=LINE('',#5688,#1216);
#804=LINE('',#5691,#1217);
#805=LINE('',#5694,#1218);
#806=LINE('',#5696,#1219);
#807=LINE('',#5698,#1220);
#808=LINE('',#5700,#1221);
#809=LINE('',#5701,#1222);
#810=LINE('',#5703,#1223);
#811=LINE('',#5704,#1224);
#812=LINE('',#5705,#1225);
#813=LINE('',#5706,#1226);
#814=LINE('',#5708,#1227);
#815=LINE('',#5710,#1228);
#816=LINE('',#5712,#1229);
#817=LINE('',#5713,#1230);
#818=LINE('',#5715,#1231);
#819=LINE('',#5720,#1232);
#820=LINE('',#5721,#1233);
#821=LINE('',#5723,#1234);
#822=LINE('',#5729,#1235);
#823=LINE('',#5733,#1236);
#824=LINE('',#5735,#1237);
#825=LINE('',#5736,#1238);
#826=LINE('',#5741,#1239);
#827=LINE('',#5744,#1240);
#828=LINE('',#5750,#1241);
#829=LINE('',#5753,#1242);
#830=LINE('',#5757,#1243);
#831=LINE('',#5758,#1244);
#832=LINE('',#5760,#1245);
#833=LINE('',#5762,#1246);
#834=LINE('',#5764,#1247);
#835=LINE('',#5767,#1248);
#836=LINE('',#5768,#1249);
#837=LINE('',#5769,#1250);
#838=LINE('',#5772,#1251);
#839=LINE('',#5774,#1252);
#840=LINE('',#5778,#1253);
#841=LINE('',#5779,#1254);
#842=LINE('',#5781,#1255);
#843=LINE('',#5782,#1256);
#844=LINE('',#5784,#1257);
#845=LINE('',#5786,#1258);
#846=LINE('',#5793,#1259);
#847=LINE('',#5795,#1260);
#848=LINE('',#5796,#1261);
#849=LINE('',#5800,#1262);
#850=LINE('',#5802,#1263);
#851=LINE('',#5803,#1264);
#852=LINE('',#5804,#1265);
#853=LINE('',#5808,#1266);
#854=LINE('',#5810,#1267);
#855=LINE('',#5812,#1268);
#856=LINE('',#5813,#1269);
#857=LINE('',#5816,#1270);
#858=LINE('',#5818,#1271);
#859=LINE('',#5819,#1272);
#860=LINE('',#5822,#1273);
#861=LINE('',#5824,#1274);
#862=LINE('',#5827,#1275);
#863=LINE('',#5830,#1276);
#864=LINE('',#5831,#1277);
#865=LINE('',#5835,#1278);
#866=LINE('',#5837,#1279);
#867=LINE('',#5839,#1280);
#868=LINE('',#5840,#1281);
#869=LINE('',#5845,#1282);
#870=LINE('',#5848,#1283);
#871=LINE('',#5849,#1284);
#872=LINE('',#5851,#1285);
#873=LINE('',#5854,#1286);
#874=LINE('',#5855,#1287);
#875=LINE('',#5862,#1288);
#876=LINE('',#5864,#1289);
#877=LINE('',#5870,#1290);
#878=LINE('',#5872,#1291);
#879=LINE('',#5876,#1292);
#880=LINE('',#5878,#1293);
#881=LINE('',#5881,#1294);
#882=LINE('',#5885,#1295);
#883=LINE('',#5886,#1296);
#884=LINE('',#5888,#1297);
#885=LINE('',#5889,#1298);
#886=LINE('',#5893,#1299);
#887=LINE('',#5896,#1300);
#888=LINE('',#5898,#1301);
#889=LINE('',#5902,#1302);
#890=LINE('',#5903,#1303);
#891=LINE('',#5929,#1304);
#892=LINE('',#5937,#1305);
#893=LINE('',#5941,#1306);
#894=LINE('',#5946,#1307);
#895=LINE('',#5949,#1308);
#896=LINE('',#5953,#1309);
#897=LINE('',#5954,#1310);
#898=LINE('',#5955,#1311);
#899=LINE('',#5958,#1312);
#900=LINE('',#5964,#1313);
#901=LINE('',#5967,#1314);
#902=LINE('',#5969,#1315);
#903=LINE('',#5971,#1316);
#904=LINE('',#5973,#1317);
#905=LINE('',#5974,#1318);
#906=LINE('',#5976,#1319);
#907=LINE('',#5978,#1320);
#908=LINE('',#5980,#1321);
#909=LINE('',#5981,#1322);
#910=LINE('',#5985,#1323);
#911=LINE('',#5987,#1324);
#912=LINE('',#5988,#1325);
#913=LINE('',#5991,#1326);
#914=LINE('',#5992,#1327);
#915=LINE('',#5995,#1328);
#916=LINE('',#5998,#1329);
#917=LINE('',#6001,#1330);
#918=LINE('',#6004,#1331);
#919=LINE('',#6007,#1332);
#920=LINE('',#6008,#1333);
#921=LINE('',#6009,#1334);
#922=LINE('',#6011,#1335);
#923=LINE('',#6012,#1336);
#924=LINE('',#6014,#1337);
#925=LINE('',#6016,#1338);
#926=LINE('',#6018,#1339);
#927=LINE('',#6020,#1340);
#928=LINE('',#6021,#1341);
#929=LINE('',#6024,#1342);
#930=LINE('',#6027,#1343);
#931=LINE('',#6029,#1344);
#932=LINE('',#6030,#1345);
#933=LINE('',#6032,#1346);
#934=LINE('',#6035,#1347);
#935=LINE('',#6038,#1348);
#936=LINE('',#6039,#1349);
#937=LINE('',#6041,#1350);
#938=LINE('',#6048,#1351);
#939=LINE('',#6051,#1352);
#940=LINE('',#6053,#1353);
#941=LINE('',#6054,#1354);
#942=LINE('',#6064,#1355);
#943=LINE('',#6066,#1356);
#944=LINE('',#6069,#1357);
#945=LINE('',#6071,#1358);
#946=LINE('',#6074,#1359);
#947=LINE('',#6078,#1360);
#948=LINE('',#6079,#1361);
#949=LINE('',#6081,#1362);
#950=LINE('',#6082,#1363);
#951=LINE('',#6086,#1364);
#952=LINE('',#6088,#1365);
#953=LINE('',#6090,#1366);
#954=LINE('',#6092,#1367);
#955=LINE('',#6094,#1368);
#956=LINE('',#6100,#1369);
#957=LINE('',#6102,#1370);
#958=LINE('',#6103,#1371);
#959=LINE('',#6107,#1372);
#960=LINE('',#6108,#1373);
#961=LINE('',#6110,#1374);
#962=LINE('',#6111,#1375);
#963=LINE('',#6113,#1376);
#964=LINE('',#6114,#1377);
#965=LINE('',#6117,#1378);
#966=LINE('',#6119,#1379);
#967=LINE('',#6120,#1380);
#968=LINE('',#6121,#1381);
#969=LINE('',#6124,#1382);
#970=LINE('',#6126,#1383);
#971=LINE('',#6127,#1384);
#972=LINE('',#6129,#1385);
#973=LINE('',#6131,#1386);
#974=LINE('',#6135,#1387);
#975=LINE('',#6137,#1388);
#976=LINE('',#6139,#1389);
#977=LINE('',#6144,#1390);
#978=LINE('',#6145,#1391);
#979=LINE('',#6147,#1392);
#980=LINE('',#6150,#1393);
#981=LINE('',#6152,#1394);
#982=LINE('',#6154,#1395);
#983=LINE('',#6155,#1396);
#984=LINE('',#6158,#1397);
#985=VECTOR('',#3967,10.);
#986=VECTOR('',#3968,10.);
#987=VECTOR('',#3969,10.);
#988=VECTOR('',#3970,10.);
#989=VECTOR('',#3973,10.);
#990=VECTOR('',#3974,10.);
#991=VECTOR('',#3975,10.);
#992=VECTOR('',#3978,10.);
#993=VECTOR('',#3979,10.);
#994=VECTOR('',#3980,10.);
#995=VECTOR('',#3981,10.);
#996=VECTOR('',#3982,10.);
#997=VECTOR('',#3985,10.);
#998=VECTOR('',#3986,10.);
#999=VECTOR('',#3987,10.);
#1000=VECTOR('',#3990,10.);
#1001=VECTOR('',#3991,10.);
#1002=VECTOR('',#3992,10.);
#1003=VECTOR('',#3995,10.);
#1004=VECTOR('',#3996,10.);
#1005=VECTOR('',#3997,10.);
#1006=VECTOR('',#4000,10.);
#1007=VECTOR('',#4001,10.);
#1008=VECTOR('',#4002,10.);
#1009=VECTOR('',#4005,10.);
#1010=VECTOR('',#4006,10.);
#1011=VECTOR('',#4009,10.);
#1012=VECTOR('',#4010,10.);
#1013=VECTOR('',#4011,10.);
#1014=VECTOR('',#4012,10.);
#1015=VECTOR('',#4013,10.);
#1016=VECTOR('',#4014,10.);
#1017=VECTOR('',#4015,10.);
#1018=VECTOR('',#4016,10.);
#1019=VECTOR('',#4017,10.);
#1020=VECTOR('',#4018,10.);
#1021=VECTOR('',#4019,10.);
#1022=VECTOR('',#4020,10.);
#1023=VECTOR('',#4021,10.);
#1024=VECTOR('',#4022,10.);
#1025=VECTOR('',#4023,10.);
#1026=VECTOR('',#4024,10.);
#1027=VECTOR('',#4025,10.);
#1028=VECTOR('',#4026,10.);
#1029=VECTOR('',#4027,10.);
#1030=VECTOR('',#4028,10.);
#1031=VECTOR('',#4029,10.);
#1032=VECTOR('',#4030,10.);
#1033=VECTOR('',#4031,10.);
#1034=VECTOR('',#4032,10.);
#1035=VECTOR('',#4041,10.);
#1036=VECTOR('',#4042,10.);
#1037=VECTOR('',#4043,10.);
#1038=VECTOR('',#4046,10.);
#1039=VECTOR('',#4051,10.);
#1040=VECTOR('',#4052,10.);
#1041=VECTOR('',#4053,10.);
#1042=VECTOR('',#4054,10.);
#1043=VECTOR('',#4055,10.);
#1044=VECTOR('',#4056,10.);
#1045=VECTOR('',#4057,10.);
#1046=VECTOR('',#4058,10.);
#1047=VECTOR('',#4059,10.);
#1048=VECTOR('',#4060,10.);
#1049=VECTOR('',#4061,10.);
#1050=VECTOR('',#4062,10.);
#1051=VECTOR('',#4065,10.);
#1052=VECTOR('',#4066,10.);
#1053=VECTOR('',#4071,10.);
#1054=VECTOR('',#4072,10.);
#1055=VECTOR('',#4075,10.);
#1056=VECTOR('',#4076,10.);
#1057=VECTOR('',#4077,10.);
#1058=VECTOR('',#4078,10.);
#1059=VECTOR('',#4079,10.);
#1060=VECTOR('',#4080,10.);
#1061=VECTOR('',#4081,10.);
#1062=VECTOR('',#4082,10.);
#1063=VECTOR('',#4083,10.);
#1064=VECTOR('',#4084,10.);
#1065=VECTOR('',#4085,10.);
#1066=VECTOR('',#4086,10.);
#1067=VECTOR('',#4097,2.5);
#1068=VECTOR('',#4102,10.);
#1069=VECTOR('',#4105,10.);
#1070=VECTOR('',#4106,10.);
#1071=VECTOR('',#4107,10.);
#1072=VECTOR('',#4110,10.);
#1073=VECTOR('',#4111,10.);
#1074=VECTOR('',#4112,10.);
#1075=VECTOR('',#4115,10.);
#1076=VECTOR('',#4116,10.);
#1077=VECTOR('',#4121,10.);
#1078=VECTOR('',#4122,10.);
#1079=VECTOR('',#4123,10.);
#1080=VECTOR('',#4124,10.);
#1081=VECTOR('',#4127,10.);
#1082=VECTOR('',#4128,10.);
#1083=VECTOR('',#4129,10.);
#1084=VECTOR('',#4130,10.);
#1085=VECTOR('',#4133,10.);
#1086=VECTOR('',#4134,10.);
#1087=VECTOR('',#4135,10.);
#1088=VECTOR('',#4138,10.);
#1089=VECTOR('',#4139,10.);
#1090=VECTOR('',#4140,10.);
#1091=VECTOR('',#4143,10.);
#1092=VECTOR('',#4144,10.);
#1093=VECTOR('',#4145,10.);
#1094=VECTOR('',#4146,10.);
#1095=VECTOR('',#4147,10.);
#1096=VECTOR('',#4150,10.);
#1097=VECTOR('',#4155,10.);
#1098=VECTOR('',#4156,10.);
#1099=VECTOR('',#4157,10.);
#1100=VECTOR('',#4158,10.);
#1101=VECTOR('',#4159,10.);
#1102=VECTOR('',#4160,10.);
#1103=VECTOR('',#4163,10.);
#1104=VECTOR('',#4166,10.);
#1105=VECTOR('',#4167,10.);
#1106=VECTOR('',#4168,10.);
#1107=VECTOR('',#4171,10.);
#1108=VECTOR('',#4172,10.);
#1109=VECTOR('',#4175,10.);
#1110=VECTOR('',#4176,10.);
#1111=VECTOR('',#4177,10.);
#1112=VECTOR('',#4178,10.);
#1113=VECTOR('',#4181,10.);
#1114=VECTOR('',#4184,10.);
#1115=VECTOR('',#4185,10.);
#1116=VECTOR('',#4186,10.);
#1117=VECTOR('',#4189,10.);
#1118=VECTOR('',#4192,10.);
#1119=VECTOR('',#4193,10.);
#1120=VECTOR('',#4194,10.);
#1121=VECTOR('',#4195,10.);
#1122=VECTOR('',#4196,10.);
#1123=VECTOR('',#4199,10.);
#1124=VECTOR('',#4204,10.);
#1125=VECTOR('',#4209,10.);
#1126=VECTOR('',#4212,10.);
#1127=VECTOR('',#4213,10.);
#1128=VECTOR('',#4214,10.);
#1129=VECTOR('',#4215,10.);
#1130=VECTOR('',#4216,10.);
#1131=VECTOR('',#4221,10.);
#1132=VECTOR('',#4222,10.);
#1133=VECTOR('',#4223,10.);
#1134=VECTOR('',#4230,10.);
#1135=VECTOR('',#4231,10.);
#1136=VECTOR('',#4240,10.);
#1137=VECTOR('',#4241,10.);
#1138=VECTOR('',#4244,10.);
#1139=VECTOR('',#4245,10.);
#1140=VECTOR('',#4246,10.);
#1141=VECTOR('',#4247,10.);
#1142=VECTOR('',#4250,10.);
#1143=VECTOR('',#4251,10.);
#1144=VECTOR('',#4252,10.);
#1145=VECTOR('',#4253,10.);
#1146=VECTOR('',#4258,10.);
#1147=VECTOR('',#4263,10.);
#1148=VECTOR('',#4264,10.);
#1149=VECTOR('',#4265,10.);
#1150=VECTOR('',#4278,10.);
#1151=VECTOR('',#4281,10.);
#1152=VECTOR('',#4282,10.);
#1153=VECTOR('',#4283,10.);
#1154=VECTOR('',#4292,10.);
#1155=VECTOR('',#4293,10.);
#1156=VECTOR('',#4296,10.);
#1157=VECTOR('',#4297,10.);
#1158=VECTOR('',#4300,10.);
#1159=VECTOR('',#4303,10.);
#1160=VECTOR('',#4308,10.);
#1161=VECTOR('',#4309,10.);
#1162=VECTOR('',#4312,10.);
#1163=VECTOR('',#4315,10.);
#1164=VECTOR('',#4316,10.);
#1165=VECTOR('',#4317,10.);
#1166=VECTOR('',#4320,10.);
#1167=VECTOR('',#4323,10.);
#1168=VECTOR('',#4324,10.);
#1169=VECTOR('',#4325,10.);
#1170=VECTOR('',#4326,10.);
#1171=VECTOR('',#4329,10.);
#1172=VECTOR('',#4334,10.);
#1173=VECTOR('',#4335,10.);
#1174=VECTOR('',#4338,10.);
#1175=VECTOR('',#4339,10.);
#1176=VECTOR('',#4340,10.);
#1177=VECTOR('',#4343,10.);
#1178=VECTOR('',#4346,10.);
#1179=VECTOR('',#4349,10.);
#1180=VECTOR('',#4354,10.);
#1181=VECTOR('',#4361,10.);
#1182=VECTOR('',#4366,10.);
#1183=VECTOR('',#4369,10.);
#1184=VECTOR('',#4374,10.);
#1185=VECTOR('',#4375,10.);
#1186=VECTOR('',#4378,10.);
#1187=VECTOR('',#4379,10.);
#1188=VECTOR('',#4382,10.);
#1189=VECTOR('',#4387,10.);
#1190=VECTOR('',#4388,10.);
#1191=VECTOR('',#4393,10.);
#1192=VECTOR('',#4396,10.);
#1193=VECTOR('',#4397,10.);
#1194=VECTOR('',#4400,10.);
#1195=VECTOR('',#4403,10.);
#1196=VECTOR('',#4406,10.);
#1197=VECTOR('',#4409,10.);
#1198=VECTOR('',#4412,10.);
#1199=VECTOR('',#4415,10.);
#1200=VECTOR('',#4418,10.);
#1201=VECTOR('',#4419,10.);
#1202=VECTOR('',#4422,10.);
#1203=VECTOR('',#4427,10.);
#1204=VECTOR('',#4430,10.);
#1205=VECTOR('',#4433,10.);
#1206=VECTOR('',#4436,10.);
#1207=VECTOR('',#4439,10.);
#1208=VECTOR('',#4440,10.);
#1209=VECTOR('',#4443,10.);
#1210=VECTOR('',#4444,10.);
#1211=VECTOR('',#4447,10.);
#1212=VECTOR('',#4448,10.);
#1213=VECTOR('',#4451,10.);
#1214=VECTOR('',#4456,10.);
#1215=VECTOR('',#4459,10.);
#1216=VECTOR('',#4462,10.);
#1217=VECTOR('',#4465,10.);
#1218=VECTOR('',#4468,10.);
#1219=VECTOR('',#4469,10.);
#1220=VECTOR('',#4470,10.);
#1221=VECTOR('',#4471,10.);
#1222=VECTOR('',#4472,10.);
#1223=VECTOR('',#4473,10.);
#1224=VECTOR('',#4474,10.);
#1225=VECTOR('',#4475,10.);
#1226=VECTOR('',#4476,10.);
#1227=VECTOR('',#4479,10.);
#1228=VECTOR('',#4482,10.);
#1229=VECTOR('',#4483,10.);
#1230=VECTOR('',#4484,10.);
#1231=VECTOR('',#4487,10.);
#1232=VECTOR('',#4494,10.);
#1233=VECTOR('',#4495,10.);
#1234=VECTOR('',#4498,10.);
#1235=VECTOR('',#4505,10.);
#1236=VECTOR('',#4510,10.);
#1237=VECTOR('',#4511,10.);
#1238=VECTOR('',#4512,10.);
#1239=VECTOR('',#4521,10.);
#1240=VECTOR('',#4524,5.75);
#1241=VECTOR('',#4533,10.);
#1242=VECTOR('',#4536,10.);
#1243=VECTOR('',#4539,10.);
#1244=VECTOR('',#4540,10.);
#1245=VECTOR('',#4543,10.);
#1246=VECTOR('',#4546,10.);
#1247=VECTOR('',#4549,10.);
#1248=VECTOR('',#4552,10.);
#1249=VECTOR('',#4553,10.);
#1250=VECTOR('',#4554,10.);
#1251=VECTOR('',#4559,10.);
#1252=VECTOR('',#4562,1.00000197812947);
#1253=VECTOR('',#4565,10.);
#1254=VECTOR('',#4566,10.);
#1255=VECTOR('',#4567,10.);
#1256=VECTOR('',#4568,10.);
#1257=VECTOR('',#4571,10.);
#1258=VECTOR('',#4574,10.);
#1259=VECTOR('',#4583,10.);
#1260=VECTOR('',#4584,10.);
#1261=VECTOR('',#4585,10.);
#1262=VECTOR('',#4588,10.);
#1263=VECTOR('',#4589,10.);
#1264=VECTOR('',#4590,10.);
#1265=VECTOR('',#4591,10.);
#1266=VECTOR('',#4594,10.);
#1267=VECTOR('',#4595,10.);
#1268=VECTOR('',#4596,10.);
#1269=VECTOR('',#4597,10.);
#1270=VECTOR('',#4600,10.);
#1271=VECTOR('',#4601,10.);
#1272=VECTOR('',#4602,10.);
#1273=VECTOR('',#4605,10.);
#1274=VECTOR('',#4606,10.);
#1275=VECTOR('',#4611,10.);
#1276=VECTOR('',#4614,10.);
#1277=VECTOR('',#4615,10.);
#1278=VECTOR('',#4620,1.00000197812947);
#1279=VECTOR('',#4623,10.);
#1280=VECTOR('',#4624,10.);
#1281=VECTOR('',#4625,10.);
#1282=VECTOR('',#4632,10.);
#1283=VECTOR('',#4637,10.);
#1284=VECTOR('',#4638,10.);
#1285=VECTOR('',#4639,10.);
#1286=VECTOR('',#4642,10.);
#1287=VECTOR('',#4643,10.);
#1288=VECTOR('',#4648,10.);
#1289=VECTOR('',#4649,10.);
#1290=VECTOR('',#4656,10.);
#1291=VECTOR('',#4657,10.);
#1292=VECTOR('',#4660,10.);
#1293=VECTOR('',#4661,10.);
#1294=VECTOR('',#4664,10.);
#1295=VECTOR('',#4669,10.);
#1296=VECTOR('',#4670,10.);
#1297=VECTOR('',#4673,10.);
#1298=VECTOR('',#4674,10.);
#1299=VECTOR('',#4679,10.);
#1300=VECTOR('',#4682,10.);
#1301=VECTOR('',#4683,10.);
#1302=VECTOR('',#4686,10.);
#1303=VECTOR('',#4687,10.);
#1304=VECTOR('',#4692,10.);
#1305=VECTOR('',#4695,10.);
#1306=VECTOR('',#4698,10.);
#1307=VECTOR('',#4703,10.);
#1308=VECTOR('',#4706,10.);
#1309=VECTOR('',#4709,10.);
#1310=VECTOR('',#4710,10.);
#1311=VECTOR('',#4711,10.);
#1312=VECTOR('',#4714,10.);
#1313=VECTOR('',#4721,10.);
#1314=VECTOR('',#4724,10.);
#1315=VECTOR('',#4727,10.);
#1316=VECTOR('',#4728,10.);
#1317=VECTOR('',#4729,10.);
#1318=VECTOR('',#4730,10.);
#1319=VECTOR('',#4733,10.);
#1320=VECTOR('',#4736,10.);
#1321=VECTOR('',#4739,10.);
#1322=VECTOR('',#4740,10.);
#1323=VECTOR('',#4745,10.);
#1324=VECTOR('',#4746,10.);
#1325=VECTOR('',#4747,10.);
#1326=VECTOR('',#4750,10.);
#1327=VECTOR('',#4751,10.);
#1328=VECTOR('',#4754,10.);
#1329=VECTOR('',#4759,10.);
#1330=VECTOR('',#4762,10.);
#1331=VECTOR('',#4765,10.);
#1332=VECTOR('',#4768,10.);
#1333=VECTOR('',#4769,10.);
#1334=VECTOR('',#4770,10.);
#1335=VECTOR('',#4771,10.);
#1336=VECTOR('',#4772,10.);
#1337=VECTOR('',#4773,10.);
#1338=VECTOR('',#4774,10.);
#1339=VECTOR('',#4775,10.);
#1340=VECTOR('',#4776,10.);
#1341=VECTOR('',#4777,10.);
#1342=VECTOR('',#4780,10.);
#1343=VECTOR('',#4785,10.);
#1344=VECTOR('',#4786,10.);
#1345=VECTOR('',#4787,10.);
#1346=VECTOR('',#4790,10.);
#1347=VECTOR('',#4795,10.);
#1348=VECTOR('',#4798,10.);
#1349=VECTOR('',#4799,10.);
#1350=VECTOR('',#4802,10.);
#1351=VECTOR('',#4811,10.);
#1352=VECTOR('',#4814,10.);
#1353=VECTOR('',#4815,10.);
#1354=VECTOR('',#4816,10.);
#1355=VECTOR('',#4833,10.);
#1356=VECTOR('',#4834,10.);
#1357=VECTOR('',#4839,10.);
#1358=VECTOR('',#4842,10.);
#1359=VECTOR('',#4847,10.);
#1360=VECTOR('',#4852,10.);
#1361=VECTOR('',#4853,10.);
#1362=VECTOR('',#4854,10.);
#1363=VECTOR('',#4855,10.);
#1364=VECTOR('',#4862,6.25);
#1365=VECTOR('',#4865,1.00000197812947);
#1366=VECTOR('',#4868,10.);
#1367=VECTOR('',#4871,10.);
#1368=VECTOR('',#4874,10.);
#1369=VECTOR('',#4881,10.);
#1370=VECTOR('',#4882,10.);
#1371=VECTOR('',#4883,10.);
#1372=VECTOR('',#4886,10.);
#1373=VECTOR('',#4887,10.);
#1374=VECTOR('',#4888,10.);
#1375=VECTOR('',#4889,10.);
#1376=VECTOR('',#4892,10.);
#1377=VECTOR('',#4893,10.);
#1378=VECTOR('',#4896,10.);
#1379=VECTOR('',#4897,10.);
#1380=VECTOR('',#4898,10.);
#1381=VECTOR('',#4899,10.);
#1382=VECTOR('',#4902,10.);
#1383=VECTOR('',#4903,10.);
#1384=VECTOR('',#4904,10.);
#1385=VECTOR('',#4907,10.);
#1386=VECTOR('',#4908,10.);
#1387=VECTOR('',#4911,10.);
#1388=VECTOR('',#4912,10.);
#1389=VECTOR('',#4913,10.);
#1390=VECTOR('',#4920,10.);
#1391=VECTOR('',#4921,10.);
#1392=VECTOR('',#4924,10.);
#1393=VECTOR('',#4929,10.);
#1394=VECTOR('',#4932,1.00000197812947);
#1395=VECTOR('',#4935,10.);
#1396=VECTOR('',#4936,10.);
#1397=VECTOR('',#4941,10.);
#1398=VERTEX_POINT('',#4946);
#1399=VERTEX_POINT('',#4947);
#1400=VERTEX_POINT('',#4949);
#1401=VERTEX_POINT('',#4951);
#1402=VERTEX_POINT('',#4955);
#1403=VERTEX_POINT('',#4957);
#1404=VERTEX_POINT('',#4961);
#1405=VERTEX_POINT('',#4962);
#1406=VERTEX_POINT('',#4965);
#1407=VERTEX_POINT('',#4967);
#1408=VERTEX_POINT('',#4971);
#1409=VERTEX_POINT('',#4973);
#1410=VERTEX_POINT('',#4977);
#1411=VERTEX_POINT('',#4979);
#1412=VERTEX_POINT('',#4983);
#1413=VERTEX_POINT('',#4985);
#1414=VERTEX_POINT('',#4989);
#1415=VERTEX_POINT('',#4990);
#1416=VERTEX_POINT('',#4995);
#1417=VERTEX_POINT('',#4997);
#1418=VERTEX_POINT('',#4999);
#1419=VERTEX_POINT('',#5001);
#1420=VERTEX_POINT('',#5003);
#1421=VERTEX_POINT('',#5005);
#1422=VERTEX_POINT('',#5007);
#1423=VERTEX_POINT('',#5009);
#1424=VERTEX_POINT('',#5011);
#1425=VERTEX_POINT('',#5013);
#1426=VERTEX_POINT('',#5015);
#1427=VERTEX_POINT('',#5017);
#1428=VERTEX_POINT('',#5019);
#1429=VERTEX_POINT('',#5021);
#1430=VERTEX_POINT('',#5023);
#1431=VERTEX_POINT('',#5025);
#1432=VERTEX_POINT('',#5027);
#1433=VERTEX_POINT('',#5029);
#1434=VERTEX_POINT('',#5031);
#1435=VERTEX_POINT('',#5033);
#1436=VERTEX_POINT('',#5035);
#1437=VERTEX_POINT('',#5037);
#1438=VERTEX_POINT('',#5039);
#1439=VERTEX_POINT('',#5041);
#1440=VERTEX_POINT('',#5043);
#1441=VERTEX_POINT('',#5045);
#1442=VERTEX_POINT('',#5047);
#1443=VERTEX_POINT('',#5050);
#1444=VERTEX_POINT('',#5052);
#1445=VERTEX_POINT('',#5055);
#1446=VERTEX_POINT('',#5057);
#1447=VERTEX_POINT('',#5063);
#1448=VERTEX_POINT('',#5065);
#1449=VERTEX_POINT('',#5067);
#1450=VERTEX_POINT('',#5069);
#1451=VERTEX_POINT('',#5071);
#1452=VERTEX_POINT('',#5073);
#1453=VERTEX_POINT('',#5075);
#1454=VERTEX_POINT('',#5077);
#1455=VERTEX_POINT('',#5079);
#1456=VERTEX_POINT('',#5081);
#1457=VERTEX_POINT('',#5083);
#1458=VERTEX_POINT('',#5085);
#1459=VERTEX_POINT('',#5087);
#1460=VERTEX_POINT('',#5089);
#1461=VERTEX_POINT('',#5091);
#1462=VERTEX_POINT('',#5093);
#1463=VERTEX_POINT('',#5095);
#1464=VERTEX_POINT('',#5097);
#1465=VERTEX_POINT('',#5099);
#1466=VERTEX_POINT('',#5101);
#1467=VERTEX_POINT('',#5103);
#1468=VERTEX_POINT('',#5105);
#1469=VERTEX_POINT('',#5107);
#1470=VERTEX_POINT('',#5109);
#1471=VERTEX_POINT('',#5111);
#1472=VERTEX_POINT('',#5113);
#1473=VERTEX_POINT('',#5115);
#1474=VERTEX_POINT('',#5117);
#1475=VERTEX_POINT('',#5119);
#1476=VERTEX_POINT('',#5121);
#1477=VERTEX_POINT('',#5123);
#1478=VERTEX_POINT('',#5125);
#1479=VERTEX_POINT('',#5127);
#1480=VERTEX_POINT('',#5130);
#1481=VERTEX_POINT('',#5132);
#1482=VERTEX_POINT('',#5135);
#1483=VERTEX_POINT('',#5137);
#1484=VERTEX_POINT('',#5141);
#1485=VERTEX_POINT('',#5142);
#1486=VERTEX_POINT('',#5144);
#1487=VERTEX_POINT('',#5147);
#1488=VERTEX_POINT('',#5149);
#1489=VERTEX_POINT('',#5151);
#1490=VERTEX_POINT('',#5153);
#1491=VERTEX_POINT('',#5155);
#1492=VERTEX_POINT('',#5157);
#1493=VERTEX_POINT('',#5159);
#1494=VERTEX_POINT('',#5161);
#1495=VERTEX_POINT('',#5163);
#1496=VERTEX_POINT('',#5167);
#1497=VERTEX_POINT('',#5168);
#1498=VERTEX_POINT('',#5170);
#1499=VERTEX_POINT('',#5172);
#1500=VERTEX_POINT('',#5176);
#1501=VERTEX_POINT('',#5177);
#1502=VERTEX_POINT('',#5179);
#1503=VERTEX_POINT('',#5181);
#1504=VERTEX_POINT('',#5185);
#1505=VERTEX_POINT('',#5186);
#1506=VERTEX_POINT('',#5191);
#1507=VERTEX_POINT('',#5193);
#1508=VERTEX_POINT('',#5195);
#1509=VERTEX_POINT('',#5197);
#1510=VERTEX_POINT('',#5200);
#1511=VERTEX_POINT('',#5202);
#1512=VERTEX_POINT('',#5204);
#1513=VERTEX_POINT('',#5206);
#1514=VERTEX_POINT('',#5208);
#1515=VERTEX_POINT('',#5211);
#1516=VERTEX_POINT('',#5214);
#1517=VERTEX_POINT('',#5216);
#1518=VERTEX_POINT('',#5218);
#1519=VERTEX_POINT('',#5220);
#1520=VERTEX_POINT('',#5222);
#1521=VERTEX_POINT('',#5226);
#1522=VERTEX_POINT('',#5228);
#1523=VERTEX_POINT('',#5230);
#1524=VERTEX_POINT('',#5232);
#1525=VERTEX_POINT('',#5234);
#1526=VERTEX_POINT('',#5236);
#1527=VERTEX_POINT('',#5238);
#1528=VERTEX_POINT('',#5242);
#1529=VERTEX_POINT('',#5248);
#1530=VERTEX_POINT('',#5249);
#1531=VERTEX_POINT('',#5251);
#1532=VERTEX_POINT('',#5253);
#1533=VERTEX_POINT('',#5255);
#1534=VERTEX_POINT('',#5257);
#1535=VERTEX_POINT('',#5259);
#1536=VERTEX_POINT('',#5261);
#1537=VERTEX_POINT('',#5263);
#1538=VERTEX_POINT('',#5265);
#1539=VERTEX_POINT('',#5267);
#1540=VERTEX_POINT('',#5269);
#1541=VERTEX_POINT('',#5272);
#1542=VERTEX_POINT('',#5274);
#1543=VERTEX_POINT('',#5276);
#1544=VERTEX_POINT('',#5280);
#1545=VERTEX_POINT('',#5281);
#1546=VERTEX_POINT('',#5283);
#1547=VERTEX_POINT('',#5285);
#1548=VERTEX_POINT('',#5287);
#1549=VERTEX_POINT('',#5289);
#1550=VERTEX_POINT('',#5292);
#1551=VERTEX_POINT('',#5294);
#1552=VERTEX_POINT('',#5296);
#1553=VERTEX_POINT('',#5298);
#1554=VERTEX_POINT('',#5301);
#1555=VERTEX_POINT('',#5303);
#1556=VERTEX_POINT('',#5305);
#1557=VERTEX_POINT('',#5307);
#1558=VERTEX_POINT('',#5311);
#1559=VERTEX_POINT('',#5312);
#1560=VERTEX_POINT('',#5315);
#1561=VERTEX_POINT('',#5322);
#1562=VERTEX_POINT('',#5400);
#1563=VERTEX_POINT('',#5404);
#1564=VERTEX_POINT('',#5405);
#1565=VERTEX_POINT('',#5407);
#1566=VERTEX_POINT('',#5409);
#1567=VERTEX_POINT('',#5413);
#1568=VERTEX_POINT('',#5414);
#1569=VERTEX_POINT('',#5416);
#1570=VERTEX_POINT('',#5418);
#1571=VERTEX_POINT('',#5422);
#1572=VERTEX_POINT('',#5424);
#1573=VERTEX_POINT('',#5428);
#1574=VERTEX_POINT('',#5430);
#1575=VERTEX_POINT('',#5437);
#1576=VERTEX_POINT('',#5439);
#1577=VERTEX_POINT('',#5443);
#1578=VERTEX_POINT('',#5445);
#1579=VERTEX_POINT('',#5452);
#1580=VERTEX_POINT('',#5454);
#1581=VERTEX_POINT('',#5456);
#1582=VERTEX_POINT('',#5458);
#1583=VERTEX_POINT('',#5466);
#1584=VERTEX_POINT('',#5469);
#1585=VERTEX_POINT('',#5487);
#1586=VERTEX_POINT('',#5494);
#1587=VERTEX_POINT('',#5499);
#1588=VERTEX_POINT('',#5503);
#1589=VERTEX_POINT('',#5505);
#1590=VERTEX_POINT('',#5507);
#1591=VERTEX_POINT('',#5509);
#1592=VERTEX_POINT('',#5513);
#1593=VERTEX_POINT('',#5515);
#1594=VERTEX_POINT('',#5518);
#1595=VERTEX_POINT('',#5520);
#1596=VERTEX_POINT('',#5524);
#1597=VERTEX_POINT('',#5527);
#1598=VERTEX_POINT('',#5529);
#1599=VERTEX_POINT('',#5531);
#1600=VERTEX_POINT('',#5533);
#1601=VERTEX_POINT('',#5535);
#1602=VERTEX_POINT('',#5537);
#1603=VERTEX_POINT('',#5541);
#1604=VERTEX_POINT('',#5543);
#1605=VERTEX_POINT('',#5545);
#1606=VERTEX_POINT('',#5547);
#1607=VERTEX_POINT('',#5549);
#1608=VERTEX_POINT('',#5554);
#1609=VERTEX_POINT('',#5561);
#1610=VERTEX_POINT('',#5563);
#1611=VERTEX_POINT('',#5580);
#1612=VERTEX_POINT('',#5584);
#1613=VERTEX_POINT('',#5588);
#1614=VERTEX_POINT('',#5590);
#1615=VERTEX_POINT('',#5592);
#1616=VERTEX_POINT('',#5597);
#1617=VERTEX_POINT('',#5598);
#1618=VERTEX_POINT('',#5600);
#1619=VERTEX_POINT('',#5602);
#1620=VERTEX_POINT('',#5604);
#1621=VERTEX_POINT('',#5606);
#1622=VERTEX_POINT('',#5608);
#1623=VERTEX_POINT('',#5611);
#1624=VERTEX_POINT('',#5617);
#1625=VERTEX_POINT('',#5621);
#1626=VERTEX_POINT('',#5627);
#1627=VERTEX_POINT('',#5629);
#1628=VERTEX_POINT('',#5631);
#1629=VERTEX_POINT('',#5634);
#1630=VERTEX_POINT('',#5636);
#1631=VERTEX_POINT('',#5638);
#1632=VERTEX_POINT('',#5640);
#1633=VERTEX_POINT('',#5642);
#1634=VERTEX_POINT('',#5649);
#1635=VERTEX_POINT('',#5653);
#1636=VERTEX_POINT('',#5657);
#1637=VERTEX_POINT('',#5659);
#1638=VERTEX_POINT('',#5667);
#1639=VERTEX_POINT('',#5674);
#1640=VERTEX_POINT('',#5681);
#1641=VERTEX_POINT('',#5683);
#1642=VERTEX_POINT('',#5687);
#1643=VERTEX_POINT('',#5689);
#1644=VERTEX_POINT('',#5693);
#1645=VERTEX_POINT('',#5695);
#1646=VERTEX_POINT('',#5697);
#1647=VERTEX_POINT('',#5699);
#1648=VERTEX_POINT('',#5702);
#1649=VERTEX_POINT('',#5711);
#1650=VERTEX_POINT('',#5719);
#1651=VERTEX_POINT('',#5726);
#1652=VERTEX_POINT('',#5728);
#1653=VERTEX_POINT('',#5732);
#1654=VERTEX_POINT('',#5734);
#1655=VERTEX_POINT('',#5743);
#1656=VERTEX_POINT('',#5748);
#1657=VERTEX_POINT('',#5752);
#1658=VERTEX_POINT('',#5754);
#1659=VERTEX_POINT('',#5756);
#1660=VERTEX_POINT('',#5766);
#1661=VERTEX_POINT('',#5776);
#1662=VERTEX_POINT('',#5777);
#1663=VERTEX_POINT('',#5780);
#1664=VERTEX_POINT('',#5791);
#1665=VERTEX_POINT('',#5792);
#1666=VERTEX_POINT('',#5794);
#1667=VERTEX_POINT('',#5798);
#1668=VERTEX_POINT('',#5799);
#1669=VERTEX_POINT('',#5801);
#1670=VERTEX_POINT('',#5806);
#1671=VERTEX_POINT('',#5807);
#1672=VERTEX_POINT('',#5809);
#1673=VERTEX_POINT('',#5811);
#1674=VERTEX_POINT('',#5815);
#1675=VERTEX_POINT('',#5817);
#1676=VERTEX_POINT('',#5821);
#1677=VERTEX_POINT('',#5823);
#1678=VERTEX_POINT('',#5829);
#1679=VERTEX_POINT('',#5833);
#1680=VERTEX_POINT('',#5838);
#1681=VERTEX_POINT('',#5844);
#1682=VERTEX_POINT('',#5850);
#1683=VERTEX_POINT('',#5852);
#1684=VERTEX_POINT('',#5856);
#1685=VERTEX_POINT('',#5857);
#1686=VERTEX_POINT('',#5860);
#1687=VERTEX_POINT('',#5861);
#1688=VERTEX_POINT('',#5863);
#1689=VERTEX_POINT('',#5868);
#1690=VERTEX_POINT('',#5869);
#1691=VERTEX_POINT('',#5871);
#1692=VERTEX_POINT('',#5873);
#1693=VERTEX_POINT('',#5875);
#1694=VERTEX_POINT('',#5877);
#1695=VERTEX_POINT('',#5879);
#1696=VERTEX_POINT('',#5882);
#1697=VERTEX_POINT('',#5892);
#1698=VERTEX_POINT('',#5894);
#1699=VERTEX_POINT('',#5897);
#1700=VERTEX_POINT('',#5899);
#1701=VERTEX_POINT('',#5901);
#1702=VERTEX_POINT('',#5931);
#1703=VERTEX_POINT('',#5936);
#1704=VERTEX_POINT('',#5938);
#1705=VERTEX_POINT('',#5940);
#1706=VERTEX_POINT('',#5943);
#1707=VERTEX_POINT('',#5945);
#1708=VERTEX_POINT('',#5947);
#1709=VERTEX_POINT('',#5951);
#1710=VERTEX_POINT('',#5952);
#1711=VERTEX_POINT('',#5957);
#1712=VERTEX_POINT('',#5961);
#1713=VERTEX_POINT('',#5963);
#1714=VERTEX_POINT('',#5965);
#1715=VERTEX_POINT('',#5970);
#1716=VERTEX_POINT('',#5972);
#1717=VERTEX_POINT('',#5984);
#1718=VERTEX_POINT('',#5986);
#1719=VERTEX_POINT('',#5990);
#1720=VERTEX_POINT('',#5994);
#1721=VERTEX_POINT('',#6000);
#1722=VERTEX_POINT('',#6002);
#1723=VERTEX_POINT('',#6006);
#1724=VERTEX_POINT('',#6010);
#1725=VERTEX_POINT('',#6013);
#1726=VERTEX_POINT('',#6015);
#1727=VERTEX_POINT('',#6017);
#1728=VERTEX_POINT('',#6019);
#1729=VERTEX_POINT('',#6023);
#1730=VERTEX_POINT('',#6028);
#1731=VERTEX_POINT('',#6037);
#1732=VERTEX_POINT('',#6044);
#1733=VERTEX_POINT('',#6046);
#1734=VERTEX_POINT('',#6050);
#1735=VERTEX_POINT('',#6052);
#1736=VERTEX_POINT('',#6063);
#1737=VERTEX_POINT('',#6065);
#1738=VERTEX_POINT('',#6077);
#1739=VERTEX_POINT('',#6080);
#1740=VERTEX_POINT('',#6098);
#1741=VERTEX_POINT('',#6099);
#1742=VERTEX_POINT('',#6101);
#1743=VERTEX_POINT('',#6105);
#1744=VERTEX_POINT('',#6106);
#1745=VERTEX_POINT('',#6109);
#1746=VERTEX_POINT('',#6116);
#1747=VERTEX_POINT('',#6118);
#1748=VERTEX_POINT('',#6123);
#1749=VERTEX_POINT('',#6125);
#1750=VERTEX_POINT('',#6130);
#1751=VERTEX_POINT('',#6132);
#1752=VERTEX_POINT('',#6134);
#1753=VERTEX_POINT('',#6136);
#1754=VERTEX_POINT('',#6138);
#1755=VERTEX_POINT('',#6141);
#1756=EDGE_CURVE('',#1398,#1399,#572,.T.);
#1757=EDGE_CURVE('',#1399,#1400,#573,.T.);
#1758=EDGE_CURVE('',#1401,#1400,#574,.T.);
#1759=EDGE_CURVE('',#1398,#1401,#575,.T.);
#1760=EDGE_CURVE('',#1399,#1402,#576,.T.);
#1761=EDGE_CURVE('',#1403,#1402,#577,.T.);
#1762=EDGE_CURVE('',#1400,#1403,#578,.T.);
#1763=EDGE_CURVE('',#1404,#1405,#579,.T.);
#1764=EDGE_CURVE('',#1405,#1398,#580,.T.);
#1765=EDGE_CURVE('',#1406,#1401,#581,.T.);
#1766=EDGE_CURVE('',#1407,#1406,#582,.T.);
#1767=EDGE_CURVE('',#1404,#1407,#583,.T.);
#1768=EDGE_CURVE('',#1404,#1408,#584,.T.);
#1769=EDGE_CURVE('',#1409,#1407,#585,.T.);
#1770=EDGE_CURVE('',#1408,#1409,#586,.T.);
#1771=EDGE_CURVE('',#1408,#1410,#587,.T.);
#1772=EDGE_CURVE('',#1411,#1409,#588,.T.);
#1773=EDGE_CURVE('',#1410,#1411,#589,.T.);
#1774=EDGE_CURVE('',#1412,#1402,#590,.T.);
#1775=EDGE_CURVE('',#1413,#1412,#591,.T.);
#1776=EDGE_CURVE('',#1403,#1413,#592,.T.);
#1777=EDGE_CURVE('',#1414,#1415,#593,.T.);
#1778=EDGE_CURVE('',#1413,#1415,#594,.T.);
#1779=EDGE_CURVE('',#1414,#1412,#595,.T.);
#1780=EDGE_CURVE('',#1410,#1416,#596,.T.);
#1781=EDGE_CURVE('',#1416,#1417,#597,.T.);
#1782=EDGE_CURVE('',#1417,#1418,#101,.T.);
#1783=EDGE_CURVE('',#1418,#1419,#598,.T.);
#1784=EDGE_CURVE('',#1419,#1420,#599,.T.);
#1785=EDGE_CURVE('',#1421,#1420,#600,.T.);
#1786=EDGE_CURVE('',#1422,#1421,#601,.T.);
#1787=EDGE_CURVE('',#1422,#1423,#602,.T.);
#1788=EDGE_CURVE('',#1423,#1424,#603,.T.);
#1789=EDGE_CURVE('',#1424,#1425,#604,.T.);
#1790=EDGE_CURVE('',#1425,#1426,#605,.T.);
#1791=EDGE_CURVE('',#1426,#1427,#606,.T.);
#1792=EDGE_CURVE('',#1427,#1428,#607,.T.);
#1793=EDGE_CURVE('',#1428,#1429,#608,.T.);
#1794=EDGE_CURVE('',#1429,#1430,#609,.T.);
#1795=EDGE_CURVE('',#1431,#1430,#610,.T.);
#1796=EDGE_CURVE('',#1432,#1431,#611,.T.);
#1797=EDGE_CURVE('',#1433,#1432,#612,.T.);
#1798=EDGE_CURVE('',#1434,#1433,#613,.T.);
#1799=EDGE_CURVE('',#1435,#1434,#614,.T.);
#1800=EDGE_CURVE('',#1436,#1435,#615,.T.);
#1801=EDGE_CURVE('',#1437,#1436,#616,.T.);
#1802=EDGE_CURVE('',#1438,#1437,#617,.T.);
#1803=EDGE_CURVE('',#1439,#1438,#618,.T.);
#1804=EDGE_CURVE('',#1439,#1440,#619,.T.);
#1805=EDGE_CURVE('',#1441,#1440,#620,.T.);
#1806=EDGE_CURVE('',#1442,#1441,#621,.T.);
#1807=EDGE_CURVE('',#1414,#1442,#102,.T.);
#1808=EDGE_CURVE('',#1443,#1443,#103,.T.);
#1809=EDGE_CURVE('',#1444,#1444,#104,.T.);
#1810=EDGE_CURVE('',#1417,#1445,#622,.T.);
#1811=EDGE_CURVE('',#1416,#1446,#623,.T.);
#1812=EDGE_CURVE('',#1445,#1446,#624,.T.);
#1813=EDGE_CURVE('',#1446,#1411,#625,.T.);
#1814=EDGE_CURVE('',#1447,#1415,#105,.T.);
#1815=EDGE_CURVE('',#1448,#1447,#626,.T.);
#1816=EDGE_CURVE('',#1449,#1448,#627,.T.);
#1817=EDGE_CURVE('',#1450,#1449,#628,.T.);
#1818=EDGE_CURVE('',#1451,#1450,#629,.T.);
#1819=EDGE_CURVE('',#1452,#1451,#630,.T.);
#1820=EDGE_CURVE('',#1453,#1452,#631,.T.);
#1821=EDGE_CURVE('',#1453,#1454,#632,.T.);
#1822=EDGE_CURVE('',#1455,#1454,#633,.T.);
#1823=EDGE_CURVE('',#1456,#1455,#634,.T.);
#1824=EDGE_CURVE('',#1457,#1456,#635,.T.);
#1825=EDGE_CURVE('',#1458,#1457,#636,.T.);
#1826=EDGE_CURVE('',#1459,#1458,#637,.T.);
#1827=EDGE_CURVE('',#1459,#1460,#106,.F.);
#1828=EDGE_CURVE('',#1460,#1461,#638,.T.);
#1829=EDGE_CURVE('',#1461,#1462,#639,.T.);
#1830=EDGE_CURVE('',#1462,#1463,#107,.T.);
#1831=EDGE_CURVE('',#1464,#1463,#108,.T.);
#1832=EDGE_CURVE('',#1465,#1464,#640,.T.);
#1833=EDGE_CURVE('',#1466,#1465,#641,.T.);
#1834=EDGE_CURVE('',#1467,#1466,#109,.F.);
#1835=EDGE_CURVE('',#1467,#1468,#642,.T.);
#1836=EDGE_CURVE('',#1468,#1469,#643,.T.);
#1837=EDGE_CURVE('',#1469,#1470,#644,.T.);
#1838=EDGE_CURVE('',#1470,#1471,#645,.T.);
#1839=EDGE_CURVE('',#1471,#1472,#646,.T.);
#1840=EDGE_CURVE('',#1473,#1472,#647,.T.);
#1841=EDGE_CURVE('',#1473,#1474,#648,.T.);
#1842=EDGE_CURVE('',#1474,#1475,#649,.T.);
#1843=EDGE_CURVE('',#1475,#1476,#650,.T.);
#1844=EDGE_CURVE('',#1476,#1477,#651,.T.);
#1845=EDGE_CURVE('',#1477,#1478,#652,.T.);
#1846=EDGE_CURVE('',#1478,#1479,#653,.T.);
#1847=EDGE_CURVE('',#1479,#1445,#110,.T.);
#1848=EDGE_CURVE('',#1480,#1480,#111,.T.);
#1849=EDGE_CURVE('',#1481,#1481,#112,.T.);
#1850=EDGE_CURVE('',#1482,#1482,#113,.T.);
#1851=EDGE_CURVE('',#1482,#1483,#654,.T.);
#1852=EDGE_CURVE('',#1483,#1483,#114,.T.);
#1853=EDGE_CURVE('',#1484,#1485,#655,.T.);
#1854=EDGE_CURVE('',#1485,#1486,#115,.T.);
#1855=EDGE_CURVE('',#1424,#1486,#656,.T.);
#1856=EDGE_CURVE('',#1487,#1423,#657,.T.);
#1857=EDGE_CURVE('',#1488,#1487,#658,.T.);
#1858=EDGE_CURVE('',#1488,#1489,#116,.T.);
#1859=EDGE_CURVE('',#1489,#1490,#659,.T.);
#1860=EDGE_CURVE('',#1490,#1491,#660,.T.);
#1861=EDGE_CURVE('',#1492,#1491,#661,.T.);
#1862=EDGE_CURVE('',#1492,#1493,#117,.T.);
#1863=EDGE_CURVE('',#1493,#1494,#662,.T.);
#1864=EDGE_CURVE('',#1494,#1495,#663,.T.);
#1865=EDGE_CURVE('',#1495,#1484,#118,.T.);
#1866=EDGE_CURVE('',#1496,#1497,#664,.T.);
#1867=EDGE_CURVE('',#1498,#1496,#665,.T.);
#1868=EDGE_CURVE('',#1499,#1498,#666,.T.);
#1869=EDGE_CURVE('',#1497,#1499,#667,.T.);
#1870=EDGE_CURVE('',#1500,#1501,#668,.T.);
#1871=EDGE_CURVE('',#1502,#1500,#669,.T.);
#1872=EDGE_CURVE('',#1503,#1502,#670,.T.);
#1873=EDGE_CURVE('',#1501,#1503,#671,.T.);
#1874=EDGE_CURVE('',#1504,#1505,#672,.T.);
#1875=EDGE_CURVE('',#1503,#1504,#673,.T.);
#1876=EDGE_CURVE('',#1505,#1502,#674,.T.);
#1877=EDGE_CURVE('',#1506,#1501,#675,.T.);
#1878=EDGE_CURVE('',#1506,#1507,#676,.T.);
#1879=EDGE_CURVE('',#1508,#1507,#677,.T.);
#1880=EDGE_CURVE('',#1509,#1508,#119,.T.);
#1881=EDGE_CURVE('',#1509,#1433,#678,.T.);
#1882=EDGE_CURVE('',#1510,#1432,#679,.T.);
#1883=EDGE_CURVE('',#1511,#1510,#680,.T.);
#1884=EDGE_CURVE('',#1511,#1512,#681,.T.);
#1885=EDGE_CURVE('',#1512,#1513,#682,.T.);
#1886=EDGE_CURVE('',#1513,#1514,#120,.T.);
#1887=EDGE_CURVE('',#1514,#1500,#683,.T.);
#1888=EDGE_CURVE('',#1515,#1515,#121,.T.);
#1889=EDGE_CURVE('',#1516,#1503,#684,.T.);
#1890=EDGE_CURVE('',#1516,#1517,#685,.T.);
#1891=EDGE_CURVE('',#1517,#1518,#686,.T.);
#1892=EDGE_CURVE('',#1518,#1519,#687,.T.);
#1893=EDGE_CURVE('',#1520,#1519,#688,.T.);
#1894=EDGE_CURVE('',#1520,#1506,#689,.T.);
#1895=EDGE_CURVE('',#1521,#1498,#690,.T.);
#1896=EDGE_CURVE('',#1522,#1521,#122,.T.);
#1897=EDGE_CURVE('',#1523,#1522,#691,.T.);
#1898=EDGE_CURVE('',#1524,#1523,#692,.T.);
#1899=EDGE_CURVE('',#1525,#1524,#693,.T.);
#1900=EDGE_CURVE('',#1526,#1525,#123,.T.);
#1901=EDGE_CURVE('',#1527,#1526,#694,.T.);
#1902=EDGE_CURVE('',#1499,#1527,#695,.T.);
#1903=EDGE_CURVE('',#1528,#1496,#696,.T.);
#1904=EDGE_CURVE('',#1523,#1528,#697,.T.);
#1905=EDGE_CURVE('',#1485,#1522,#698,.T.);
#1906=EDGE_CURVE('',#1521,#1484,#699,.T.);
#1907=EDGE_CURVE('',#1529,#1530,#700,.T.);
#1908=EDGE_CURVE('',#1530,#1531,#124,.T.);
#1909=EDGE_CURVE('',#1531,#1532,#701,.T.);
#1910=EDGE_CURVE('',#1533,#1532,#702,.T.);
#1911=EDGE_CURVE('',#1534,#1533,#703,.T.);
#1912=EDGE_CURVE('',#1534,#1535,#125,.T.);
#1913=EDGE_CURVE('',#1535,#1536,#704,.T.);
#1914=EDGE_CURVE('',#1536,#1537,#126,.T.);
#1915=EDGE_CURVE('',#1537,#1538,#705,.T.);
#1916=EDGE_CURVE('',#1538,#1539,#706,.T.);
#1917=EDGE_CURVE('',#1540,#1539,#707,.T.);
#1918=EDGE_CURVE('',#1540,#1471,#708,.T.);
#1919=EDGE_CURVE('',#1470,#1541,#709,.T.);
#1920=EDGE_CURVE('',#1542,#1541,#127,.T.);
#1921=EDGE_CURVE('',#1542,#1543,#710,.T.);
#1922=EDGE_CURVE('',#1529,#1543,#128,.T.);
#1923=EDGE_CURVE('',#1544,#1545,#711,.T.);
#1924=EDGE_CURVE('',#1546,#1545,#129,.T.);
#1925=EDGE_CURVE('',#1547,#1546,#130,.T.);
#1926=EDGE_CURVE('',#1547,#1548,#712,.T.);
#1927=EDGE_CURVE('',#1549,#1548,#131,.T.);
#1928=EDGE_CURVE('',#1549,#1456,#713,.T.);
#1929=EDGE_CURVE('',#1550,#1455,#714,.T.);
#1930=EDGE_CURVE('',#1550,#1551,#715,.T.);
#1931=EDGE_CURVE('',#1552,#1551,#716,.T.);
#1932=EDGE_CURVE('',#1553,#1552,#717,.T.);
#1933=EDGE_CURVE('',#1512,#1553,#132,.T.);
#1934=EDGE_CURVE('',#1554,#1511,#133,.T.);
#1935=EDGE_CURVE('',#1554,#1555,#718,.T.);
#1936=EDGE_CURVE('',#1555,#1556,#719,.T.);
#1937=EDGE_CURVE('',#1557,#1556,#720,.T.);
#1938=EDGE_CURVE('',#1544,#1557,#134,.T.);
#1939=EDGE_CURVE('',#1558,#1559,#135,.T.);
#1940=EDGE_CURVE('',#1532,#1558,#721,.T.);
#1941=EDGE_CURVE('',#1560,#1532,#20,.T.);
#1942=EDGE_CURVE('',#1561,#1560,#21,.T.);
#1943=EDGE_CURVE('',#1556,#1561,#22,.T.);
#1944=EDGE_CURVE('',#1559,#1556,#722,.T.);
#1945=EDGE_CURVE('',#1530,#1544,#23,.T.);
#1946=EDGE_CURVE('',#1561,#1557,#136,.T.);
#1947=EDGE_CURVE('',#1560,#1531,#137,.T.);
#1948=EDGE_CURVE('',#1562,#1558,#723,.T.);
#1949=EDGE_CURVE('',#1562,#1533,#724,.T.);
#1950=EDGE_CURVE('',#1563,#1564,#725,.T.);
#1951=EDGE_CURVE('',#1565,#1563,#726,.T.);
#1952=EDGE_CURVE('',#1566,#1565,#727,.T.);
#1953=EDGE_CURVE('',#1566,#1564,#728,.T.);
#1954=EDGE_CURVE('',#1567,#1568,#729,.T.);
#1955=EDGE_CURVE('',#1569,#1567,#730,.T.);
#1956=EDGE_CURVE('',#1570,#1569,#731,.T.);
#1957=EDGE_CURVE('',#1570,#1568,#732,.T.);
#1958=EDGE_CURVE('',#1571,#1563,#138,.T.);
#1959=EDGE_CURVE('',#1572,#1571,#733,.T.);
#1960=EDGE_CURVE('',#1565,#1572,#139,.T.);
#1961=EDGE_CURVE('',#1573,#1571,#734,.T.);
#1962=EDGE_CURVE('',#1574,#1573,#735,.T.);
#1963=EDGE_CURVE('',#1572,#1574,#736,.T.);
#1964=EDGE_CURVE('',#1564,#1573,#140,.T.);
#1965=EDGE_CURVE('',#1574,#1566,#141,.T.);
#1966=EDGE_CURVE('',#1568,#1575,#142,.T.);
#1967=EDGE_CURVE('',#1576,#1570,#143,.T.);
#1968=EDGE_CURVE('',#1576,#1575,#737,.T.);
#1969=EDGE_CURVE('',#1575,#1577,#738,.T.);
#1970=EDGE_CURVE('',#1578,#1576,#739,.T.);
#1971=EDGE_CURVE('',#1578,#1577,#740,.T.);
#1972=EDGE_CURVE('',#1577,#1567,#144,.T.);
#1973=EDGE_CURVE('',#1569,#1578,#145,.T.);
#1974=EDGE_CURVE('',#1421,#1579,#741,.T.);
#1975=EDGE_CURVE('',#1579,#1580,#742,.T.);
#1976=EDGE_CURVE('',#1580,#1581,#15,.T.);
#1977=EDGE_CURVE('',#1581,#1582,#743,.T.);
#1978=EDGE_CURVE('',#1582,#1422,#744,.T.);
#1979=EDGE_CURVE('',#1487,#1582,#745,.T.);
#1980=EDGE_CURVE('',#1488,#1581,#746,.T.);
#1981=EDGE_CURVE('',#1583,#1580,#146,.T.);
#1982=EDGE_CURVE('',#1583,#1486,#747,.T.);
#1983=EDGE_CURVE('',#1495,#1584,#748,.T.);
#1984=EDGE_CURVE('',#1584,#1493,#24,.T.);
#1985=EDGE_CURVE('',#1492,#1585,#25,.T.);
#1986=EDGE_CURVE('',#1585,#1586,#26,.T.);
#1987=EDGE_CURVE('',#1586,#1587,#147,.T.);
#1988=EDGE_CURVE('',#1587,#1489,#749,.T.);
#1989=EDGE_CURVE('',#1588,#1439,#750,.T.);
#1990=EDGE_CURVE('',#1438,#1589,#751,.T.);
#1991=EDGE_CURVE('',#1589,#1590,#752,.T.);
#1992=EDGE_CURVE('',#1590,#1591,#16,.T.);
#1993=EDGE_CURVE('',#1591,#1588,#753,.T.);
#1994=EDGE_CURVE('',#1592,#1588,#754,.T.);
#1995=EDGE_CURVE('',#1593,#1592,#755,.T.);
#1996=EDGE_CURVE('',#1454,#1593,#756,.T.);
#1997=EDGE_CURVE('',#1594,#1453,#757,.T.);
#1998=EDGE_CURVE('',#1595,#1594,#148,.T.);
#1999=EDGE_CURVE('',#1595,#1440,#758,.T.);
#2000=EDGE_CURVE('',#1596,#1591,#149,.T.);
#2001=EDGE_CURVE('',#1596,#1435,#759,.T.);
#2002=EDGE_CURVE('',#1597,#1434,#760,.T.);
#2003=EDGE_CURVE('',#1598,#1597,#150,.T.);
#2004=EDGE_CURVE('',#1599,#1598,#761,.T.);
#2005=EDGE_CURVE('',#1600,#1599,#762,.T.);
#2006=EDGE_CURVE('',#1601,#1600,#763,.T.);
#2007=EDGE_CURVE('',#1602,#1601,#151,.T.);
#2008=EDGE_CURVE('',#1602,#1592,#764,.T.);
#2009=EDGE_CURVE('',#1603,#1590,#765,.T.);
#2010=EDGE_CURVE('',#1603,#1604,#152,.T.);
#2011=EDGE_CURVE('',#1605,#1604,#766,.T.);
#2012=EDGE_CURVE('',#1606,#1605,#153,.T.);
#2013=EDGE_CURVE('',#1607,#1606,#27,.T.);
#2014=EDGE_CURVE('',#1608,#1607,#28,.T.);
#2015=EDGE_CURVE('',#1608,#1609,#154,.T.);
#2016=EDGE_CURVE('',#1610,#1609,#29,.T.);
#2017=EDGE_CURVE('',#1611,#1610,#767,.T.);
#2018=EDGE_CURVE('',#1611,#1517,#155,.T.);
#2019=EDGE_CURVE('',#1519,#1516,#156,.T.);
#2020=EDGE_CURVE('',#1518,#1612,#157,.T.);
#2021=EDGE_CURVE('',#1596,#1612,#768,.T.);
#2022=EDGE_CURVE('',#1613,#1547,#158,.T.);
#2023=EDGE_CURVE('',#1614,#1613,#769,.T.);
#2024=EDGE_CURVE('',#1615,#1614,#159,.T.);
#2025=EDGE_CURVE('',#1615,#1547,#770,.T.);
#2026=EDGE_CURVE('',#1616,#1617,#771,.T.);
#2027=EDGE_CURVE('',#1618,#1616,#772,.T.);
#2028=EDGE_CURVE('',#1618,#1619,#160,.T.);
#2029=EDGE_CURVE('',#1619,#1620,#773,.T.);
#2030=EDGE_CURVE('',#1621,#1620,#774,.T.);
#2031=EDGE_CURVE('',#1621,#1622,#161,.F.);
#2032=EDGE_CURVE('',#1617,#1622,#775,.T.);
#2033=EDGE_CURVE('',#1623,#1623,#162,.T.);
#2034=EDGE_CURVE('',#1617,#1458,#776,.T.);
#2035=EDGE_CURVE('',#1622,#1459,#777,.T.);
#2036=EDGE_CURVE('',#1624,#1510,#163,.T.);
#2037=EDGE_CURVE('',#1624,#1554,#778,.T.);
#2038=EDGE_CURVE('',#1625,#1624,#779,.T.);
#2039=EDGE_CURVE('',#1625,#1555,#780,.T.);
#2040=EDGE_CURVE('',#1460,#1621,#781,.T.);
#2041=EDGE_CURVE('',#1626,#1553,#782,.T.);
#2042=EDGE_CURVE('',#1627,#1626,#17,.T.);
#2043=EDGE_CURVE('',#1627,#1628,#783,.T.);
#2044=EDGE_CURVE('',#1610,#1628,#164,.T.);
#2045=EDGE_CURVE('',#1609,#1629,#784,.T.);
#2046=EDGE_CURVE('',#1630,#1629,#165,.T.);
#2047=EDGE_CURVE('',#1631,#1630,#785,.T.);
#2048=EDGE_CURVE('',#1632,#1631,#166,.T.);
#2049=EDGE_CURVE('',#1633,#1632,#786,.T.);
#2050=EDGE_CURVE('',#1513,#1633,#30,.T.);
#2051=EDGE_CURVE('',#1634,#1594,#787,.T.);
#2052=EDGE_CURVE('',#1452,#1634,#788,.T.);
#2053=EDGE_CURVE('',#1451,#1635,#789,.T.);
#2054=EDGE_CURVE('',#1634,#1635,#167,.T.);
#2055=EDGE_CURVE('',#1635,#1636,#790,.T.);
#2056=EDGE_CURVE('',#1636,#1637,#168,.T.);
#2057=EDGE_CURVE('',#1637,#1595,#791,.T.);
#2058=EDGE_CURVE('',#1450,#1636,#792,.T.);
#2059=EDGE_CURVE('',#1449,#1637,#793,.T.);
#2060=EDGE_CURVE('',#1430,#1638,#794,.T.);
#2061=EDGE_CURVE('',#1638,#1432,#795,.T.);
#2062=EDGE_CURVE('',#1599,#1507,#796,.T.);
#2063=EDGE_CURVE('',#1508,#1598,#797,.T.);
#2064=EDGE_CURVE('',#1639,#1520,#798,.T.);
#2065=EDGE_CURVE('',#1639,#1600,#799,.T.);
#2066=EDGE_CURVE('',#1509,#1597,#800,.T.);
#2067=EDGE_CURVE('',#1640,#1633,#801,.T.);
#2068=EDGE_CURVE('',#1640,#1641,#169,.T.);
#2069=EDGE_CURVE('',#1641,#1514,#802,.T.);
#2070=EDGE_CURVE('',#1504,#1642,#803,.T.);
#2071=EDGE_CURVE('',#1642,#1643,#170,.T.);
#2072=EDGE_CURVE('',#1643,#1639,#804,.T.);
#2073=EDGE_CURVE('',#1644,#1505,#805,.T.);
#2074=EDGE_CURVE('',#1645,#1644,#806,.T.);
#2075=EDGE_CURVE('',#1646,#1645,#807,.T.);
#2076=EDGE_CURVE('',#1647,#1646,#808,.T.);
#2077=EDGE_CURVE('',#1628,#1647,#809,.T.);
#2078=EDGE_CURVE('',#1648,#1627,#810,.T.);
#2079=EDGE_CURVE('',#1551,#1648,#811,.T.);
#2080=EDGE_CURVE('',#1593,#1550,#812,.T.);
#2081=EDGE_CURVE('',#1602,#1642,#813,.T.);
#2082=EDGE_CURVE('',#1643,#1601,#814,.T.);
#2083=EDGE_CURVE('',#1630,#1641,#815,.T.);
#2084=EDGE_CURVE('',#1649,#1640,#816,.T.);
#2085=EDGE_CURVE('',#1631,#1649,#817,.T.);
#2086=EDGE_CURVE('',#1649,#1632,#818,.T.);
#2087=EDGE_CURVE('',#1648,#1650,#819,.T.);
#2088=EDGE_CURVE('',#1552,#1650,#820,.T.);
#2089=EDGE_CURVE('',#1650,#1626,#821,.T.);
#2090=EDGE_CURVE('',#1646,#1651,#171,.T.);
#2091=EDGE_CURVE('',#1652,#1651,#822,.T.);
#2092=EDGE_CURVE('',#1652,#1647,#172,.T.);
#2093=EDGE_CURVE('',#1651,#1653,#823,.T.);
#2094=EDGE_CURVE('',#1654,#1653,#824,.T.);
#2095=EDGE_CURVE('',#1654,#1652,#825,.T.);
#2096=EDGE_CURVE('',#1654,#1644,#173,.T.);
#2097=EDGE_CURVE('',#1653,#1645,#174,.T.);
#2098=EDGE_CURVE('',#1629,#1611,#826,.T.);
#2099=EDGE_CURVE('',#1515,#1655,#827,.T.);
#2100=EDGE_CURVE('',#1655,#1655,#175,.T.);
#2101=EDGE_CURVE('',#1656,#1607,#176,.T.);
#2102=EDGE_CURVE('',#1608,#1656,#828,.T.);
#2103=EDGE_CURVE('',#1657,#1656,#829,.T.);
#2104=EDGE_CURVE('',#1607,#1658,#177,.T.);
#2105=EDGE_CURVE('',#1658,#1659,#830,.T.);
#2106=EDGE_CURVE('',#1659,#1657,#831,.T.);
#2107=EDGE_CURVE('',#1606,#1658,#832,.T.);
#2108=EDGE_CURVE('',#1605,#1659,#833,.T.);
#2109=EDGE_CURVE('',#1604,#1657,#834,.T.);
#2110=EDGE_CURVE('',#1603,#1660,#835,.T.);
#2111=EDGE_CURVE('',#1660,#1437,#836,.T.);
#2112=EDGE_CURVE('',#1436,#1612,#837,.T.);
#2113=EDGE_CURVE('',#1660,#1589,#838,.T.);
#2114=EDGE_CURVE('',#1480,#1444,#839,.T.);
#2115=EDGE_CURVE('',#1661,#1662,#840,.T.);
#2116=EDGE_CURVE('',#1457,#1661,#841,.T.);
#2117=EDGE_CURVE('',#1663,#1549,#842,.T.);
#2118=EDGE_CURVE('',#1663,#1662,#843,.T.);
#2119=EDGE_CURVE('',#1447,#1442,#844,.T.);
#2120=EDGE_CURVE('',#1441,#1448,#845,.T.);
#2121=EDGE_CURVE('',#1664,#1665,#846,.T.);
#2122=EDGE_CURVE('',#1665,#1666,#847,.T.);
#2123=EDGE_CURVE('',#1664,#1666,#848,.T.);
#2124=EDGE_CURVE('',#1667,#1668,#849,.T.);
#2125=EDGE_CURVE('',#1668,#1669,#850,.T.);
#2126=EDGE_CURVE('',#1669,#1664,#851,.T.);
#2127=EDGE_CURVE('',#1666,#1667,#852,.T.);
#2128=EDGE_CURVE('',#1670,#1671,#853,.T.);
#2129=EDGE_CURVE('',#1671,#1672,#854,.T.);
#2130=EDGE_CURVE('',#1673,#1672,#855,.T.);
#2131=EDGE_CURVE('',#1673,#1670,#856,.T.);
#2132=EDGE_CURVE('',#1620,#1674,#857,.T.);
#2133=EDGE_CURVE('',#1675,#1674,#858,.T.);
#2134=EDGE_CURVE('',#1461,#1675,#859,.T.);
#2135=EDGE_CURVE('',#1676,#1463,#860,.T.);
#2136=EDGE_CURVE('',#1462,#1677,#861,.T.);
#2137=EDGE_CURVE('',#1676,#1677,#178,.T.);
#2138=EDGE_CURVE('',#1677,#1675,#862,.T.);
#2139=EDGE_CURVE('',#1674,#1678,#863,.T.);
#2140=EDGE_CURVE('',#1619,#1678,#864,.T.);
#2141=EDGE_CURVE('',#1679,#1679,#179,.T.);
#2142=EDGE_CURVE('',#1679,#1623,#865,.T.);
#2143=EDGE_CURVE('',#1665,#1616,#866,.T.);
#2144=EDGE_CURVE('',#1680,#1664,#867,.T.);
#2145=EDGE_CURVE('',#1618,#1680,#868,.T.);
#2146=EDGE_CURVE('',#1678,#1680,#180,.T.);
#2147=EDGE_CURVE('',#1548,#1681,#869,.T.);
#2148=EDGE_CURVE('',#1663,#1681,#181,.T.);
#2149=EDGE_CURVE('',#1625,#1559,#870,.T.);
#2150=EDGE_CURVE('',#1638,#1428,#871,.T.);
#2151=EDGE_CURVE('',#1682,#1428,#872,.T.);
#2152=EDGE_CURVE('',#1683,#1682,#182,.T.);
#2153=EDGE_CURVE('',#1562,#1683,#873,.T.);
#2154=EDGE_CURVE('',#1662,#1681,#874,.T.);
#2155=EDGE_CURVE('',#1684,#1685,#183,.T.);
#2156=EDGE_CURVE('',#1685,#1684,#184,.T.);
#2157=EDGE_CURVE('',#1686,#1687,#875,.T.);
#2158=EDGE_CURVE('',#1687,#1688,#876,.T.);
#2159=EDGE_CURVE('',#1688,#1686,#185,.T.);
#2160=EDGE_CURVE('',#1689,#1690,#877,.T.);
#2161=EDGE_CURVE('',#1690,#1691,#878,.T.);
#2162=EDGE_CURVE('',#1692,#1691,#186,.F.);
#2163=EDGE_CURVE('',#1692,#1693,#879,.T.);
#2164=EDGE_CURVE('',#1694,#1693,#880,.T.);
#2165=EDGE_CURVE('',#1695,#1694,#187,.T.);
#2166=EDGE_CURVE('',#1695,#1689,#881,.T.);
#2167=EDGE_CURVE('',#1696,#1696,#188,.T.);
#2168=EDGE_CURVE('',#1690,#1468,#882,.T.);
#2169=EDGE_CURVE('',#1691,#1467,#883,.T.);
#2170=EDGE_CURVE('',#1535,#1682,#884,.T.);
#2171=EDGE_CURVE('',#1683,#1534,#885,.T.);
#2172=EDGE_CURVE('',#1697,#1497,#886,.T.);
#2173=EDGE_CURVE('',#1698,#1697,#189,.T.);
#2174=EDGE_CURVE('',#1536,#1698,#887,.T.);
#2175=EDGE_CURVE('',#1699,#1427,#888,.T.);
#2176=EDGE_CURVE('',#1699,#1700,#190,.T.);
#2177=EDGE_CURVE('',#1700,#1701,#889,.T.);
#2178=EDGE_CURVE('',#1528,#1701,#890,.T.);
#2179=EDGE_CURVE('',#1545,#1529,#31,.T.);
#2180=EDGE_CURVE('',#1466,#1692,#891,.T.);
#2181=EDGE_CURVE('',#1698,#1702,#32,.T.);
#2182=EDGE_CURVE('',#1702,#1703,#892,.T.);
#2183=EDGE_CURVE('',#1703,#1704,#191,.T.);
#2184=EDGE_CURVE('',#1704,#1705,#893,.T.);
#2185=EDGE_CURVE('',#1705,#1494,#192,.T.);
#2186=EDGE_CURVE('',#1584,#1706,#193,.T.);
#2187=EDGE_CURVE('',#1707,#1706,#894,.T.);
#2188=EDGE_CURVE('',#1707,#1708,#18,.T.);
#2189=EDGE_CURVE('',#1708,#1537,#895,.T.);
#2190=EDGE_CURVE('',#1709,#1710,#896,.T.);
#2191=EDGE_CURVE('',#1474,#1709,#897,.T.);
#2192=EDGE_CURVE('',#1710,#1473,#898,.T.);
#2193=EDGE_CURVE('',#1475,#1711,#899,.T.);
#2194=EDGE_CURVE('',#1709,#1711,#194,.T.);
#2195=EDGE_CURVE('',#1712,#1710,#195,.T.);
#2196=EDGE_CURVE('',#1713,#1712,#900,.T.);
#2197=EDGE_CURVE('',#1714,#1713,#196,.T.);
#2198=EDGE_CURVE('',#1711,#1714,#901,.T.);
#2199=EDGE_CURVE('',#1712,#1420,#902,.T.);
#2200=EDGE_CURVE('',#1472,#1715,#903,.T.);
#2201=EDGE_CURVE('',#1715,#1716,#904,.T.);
#2202=EDGE_CURVE('',#1716,#1579,#905,.T.);
#2203=EDGE_CURVE('',#1476,#1714,#906,.T.);
#2204=EDGE_CURVE('',#1477,#1713,#907,.T.);
#2205=EDGE_CURVE('',#1541,#1686,#908,.T.);
#2206=EDGE_CURVE('',#1542,#1688,#909,.T.);
#2207=EDGE_CURVE('',#1717,#1701,#910,.T.);
#2208=EDGE_CURVE('',#1700,#1718,#911,.T.);
#2209=EDGE_CURVE('',#1717,#1718,#912,.T.);
#2210=EDGE_CURVE('',#1719,#1717,#913,.T.);
#2211=EDGE_CURVE('',#1524,#1719,#914,.T.);
#2212=EDGE_CURVE('',#1699,#1720,#915,.T.);
#2213=EDGE_CURVE('',#1718,#1720,#197,.T.);
#2214=EDGE_CURVE('',#1720,#1426,#916,.T.);
#2215=EDGE_CURVE('',#1721,#1697,#917,.T.);
#2216=EDGE_CURVE('',#1722,#1721,#198,.T.);
#2217=EDGE_CURVE('',#1722,#1702,#918,.T.);
#2218=EDGE_CURVE('',#1723,#1526,#919,.T.);
#2219=EDGE_CURVE('',#1723,#1716,#920,.T.);
#2220=EDGE_CURVE('',#1715,#1540,#921,.T.);
#2221=EDGE_CURVE('',#1539,#1724,#922,.T.);
#2222=EDGE_CURVE('',#1724,#1707,#923,.T.);
#2223=EDGE_CURVE('',#1706,#1725,#924,.T.);
#2224=EDGE_CURVE('',#1725,#1726,#925,.T.);
#2225=EDGE_CURVE('',#1726,#1727,#926,.T.);
#2226=EDGE_CURVE('',#1727,#1728,#927,.T.);
#2227=EDGE_CURVE('',#1728,#1527,#928,.T.);
#2228=EDGE_CURVE('',#1525,#1729,#929,.T.);
#2229=EDGE_CURVE('',#1723,#1729,#199,.T.);
#2230=EDGE_CURVE('',#1705,#1721,#930,.T.);
#2231=EDGE_CURVE('',#1704,#1730,#931,.T.);
#2232=EDGE_CURVE('',#1730,#1722,#932,.T.);
#2233=EDGE_CURVE('',#1730,#1703,#933,.T.);
#2234=EDGE_CURVE('',#1729,#1719,#934,.T.);
#2235=EDGE_CURVE('',#1538,#1731,#935,.T.);
#2236=EDGE_CURVE('',#1724,#1731,#936,.T.);
#2237=EDGE_CURVE('',#1731,#1708,#937,.T.);
#2238=EDGE_CURVE('',#1726,#1732,#200,.T.);
#2239=EDGE_CURVE('',#1733,#1725,#201,.T.);
#2240=EDGE_CURVE('',#1733,#1732,#938,.T.);
#2241=EDGE_CURVE('',#1732,#1734,#939,.T.);
#2242=EDGE_CURVE('',#1735,#1733,#940,.T.);
#2243=EDGE_CURVE('',#1735,#1734,#941,.T.);
#2244=EDGE_CURVE('',#1734,#1727,#202,.T.);
#2245=EDGE_CURVE('',#1735,#1728,#203,.T.);
#2246=EDGE_CURVE('',#1491,#1585,#204,.T.);
#2247=EDGE_CURVE('',#1736,#1490,#942,.T.);
#2248=EDGE_CURVE('',#1737,#1736,#943,.T.);
#2249=EDGE_CURVE('',#1585,#1737,#205,.T.);
#2250=EDGE_CURVE('',#1586,#1737,#944,.T.);
#2251=EDGE_CURVE('',#1587,#1736,#945,.T.);
#2252=EDGE_CURVE('',#1583,#1425,#946,.T.);
#2253=EDGE_CURVE('',#1615,#1738,#947,.T.);
#2254=EDGE_CURVE('',#1738,#1543,#948,.T.);
#2255=EDGE_CURVE('',#1739,#1687,#949,.T.);
#2256=EDGE_CURVE('',#1661,#1739,#950,.T.);
#2257=EDGE_CURVE('',#1738,#1614,#206,.T.);
#2258=EDGE_CURVE('',#1685,#1546,#951,.T.);
#2259=EDGE_CURVE('',#1481,#1443,#952,.T.);
#2260=EDGE_CURVE('',#1469,#1739,#953,.T.);
#2261=EDGE_CURVE('',#1479,#1418,#954,.T.);
#2262=EDGE_CURVE('',#1419,#1478,#955,.T.);
#2263=EDGE_CURVE('',#1740,#1741,#956,.T.);
#2264=EDGE_CURVE('',#1740,#1742,#957,.T.);
#2265=EDGE_CURVE('',#1741,#1742,#958,.T.);
#2266=EDGE_CURVE('',#1743,#1744,#959,.T.);
#2267=EDGE_CURVE('',#1742,#1743,#960,.T.);
#2268=EDGE_CURVE('',#1745,#1740,#961,.T.);
#2269=EDGE_CURVE('',#1744,#1745,#962,.T.);
#2270=EDGE_CURVE('',#1743,#1667,#963,.T.);
#2271=EDGE_CURVE('',#1668,#1744,#964,.T.);
#2272=EDGE_CURVE('',#1746,#1745,#965,.T.);
#2273=EDGE_CURVE('',#1746,#1747,#966,.T.);
#2274=EDGE_CURVE('',#1670,#1747,#967,.T.);
#2275=EDGE_CURVE('',#1673,#1669,#968,.T.);
#2276=EDGE_CURVE('',#1747,#1748,#969,.T.);
#2277=EDGE_CURVE('',#1746,#1749,#970,.T.);
#2278=EDGE_CURVE('',#1748,#1749,#971,.T.);
#2279=EDGE_CURVE('',#1672,#1749,#972,.T.);
#2280=EDGE_CURVE('',#1750,#1740,#973,.T.);
#2281=EDGE_CURVE('',#1751,#1750,#207,.T.);
#2282=EDGE_CURVE('',#1752,#1751,#974,.T.);
#2283=EDGE_CURVE('',#1753,#1752,#975,.T.);
#2284=EDGE_CURVE('',#1754,#1753,#976,.T.);
#2285=EDGE_CURVE('',#1676,#1754,#208,.T.);
#2286=EDGE_CURVE('',#1755,#1755,#209,.T.);
#2287=EDGE_CURVE('',#1465,#1753,#977,.T.);
#2288=EDGE_CURVE('',#1693,#1752,#978,.T.);
#2289=EDGE_CURVE('',#1464,#1754,#979,.T.);
#2290=EDGE_CURVE('',#1694,#1751,#980,.T.);
#2291=EDGE_CURVE('',#1755,#1696,#981,.T.);
#2292=EDGE_CURVE('',#1741,#1689,#982,.T.);
#2293=EDGE_CURVE('',#1695,#1750,#983,.T.);
#2294=EDGE_CURVE('',#1748,#1671,#984,.T.);
#2295=ORIENTED_EDGE('',*,*,#1756,.T.);
#2296=ORIENTED_EDGE('',*,*,#1757,.T.);
#2297=ORIENTED_EDGE('',*,*,#1758,.F.);
#2298=ORIENTED_EDGE('',*,*,#1759,.F.);
#2299=ORIENTED_EDGE('',*,*,#1760,.T.);
#2300=ORIENTED_EDGE('',*,*,#1761,.F.);
#2301=ORIENTED_EDGE('',*,*,#1762,.F.);
#2302=ORIENTED_EDGE('',*,*,#1757,.F.);
#2303=ORIENTED_EDGE('',*,*,#1763,.T.);
#2304=ORIENTED_EDGE('',*,*,#1764,.T.);
#2305=ORIENTED_EDGE('',*,*,#1759,.T.);
#2306=ORIENTED_EDGE('',*,*,#1765,.F.);
#2307=ORIENTED_EDGE('',*,*,#1766,.F.);
#2308=ORIENTED_EDGE('',*,*,#1767,.F.);
#2309=ORIENTED_EDGE('',*,*,#1768,.F.);
#2310=ORIENTED_EDGE('',*,*,#1767,.T.);
#2311=ORIENTED_EDGE('',*,*,#1769,.F.);
#2312=ORIENTED_EDGE('',*,*,#1770,.F.);
#2313=ORIENTED_EDGE('',*,*,#1771,.F.);
#2314=ORIENTED_EDGE('',*,*,#1770,.T.);
#2315=ORIENTED_EDGE('',*,*,#1772,.F.);
#2316=ORIENTED_EDGE('',*,*,#1773,.F.);
#2317=ORIENTED_EDGE('',*,*,#1761,.T.);
#2318=ORIENTED_EDGE('',*,*,#1774,.F.);
#2319=ORIENTED_EDGE('',*,*,#1775,.F.);
#2320=ORIENTED_EDGE('',*,*,#1776,.F.);
#2321=ORIENTED_EDGE('',*,*,#1777,.T.);
#2322=ORIENTED_EDGE('',*,*,#1778,.F.);
#2323=ORIENTED_EDGE('',*,*,#1775,.T.);
#2324=ORIENTED_EDGE('',*,*,#1779,.F.);
#2325=ORIENTED_EDGE('',*,*,#1779,.T.);
#2326=ORIENTED_EDGE('',*,*,#1774,.T.);
#2327=ORIENTED_EDGE('',*,*,#1760,.F.);
#2328=ORIENTED_EDGE('',*,*,#1756,.F.);
#2329=ORIENTED_EDGE('',*,*,#1764,.F.);
#2330=ORIENTED_EDGE('',*,*,#1763,.F.);
#2331=ORIENTED_EDGE('',*,*,#1768,.T.);
#2332=ORIENTED_EDGE('',*,*,#1771,.T.);
#2333=ORIENTED_EDGE('',*,*,#1780,.T.);
#2334=ORIENTED_EDGE('',*,*,#1781,.T.);
#2335=ORIENTED_EDGE('',*,*,#1782,.T.);
#2336=ORIENTED_EDGE('',*,*,#1783,.T.);
#2337=ORIENTED_EDGE('',*,*,#1784,.T.);
#2338=ORIENTED_EDGE('',*,*,#1785,.F.);
#2339=ORIENTED_EDGE('',*,*,#1786,.F.);
#2340=ORIENTED_EDGE('',*,*,#1787,.T.);
#2341=ORIENTED_EDGE('',*,*,#1788,.T.);
#2342=ORIENTED_EDGE('',*,*,#1789,.T.);
#2343=ORIENTED_EDGE('',*,*,#1790,.T.);
#2344=ORIENTED_EDGE('',*,*,#1791,.T.);
#2345=ORIENTED_EDGE('',*,*,#1792,.T.);
#2346=ORIENTED_EDGE('',*,*,#1793,.T.);
#2347=ORIENTED_EDGE('',*,*,#1794,.T.);
#2348=ORIENTED_EDGE('',*,*,#1795,.F.);
#2349=ORIENTED_EDGE('',*,*,#1796,.F.);
#2350=ORIENTED_EDGE('',*,*,#1797,.F.);
#2351=ORIENTED_EDGE('',*,*,#1798,.F.);
#2352=ORIENTED_EDGE('',*,*,#1799,.F.);
#2353=ORIENTED_EDGE('',*,*,#1800,.F.);
#2354=ORIENTED_EDGE('',*,*,#1801,.F.);
#2355=ORIENTED_EDGE('',*,*,#1802,.F.);
#2356=ORIENTED_EDGE('',*,*,#1803,.F.);
#2357=ORIENTED_EDGE('',*,*,#1804,.T.);
#2358=ORIENTED_EDGE('',*,*,#1805,.F.);
#2359=ORIENTED_EDGE('',*,*,#1806,.F.);
#2360=ORIENTED_EDGE('',*,*,#1807,.F.);
#2361=ORIENTED_EDGE('',*,*,#1808,.T.);
#2362=ORIENTED_EDGE('',*,*,#1809,.F.);
#2363=ORIENTED_EDGE('',*,*,#1810,.F.);
#2364=ORIENTED_EDGE('',*,*,#1781,.F.);
#2365=ORIENTED_EDGE('',*,*,#1811,.T.);
#2366=ORIENTED_EDGE('',*,*,#1812,.F.);
#2367=ORIENTED_EDGE('',*,*,#1773,.T.);
#2368=ORIENTED_EDGE('',*,*,#1813,.F.);
#2369=ORIENTED_EDGE('',*,*,#1811,.F.);
#2370=ORIENTED_EDGE('',*,*,#1780,.F.);
#2371=ORIENTED_EDGE('',*,*,#1778,.T.);
#2372=ORIENTED_EDGE('',*,*,#1814,.F.);
#2373=ORIENTED_EDGE('',*,*,#1815,.F.);
#2374=ORIENTED_EDGE('',*,*,#1816,.F.);
#2375=ORIENTED_EDGE('',*,*,#1817,.F.);
#2376=ORIENTED_EDGE('',*,*,#1818,.F.);
#2377=ORIENTED_EDGE('',*,*,#1819,.F.);
#2378=ORIENTED_EDGE('',*,*,#1820,.F.);
#2379=ORIENTED_EDGE('',*,*,#1821,.T.);
#2380=ORIENTED_EDGE('',*,*,#1822,.F.);
#2381=ORIENTED_EDGE('',*,*,#1823,.F.);
#2382=ORIENTED_EDGE('',*,*,#1824,.F.);
#2383=ORIENTED_EDGE('',*,*,#1825,.F.);
#2384=ORIENTED_EDGE('',*,*,#1826,.F.);
#2385=ORIENTED_EDGE('',*,*,#1827,.T.);
#2386=ORIENTED_EDGE('',*,*,#1828,.T.);
#2387=ORIENTED_EDGE('',*,*,#1829,.T.);
#2388=ORIENTED_EDGE('',*,*,#1830,.T.);
#2389=ORIENTED_EDGE('',*,*,#1831,.F.);
#2390=ORIENTED_EDGE('',*,*,#1832,.F.);
#2391=ORIENTED_EDGE('',*,*,#1833,.F.);
#2392=ORIENTED_EDGE('',*,*,#1834,.F.);
#2393=ORIENTED_EDGE('',*,*,#1835,.T.);
#2394=ORIENTED_EDGE('',*,*,#1836,.T.);
#2395=ORIENTED_EDGE('',*,*,#1837,.T.);
#2396=ORIENTED_EDGE('',*,*,#1838,.T.);
#2397=ORIENTED_EDGE('',*,*,#1839,.T.);
#2398=ORIENTED_EDGE('',*,*,#1840,.F.);
#2399=ORIENTED_EDGE('',*,*,#1841,.T.);
#2400=ORIENTED_EDGE('',*,*,#1842,.T.);
#2401=ORIENTED_EDGE('',*,*,#1843,.T.);
#2402=ORIENTED_EDGE('',*,*,#1844,.T.);
#2403=ORIENTED_EDGE('',*,*,#1845,.T.);
#2404=ORIENTED_EDGE('',*,*,#1846,.T.);
#2405=ORIENTED_EDGE('',*,*,#1847,.T.);
#2406=ORIENTED_EDGE('',*,*,#1812,.T.);
#2407=ORIENTED_EDGE('',*,*,#1813,.T.);
#2408=ORIENTED_EDGE('',*,*,#1772,.T.);
#2409=ORIENTED_EDGE('',*,*,#1769,.T.);
#2410=ORIENTED_EDGE('',*,*,#1766,.T.);
#2411=ORIENTED_EDGE('',*,*,#1765,.T.);
#2412=ORIENTED_EDGE('',*,*,#1758,.T.);
#2413=ORIENTED_EDGE('',*,*,#1762,.T.);
#2414=ORIENTED_EDGE('',*,*,#1776,.T.);
#2415=ORIENTED_EDGE('',*,*,#1848,.F.);
#2416=ORIENTED_EDGE('',*,*,#1849,.T.);
#2417=ORIENTED_EDGE('',*,*,#1850,.F.);
#2418=ORIENTED_EDGE('',*,*,#1851,.T.);
#2419=ORIENTED_EDGE('',*,*,#1852,.F.);
#2420=ORIENTED_EDGE('',*,*,#1851,.F.);
#2421=ORIENTED_EDGE('',*,*,#1853,.T.);
#2422=ORIENTED_EDGE('',*,*,#1854,.T.);
#2423=ORIENTED_EDGE('',*,*,#1855,.F.);
#2424=ORIENTED_EDGE('',*,*,#1788,.F.);
#2425=ORIENTED_EDGE('',*,*,#1856,.F.);
#2426=ORIENTED_EDGE('',*,*,#1857,.F.);
#2427=ORIENTED_EDGE('',*,*,#1858,.T.);
#2428=ORIENTED_EDGE('',*,*,#1859,.T.);
#2429=ORIENTED_EDGE('',*,*,#1860,.T.);
#2430=ORIENTED_EDGE('',*,*,#1861,.F.);
#2431=ORIENTED_EDGE('',*,*,#1862,.T.);
#2432=ORIENTED_EDGE('',*,*,#1863,.T.);
#2433=ORIENTED_EDGE('',*,*,#1864,.T.);
#2434=ORIENTED_EDGE('',*,*,#1865,.T.);
#2435=ORIENTED_EDGE('',*,*,#1850,.T.);
#2436=ORIENTED_EDGE('',*,*,#1866,.F.);
#2437=ORIENTED_EDGE('',*,*,#1867,.F.);
#2438=ORIENTED_EDGE('',*,*,#1868,.F.);
#2439=ORIENTED_EDGE('',*,*,#1869,.F.);
#2440=ORIENTED_EDGE('',*,*,#1870,.F.);
#2441=ORIENTED_EDGE('',*,*,#1871,.F.);
#2442=ORIENTED_EDGE('',*,*,#1872,.F.);
#2443=ORIENTED_EDGE('',*,*,#1873,.F.);
#2444=ORIENTED_EDGE('',*,*,#1874,.F.);
#2445=ORIENTED_EDGE('',*,*,#1875,.F.);
#2446=ORIENTED_EDGE('',*,*,#1872,.T.);
#2447=ORIENTED_EDGE('',*,*,#1876,.F.);
#2448=ORIENTED_EDGE('',*,*,#1877,.F.);
#2449=ORIENTED_EDGE('',*,*,#1878,.T.);
#2450=ORIENTED_EDGE('',*,*,#1879,.F.);
#2451=ORIENTED_EDGE('',*,*,#1880,.F.);
#2452=ORIENTED_EDGE('',*,*,#1881,.T.);
#2453=ORIENTED_EDGE('',*,*,#1797,.T.);
#2454=ORIENTED_EDGE('',*,*,#1882,.F.);
#2455=ORIENTED_EDGE('',*,*,#1883,.F.);
#2456=ORIENTED_EDGE('',*,*,#1884,.T.);
#2457=ORIENTED_EDGE('',*,*,#1885,.T.);
#2458=ORIENTED_EDGE('',*,*,#1886,.T.);
#2459=ORIENTED_EDGE('',*,*,#1887,.T.);
#2460=ORIENTED_EDGE('',*,*,#1870,.T.);
#2461=ORIENTED_EDGE('',*,*,#1888,.F.);
#2462=ORIENTED_EDGE('',*,*,#1873,.T.);
#2463=ORIENTED_EDGE('',*,*,#1889,.F.);
#2464=ORIENTED_EDGE('',*,*,#1890,.T.);
#2465=ORIENTED_EDGE('',*,*,#1891,.T.);
#2466=ORIENTED_EDGE('',*,*,#1892,.T.);
#2467=ORIENTED_EDGE('',*,*,#1893,.F.);
#2468=ORIENTED_EDGE('',*,*,#1894,.T.);
#2469=ORIENTED_EDGE('',*,*,#1877,.T.);
#2470=ORIENTED_EDGE('',*,*,#1895,.F.);
#2471=ORIENTED_EDGE('',*,*,#1896,.F.);
#2472=ORIENTED_EDGE('',*,*,#1897,.F.);
#2473=ORIENTED_EDGE('',*,*,#1898,.F.);
#2474=ORIENTED_EDGE('',*,*,#1899,.F.);
#2475=ORIENTED_EDGE('',*,*,#1900,.F.);
#2476=ORIENTED_EDGE('',*,*,#1901,.F.);
#2477=ORIENTED_EDGE('',*,*,#1902,.F.);
#2478=ORIENTED_EDGE('',*,*,#1868,.T.);
#2479=ORIENTED_EDGE('',*,*,#1867,.T.);
#2480=ORIENTED_EDGE('',*,*,#1903,.F.);
#2481=ORIENTED_EDGE('',*,*,#1904,.F.);
#2482=ORIENTED_EDGE('',*,*,#1897,.T.);
#2483=ORIENTED_EDGE('',*,*,#1905,.F.);
#2484=ORIENTED_EDGE('',*,*,#1853,.F.);
#2485=ORIENTED_EDGE('',*,*,#1906,.F.);
#2486=ORIENTED_EDGE('',*,*,#1895,.T.);
#2487=ORIENTED_EDGE('',*,*,#1907,.T.);
#2488=ORIENTED_EDGE('',*,*,#1908,.T.);
#2489=ORIENTED_EDGE('',*,*,#1909,.T.);
#2490=ORIENTED_EDGE('',*,*,#1910,.F.);
#2491=ORIENTED_EDGE('',*,*,#1911,.F.);
#2492=ORIENTED_EDGE('',*,*,#1912,.T.);
#2493=ORIENTED_EDGE('',*,*,#1913,.T.);
#2494=ORIENTED_EDGE('',*,*,#1914,.T.);
#2495=ORIENTED_EDGE('',*,*,#1915,.T.);
#2496=ORIENTED_EDGE('',*,*,#1916,.T.);
#2497=ORIENTED_EDGE('',*,*,#1917,.F.);
#2498=ORIENTED_EDGE('',*,*,#1918,.T.);
#2499=ORIENTED_EDGE('',*,*,#1838,.F.);
#2500=ORIENTED_EDGE('',*,*,#1919,.T.);
#2501=ORIENTED_EDGE('',*,*,#1920,.F.);
#2502=ORIENTED_EDGE('',*,*,#1921,.T.);
#2503=ORIENTED_EDGE('',*,*,#1922,.F.);
#2504=ORIENTED_EDGE('',*,*,#1923,.T.);
#2505=ORIENTED_EDGE('',*,*,#1924,.F.);
#2506=ORIENTED_EDGE('',*,*,#1925,.F.);
#2507=ORIENTED_EDGE('',*,*,#1926,.T.);
#2508=ORIENTED_EDGE('',*,*,#1927,.F.);
#2509=ORIENTED_EDGE('',*,*,#1928,.T.);
#2510=ORIENTED_EDGE('',*,*,#1823,.T.);
#2511=ORIENTED_EDGE('',*,*,#1929,.F.);
#2512=ORIENTED_EDGE('',*,*,#1930,.T.);
#2513=ORIENTED_EDGE('',*,*,#1931,.F.);
#2514=ORIENTED_EDGE('',*,*,#1932,.F.);
#2515=ORIENTED_EDGE('',*,*,#1933,.F.);
#2516=ORIENTED_EDGE('',*,*,#1884,.F.);
#2517=ORIENTED_EDGE('',*,*,#1934,.F.);
#2518=ORIENTED_EDGE('',*,*,#1935,.T.);
#2519=ORIENTED_EDGE('',*,*,#1936,.T.);
#2520=ORIENTED_EDGE('',*,*,#1937,.F.);
#2521=ORIENTED_EDGE('',*,*,#1938,.F.);
#2522=ORIENTED_EDGE('',*,*,#1939,.F.);
#2523=ORIENTED_EDGE('',*,*,#1940,.F.);
#2524=ORIENTED_EDGE('',*,*,#1941,.F.);
#2525=ORIENTED_EDGE('',*,*,#1942,.F.);
#2526=ORIENTED_EDGE('',*,*,#1943,.F.);
#2527=ORIENTED_EDGE('',*,*,#1944,.F.);
#2528=ORIENTED_EDGE('',*,*,#1945,.T.);
#2529=ORIENTED_EDGE('',*,*,#1938,.T.);
#2530=ORIENTED_EDGE('',*,*,#1946,.F.);
#2531=ORIENTED_EDGE('',*,*,#1942,.T.);
#2532=ORIENTED_EDGE('',*,*,#1947,.T.);
#2533=ORIENTED_EDGE('',*,*,#1908,.F.);
#2534=ORIENTED_EDGE('',*,*,#1941,.T.);
#2535=ORIENTED_EDGE('',*,*,#1909,.F.);
#2536=ORIENTED_EDGE('',*,*,#1947,.F.);
#2537=ORIENTED_EDGE('',*,*,#1940,.T.);
#2538=ORIENTED_EDGE('',*,*,#1948,.F.);
#2539=ORIENTED_EDGE('',*,*,#1949,.T.);
#2540=ORIENTED_EDGE('',*,*,#1910,.T.);
#2541=ORIENTED_EDGE('',*,*,#1950,.F.);
#2542=ORIENTED_EDGE('',*,*,#1951,.F.);
#2543=ORIENTED_EDGE('',*,*,#1952,.F.);
#2544=ORIENTED_EDGE('',*,*,#1953,.T.);
#2545=ORIENTED_EDGE('',*,*,#1954,.F.);
#2546=ORIENTED_EDGE('',*,*,#1955,.F.);
#2547=ORIENTED_EDGE('',*,*,#1956,.F.);
#2548=ORIENTED_EDGE('',*,*,#1957,.T.);
#2549=ORIENTED_EDGE('',*,*,#1958,.F.);
#2550=ORIENTED_EDGE('',*,*,#1959,.F.);
#2551=ORIENTED_EDGE('',*,*,#1960,.F.);
#2552=ORIENTED_EDGE('',*,*,#1951,.T.);
#2553=ORIENTED_EDGE('',*,*,#1961,.F.);
#2554=ORIENTED_EDGE('',*,*,#1962,.F.);
#2555=ORIENTED_EDGE('',*,*,#1963,.F.);
#2556=ORIENTED_EDGE('',*,*,#1959,.T.);
#2557=ORIENTED_EDGE('',*,*,#1964,.F.);
#2558=ORIENTED_EDGE('',*,*,#1953,.F.);
#2559=ORIENTED_EDGE('',*,*,#1965,.F.);
#2560=ORIENTED_EDGE('',*,*,#1962,.T.);
#2561=ORIENTED_EDGE('',*,*,#1966,.F.);
#2562=ORIENTED_EDGE('',*,*,#1957,.F.);
#2563=ORIENTED_EDGE('',*,*,#1967,.F.);
#2564=ORIENTED_EDGE('',*,*,#1968,.T.);
#2565=ORIENTED_EDGE('',*,*,#1969,.F.);
#2566=ORIENTED_EDGE('',*,*,#1968,.F.);
#2567=ORIENTED_EDGE('',*,*,#1970,.F.);
#2568=ORIENTED_EDGE('',*,*,#1971,.T.);
#2569=ORIENTED_EDGE('',*,*,#1972,.F.);
#2570=ORIENTED_EDGE('',*,*,#1971,.F.);
#2571=ORIENTED_EDGE('',*,*,#1973,.F.);
#2572=ORIENTED_EDGE('',*,*,#1955,.T.);
#2573=ORIENTED_EDGE('',*,*,#1974,.T.);
#2574=ORIENTED_EDGE('',*,*,#1975,.T.);
#2575=ORIENTED_EDGE('',*,*,#1976,.T.);
#2576=ORIENTED_EDGE('',*,*,#1977,.T.);
#2577=ORIENTED_EDGE('',*,*,#1978,.T.);
#2578=ORIENTED_EDGE('',*,*,#1786,.T.);
#2579=ORIENTED_EDGE('',*,*,#1978,.F.);
#2580=ORIENTED_EDGE('',*,*,#1979,.F.);
#2581=ORIENTED_EDGE('',*,*,#1856,.T.);
#2582=ORIENTED_EDGE('',*,*,#1787,.F.);
#2583=ORIENTED_EDGE('',*,*,#1977,.F.);
#2584=ORIENTED_EDGE('',*,*,#1980,.F.);
#2585=ORIENTED_EDGE('',*,*,#1857,.T.);
#2586=ORIENTED_EDGE('',*,*,#1979,.T.);
#2587=ORIENTED_EDGE('',*,*,#1976,.F.);
#2588=ORIENTED_EDGE('',*,*,#1981,.F.);
#2589=ORIENTED_EDGE('',*,*,#1982,.T.);
#2590=ORIENTED_EDGE('',*,*,#1854,.F.);
#2591=ORIENTED_EDGE('',*,*,#1905,.T.);
#2592=ORIENTED_EDGE('',*,*,#1896,.T.);
#2593=ORIENTED_EDGE('',*,*,#1906,.T.);
#2594=ORIENTED_EDGE('',*,*,#1865,.F.);
#2595=ORIENTED_EDGE('',*,*,#1983,.T.);
#2596=ORIENTED_EDGE('',*,*,#1984,.T.);
#2597=ORIENTED_EDGE('',*,*,#1862,.F.);
#2598=ORIENTED_EDGE('',*,*,#1985,.T.);
#2599=ORIENTED_EDGE('',*,*,#1986,.T.);
#2600=ORIENTED_EDGE('',*,*,#1987,.T.);
#2601=ORIENTED_EDGE('',*,*,#1988,.T.);
#2602=ORIENTED_EDGE('',*,*,#1858,.F.);
#2603=ORIENTED_EDGE('',*,*,#1980,.T.);
#2604=ORIENTED_EDGE('',*,*,#1989,.T.);
#2605=ORIENTED_EDGE('',*,*,#1803,.T.);
#2606=ORIENTED_EDGE('',*,*,#1990,.T.);
#2607=ORIENTED_EDGE('',*,*,#1991,.T.);
#2608=ORIENTED_EDGE('',*,*,#1992,.T.);
#2609=ORIENTED_EDGE('',*,*,#1993,.T.);
#2610=ORIENTED_EDGE('',*,*,#1989,.F.);
#2611=ORIENTED_EDGE('',*,*,#1994,.F.);
#2612=ORIENTED_EDGE('',*,*,#1995,.F.);
#2613=ORIENTED_EDGE('',*,*,#1996,.F.);
#2614=ORIENTED_EDGE('',*,*,#1821,.F.);
#2615=ORIENTED_EDGE('',*,*,#1997,.F.);
#2616=ORIENTED_EDGE('',*,*,#1998,.F.);
#2617=ORIENTED_EDGE('',*,*,#1999,.T.);
#2618=ORIENTED_EDGE('',*,*,#1804,.F.);
#2619=ORIENTED_EDGE('',*,*,#1993,.F.);
#2620=ORIENTED_EDGE('',*,*,#2000,.F.);
#2621=ORIENTED_EDGE('',*,*,#2001,.T.);
#2622=ORIENTED_EDGE('',*,*,#1799,.T.);
#2623=ORIENTED_EDGE('',*,*,#2002,.F.);
#2624=ORIENTED_EDGE('',*,*,#2003,.F.);
#2625=ORIENTED_EDGE('',*,*,#2004,.F.);
#2626=ORIENTED_EDGE('',*,*,#2005,.F.);
#2627=ORIENTED_EDGE('',*,*,#2006,.F.);
#2628=ORIENTED_EDGE('',*,*,#2007,.F.);
#2629=ORIENTED_EDGE('',*,*,#2008,.T.);
#2630=ORIENTED_EDGE('',*,*,#1994,.T.);
#2631=ORIENTED_EDGE('',*,*,#1969,.T.);
#2632=ORIENTED_EDGE('',*,*,#1972,.T.);
#2633=ORIENTED_EDGE('',*,*,#1954,.T.);
#2634=ORIENTED_EDGE('',*,*,#1966,.T.);
#2635=ORIENTED_EDGE('',*,*,#1992,.F.);
#2636=ORIENTED_EDGE('',*,*,#2009,.F.);
#2637=ORIENTED_EDGE('',*,*,#2010,.T.);
#2638=ORIENTED_EDGE('',*,*,#2011,.F.);
#2639=ORIENTED_EDGE('',*,*,#2012,.F.);
#2640=ORIENTED_EDGE('',*,*,#2013,.F.);
#2641=ORIENTED_EDGE('',*,*,#2014,.F.);
#2642=ORIENTED_EDGE('',*,*,#2015,.T.);
#2643=ORIENTED_EDGE('',*,*,#2016,.F.);
#2644=ORIENTED_EDGE('',*,*,#2017,.F.);
#2645=ORIENTED_EDGE('',*,*,#2018,.T.);
#2646=ORIENTED_EDGE('',*,*,#1890,.F.);
#2647=ORIENTED_EDGE('',*,*,#2019,.F.);
#2648=ORIENTED_EDGE('',*,*,#1892,.F.);
#2649=ORIENTED_EDGE('',*,*,#2020,.T.);
#2650=ORIENTED_EDGE('',*,*,#2021,.F.);
#2651=ORIENTED_EDGE('',*,*,#2000,.T.);
#2652=ORIENTED_EDGE('',*,*,#2022,.F.);
#2653=ORIENTED_EDGE('',*,*,#2023,.F.);
#2654=ORIENTED_EDGE('',*,*,#2024,.F.);
#2655=ORIENTED_EDGE('',*,*,#2025,.T.);
#2656=ORIENTED_EDGE('',*,*,#1943,.T.);
#2657=ORIENTED_EDGE('',*,*,#1946,.T.);
#2658=ORIENTED_EDGE('',*,*,#1937,.T.);
#2659=ORIENTED_EDGE('',*,*,#2026,.F.);
#2660=ORIENTED_EDGE('',*,*,#2027,.F.);
#2661=ORIENTED_EDGE('',*,*,#2028,.T.);
#2662=ORIENTED_EDGE('',*,*,#2029,.T.);
#2663=ORIENTED_EDGE('',*,*,#2030,.F.);
#2664=ORIENTED_EDGE('',*,*,#2031,.T.);
#2665=ORIENTED_EDGE('',*,*,#2032,.F.);
#2666=ORIENTED_EDGE('',*,*,#2033,.T.);
#2667=ORIENTED_EDGE('',*,*,#2034,.F.);
#2668=ORIENTED_EDGE('',*,*,#2032,.T.);
#2669=ORIENTED_EDGE('',*,*,#2035,.T.);
#2670=ORIENTED_EDGE('',*,*,#1826,.T.);
#2671=ORIENTED_EDGE('',*,*,#2036,.F.);
#2672=ORIENTED_EDGE('',*,*,#2037,.T.);
#2673=ORIENTED_EDGE('',*,*,#1934,.T.);
#2674=ORIENTED_EDGE('',*,*,#1883,.T.);
#2675=ORIENTED_EDGE('',*,*,#2038,.F.);
#2676=ORIENTED_EDGE('',*,*,#2039,.T.);
#2677=ORIENTED_EDGE('',*,*,#1935,.F.);
#2678=ORIENTED_EDGE('',*,*,#2037,.F.);
#2679=ORIENTED_EDGE('',*,*,#2031,.F.);
#2680=ORIENTED_EDGE('',*,*,#2040,.F.);
#2681=ORIENTED_EDGE('',*,*,#1827,.F.);
#2682=ORIENTED_EDGE('',*,*,#2035,.F.);
#2683=ORIENTED_EDGE('',*,*,#1933,.T.);
#2684=ORIENTED_EDGE('',*,*,#2041,.F.);
#2685=ORIENTED_EDGE('',*,*,#2042,.F.);
#2686=ORIENTED_EDGE('',*,*,#2043,.T.);
#2687=ORIENTED_EDGE('',*,*,#2044,.F.);
#2688=ORIENTED_EDGE('',*,*,#2016,.T.);
#2689=ORIENTED_EDGE('',*,*,#2045,.T.);
#2690=ORIENTED_EDGE('',*,*,#2046,.F.);
#2691=ORIENTED_EDGE('',*,*,#2047,.F.);
#2692=ORIENTED_EDGE('',*,*,#2048,.F.);
#2693=ORIENTED_EDGE('',*,*,#2049,.F.);
#2694=ORIENTED_EDGE('',*,*,#2050,.F.);
#2695=ORIENTED_EDGE('',*,*,#1885,.F.);
#2696=ORIENTED_EDGE('',*,*,#2051,.T.);
#2697=ORIENTED_EDGE('',*,*,#1997,.T.);
#2698=ORIENTED_EDGE('',*,*,#1820,.T.);
#2699=ORIENTED_EDGE('',*,*,#2052,.T.);
#2700=ORIENTED_EDGE('',*,*,#2052,.F.);
#2701=ORIENTED_EDGE('',*,*,#1819,.T.);
#2702=ORIENTED_EDGE('',*,*,#2053,.T.);
#2703=ORIENTED_EDGE('',*,*,#2054,.F.);
#2704=ORIENTED_EDGE('',*,*,#2051,.F.);
#2705=ORIENTED_EDGE('',*,*,#2054,.T.);
#2706=ORIENTED_EDGE('',*,*,#2055,.T.);
#2707=ORIENTED_EDGE('',*,*,#2056,.T.);
#2708=ORIENTED_EDGE('',*,*,#2057,.T.);
#2709=ORIENTED_EDGE('',*,*,#1998,.T.);
#2710=ORIENTED_EDGE('',*,*,#2055,.F.);
#2711=ORIENTED_EDGE('',*,*,#2053,.F.);
#2712=ORIENTED_EDGE('',*,*,#1818,.T.);
#2713=ORIENTED_EDGE('',*,*,#2058,.T.);
#2714=ORIENTED_EDGE('',*,*,#2056,.F.);
#2715=ORIENTED_EDGE('',*,*,#2058,.F.);
#2716=ORIENTED_EDGE('',*,*,#1817,.T.);
#2717=ORIENTED_EDGE('',*,*,#2059,.T.);
#2718=ORIENTED_EDGE('',*,*,#1796,.T.);
#2719=ORIENTED_EDGE('',*,*,#1795,.T.);
#2720=ORIENTED_EDGE('',*,*,#2060,.T.);
#2721=ORIENTED_EDGE('',*,*,#2061,.T.);
#2722=ORIENTED_EDGE('',*,*,#2062,.F.);
#2723=ORIENTED_EDGE('',*,*,#2004,.T.);
#2724=ORIENTED_EDGE('',*,*,#2063,.F.);
#2725=ORIENTED_EDGE('',*,*,#1879,.T.);
#2726=ORIENTED_EDGE('',*,*,#2062,.T.);
#2727=ORIENTED_EDGE('',*,*,#1878,.F.);
#2728=ORIENTED_EDGE('',*,*,#1894,.F.);
#2729=ORIENTED_EDGE('',*,*,#2064,.F.);
#2730=ORIENTED_EDGE('',*,*,#2065,.T.);
#2731=ORIENTED_EDGE('',*,*,#2005,.T.);
#2732=ORIENTED_EDGE('',*,*,#2063,.T.);
#2733=ORIENTED_EDGE('',*,*,#2003,.T.);
#2734=ORIENTED_EDGE('',*,*,#2066,.F.);
#2735=ORIENTED_EDGE('',*,*,#1880,.T.);
#2736=ORIENTED_EDGE('',*,*,#1881,.F.);
#2737=ORIENTED_EDGE('',*,*,#2066,.T.);
#2738=ORIENTED_EDGE('',*,*,#2002,.T.);
#2739=ORIENTED_EDGE('',*,*,#1798,.T.);
#2740=ORIENTED_EDGE('',*,*,#1886,.F.);
#2741=ORIENTED_EDGE('',*,*,#2050,.T.);
#2742=ORIENTED_EDGE('',*,*,#2067,.F.);
#2743=ORIENTED_EDGE('',*,*,#2068,.T.);
#2744=ORIENTED_EDGE('',*,*,#2069,.T.);
#2745=ORIENTED_EDGE('',*,*,#1875,.T.);
#2746=ORIENTED_EDGE('',*,*,#2070,.T.);
#2747=ORIENTED_EDGE('',*,*,#2071,.T.);
#2748=ORIENTED_EDGE('',*,*,#2072,.T.);
#2749=ORIENTED_EDGE('',*,*,#2064,.T.);
#2750=ORIENTED_EDGE('',*,*,#1893,.T.);
#2751=ORIENTED_EDGE('',*,*,#2019,.T.);
#2752=ORIENTED_EDGE('',*,*,#1889,.T.);
#2753=ORIENTED_EDGE('',*,*,#1874,.T.);
#2754=ORIENTED_EDGE('',*,*,#2073,.F.);
#2755=ORIENTED_EDGE('',*,*,#2074,.F.);
#2756=ORIENTED_EDGE('',*,*,#2075,.F.);
#2757=ORIENTED_EDGE('',*,*,#2076,.F.);
#2758=ORIENTED_EDGE('',*,*,#2077,.F.);
#2759=ORIENTED_EDGE('',*,*,#2043,.F.);
#2760=ORIENTED_EDGE('',*,*,#2078,.F.);
#2761=ORIENTED_EDGE('',*,*,#2079,.F.);
#2762=ORIENTED_EDGE('',*,*,#1930,.F.);
#2763=ORIENTED_EDGE('',*,*,#2080,.F.);
#2764=ORIENTED_EDGE('',*,*,#1995,.T.);
#2765=ORIENTED_EDGE('',*,*,#2008,.F.);
#2766=ORIENTED_EDGE('',*,*,#2081,.T.);
#2767=ORIENTED_EDGE('',*,*,#2070,.F.);
#2768=ORIENTED_EDGE('',*,*,#2071,.F.);
#2769=ORIENTED_EDGE('',*,*,#2081,.F.);
#2770=ORIENTED_EDGE('',*,*,#2007,.T.);
#2771=ORIENTED_EDGE('',*,*,#2082,.F.);
#2772=ORIENTED_EDGE('',*,*,#2083,.T.);
#2773=ORIENTED_EDGE('',*,*,#2068,.F.);
#2774=ORIENTED_EDGE('',*,*,#2084,.F.);
#2775=ORIENTED_EDGE('',*,*,#2085,.F.);
#2776=ORIENTED_EDGE('',*,*,#2047,.T.);
#2777=ORIENTED_EDGE('',*,*,#2049,.T.);
#2778=ORIENTED_EDGE('',*,*,#2086,.F.);
#2779=ORIENTED_EDGE('',*,*,#2084,.T.);
#2780=ORIENTED_EDGE('',*,*,#2067,.T.);
#2781=ORIENTED_EDGE('',*,*,#2048,.T.);
#2782=ORIENTED_EDGE('',*,*,#2085,.T.);
#2783=ORIENTED_EDGE('',*,*,#2086,.T.);
#2784=ORIENTED_EDGE('',*,*,#2072,.F.);
#2785=ORIENTED_EDGE('',*,*,#2082,.T.);
#2786=ORIENTED_EDGE('',*,*,#2006,.T.);
#2787=ORIENTED_EDGE('',*,*,#2065,.F.);
#2788=ORIENTED_EDGE('',*,*,#1931,.T.);
#2789=ORIENTED_EDGE('',*,*,#2079,.T.);
#2790=ORIENTED_EDGE('',*,*,#2087,.T.);
#2791=ORIENTED_EDGE('',*,*,#2088,.F.);
#2792=ORIENTED_EDGE('',*,*,#2078,.T.);
#2793=ORIENTED_EDGE('',*,*,#2042,.T.);
#2794=ORIENTED_EDGE('',*,*,#2089,.F.);
#2795=ORIENTED_EDGE('',*,*,#2087,.F.);
#2796=ORIENTED_EDGE('',*,*,#1932,.T.);
#2797=ORIENTED_EDGE('',*,*,#2088,.T.);
#2798=ORIENTED_EDGE('',*,*,#2089,.T.);
#2799=ORIENTED_EDGE('',*,*,#2041,.T.);
#2800=ORIENTED_EDGE('',*,*,#2090,.T.);
#2801=ORIENTED_EDGE('',*,*,#2091,.F.);
#2802=ORIENTED_EDGE('',*,*,#2092,.T.);
#2803=ORIENTED_EDGE('',*,*,#2076,.T.);
#2804=ORIENTED_EDGE('',*,*,#2093,.T.);
#2805=ORIENTED_EDGE('',*,*,#2094,.F.);
#2806=ORIENTED_EDGE('',*,*,#2095,.T.);
#2807=ORIENTED_EDGE('',*,*,#2091,.T.);
#2808=ORIENTED_EDGE('',*,*,#2074,.T.);
#2809=ORIENTED_EDGE('',*,*,#2096,.F.);
#2810=ORIENTED_EDGE('',*,*,#2094,.T.);
#2811=ORIENTED_EDGE('',*,*,#2097,.T.);
#2812=ORIENTED_EDGE('',*,*,#1871,.T.);
#2813=ORIENTED_EDGE('',*,*,#1887,.F.);
#2814=ORIENTED_EDGE('',*,*,#2069,.F.);
#2815=ORIENTED_EDGE('',*,*,#2083,.F.);
#2816=ORIENTED_EDGE('',*,*,#2046,.T.);
#2817=ORIENTED_EDGE('',*,*,#2098,.T.);
#2818=ORIENTED_EDGE('',*,*,#2017,.T.);
#2819=ORIENTED_EDGE('',*,*,#2044,.T.);
#2820=ORIENTED_EDGE('',*,*,#2077,.T.);
#2821=ORIENTED_EDGE('',*,*,#2092,.F.);
#2822=ORIENTED_EDGE('',*,*,#2095,.F.);
#2823=ORIENTED_EDGE('',*,*,#2096,.T.);
#2824=ORIENTED_EDGE('',*,*,#2073,.T.);
#2825=ORIENTED_EDGE('',*,*,#1876,.T.);
#2826=ORIENTED_EDGE('',*,*,#1888,.T.);
#2827=ORIENTED_EDGE('',*,*,#2099,.T.);
#2828=ORIENTED_EDGE('',*,*,#2100,.T.);
#2829=ORIENTED_EDGE('',*,*,#2099,.F.);
#2830=ORIENTED_EDGE('',*,*,#2097,.F.);
#2831=ORIENTED_EDGE('',*,*,#2093,.F.);
#2832=ORIENTED_EDGE('',*,*,#2090,.F.);
#2833=ORIENTED_EDGE('',*,*,#2075,.T.);
#2834=ORIENTED_EDGE('',*,*,#2014,.T.);
#2835=ORIENTED_EDGE('',*,*,#2101,.F.);
#2836=ORIENTED_EDGE('',*,*,#2102,.F.);
#2837=ORIENTED_EDGE('',*,*,#2103,.T.);
#2838=ORIENTED_EDGE('',*,*,#2101,.T.);
#2839=ORIENTED_EDGE('',*,*,#2104,.T.);
#2840=ORIENTED_EDGE('',*,*,#2105,.T.);
#2841=ORIENTED_EDGE('',*,*,#2106,.T.);
#2842=ORIENTED_EDGE('',*,*,#2104,.F.);
#2843=ORIENTED_EDGE('',*,*,#2013,.T.);
#2844=ORIENTED_EDGE('',*,*,#2107,.T.);
#2845=ORIENTED_EDGE('',*,*,#2105,.F.);
#2846=ORIENTED_EDGE('',*,*,#2107,.F.);
#2847=ORIENTED_EDGE('',*,*,#2012,.T.);
#2848=ORIENTED_EDGE('',*,*,#2108,.T.);
#2849=ORIENTED_EDGE('',*,*,#2106,.F.);
#2850=ORIENTED_EDGE('',*,*,#2108,.F.);
#2851=ORIENTED_EDGE('',*,*,#2011,.T.);
#2852=ORIENTED_EDGE('',*,*,#2109,.T.);
#2853=ORIENTED_EDGE('',*,*,#1891,.F.);
#2854=ORIENTED_EDGE('',*,*,#2018,.F.);
#2855=ORIENTED_EDGE('',*,*,#2098,.F.);
#2856=ORIENTED_EDGE('',*,*,#2045,.F.);
#2857=ORIENTED_EDGE('',*,*,#2015,.F.);
#2858=ORIENTED_EDGE('',*,*,#2102,.T.);
#2859=ORIENTED_EDGE('',*,*,#2103,.F.);
#2860=ORIENTED_EDGE('',*,*,#2109,.F.);
#2861=ORIENTED_EDGE('',*,*,#2010,.F.);
#2862=ORIENTED_EDGE('',*,*,#2110,.T.);
#2863=ORIENTED_EDGE('',*,*,#2111,.T.);
#2864=ORIENTED_EDGE('',*,*,#1801,.T.);
#2865=ORIENTED_EDGE('',*,*,#2112,.T.);
#2866=ORIENTED_EDGE('',*,*,#2020,.F.);
#2867=ORIENTED_EDGE('',*,*,#2100,.F.);
#2868=ORIENTED_EDGE('',*,*,#1996,.T.);
#2869=ORIENTED_EDGE('',*,*,#2080,.T.);
#2870=ORIENTED_EDGE('',*,*,#1929,.T.);
#2871=ORIENTED_EDGE('',*,*,#1822,.T.);
#2872=ORIENTED_EDGE('',*,*,#1970,.T.);
#2873=ORIENTED_EDGE('',*,*,#1967,.T.);
#2874=ORIENTED_EDGE('',*,*,#1956,.T.);
#2875=ORIENTED_EDGE('',*,*,#1973,.T.);
#2876=ORIENTED_EDGE('',*,*,#1991,.F.);
#2877=ORIENTED_EDGE('',*,*,#2113,.F.);
#2878=ORIENTED_EDGE('',*,*,#2110,.F.);
#2879=ORIENTED_EDGE('',*,*,#2009,.T.);
#2880=ORIENTED_EDGE('',*,*,#1848,.T.);
#2881=ORIENTED_EDGE('',*,*,#2114,.T.);
#2882=ORIENTED_EDGE('',*,*,#1809,.T.);
#2883=ORIENTED_EDGE('',*,*,#2114,.F.);
#2884=ORIENTED_EDGE('',*,*,#2115,.F.);
#2885=ORIENTED_EDGE('',*,*,#2116,.F.);
#2886=ORIENTED_EDGE('',*,*,#1824,.T.);
#2887=ORIENTED_EDGE('',*,*,#1928,.F.);
#2888=ORIENTED_EDGE('',*,*,#2117,.F.);
#2889=ORIENTED_EDGE('',*,*,#2118,.T.);
#2890=ORIENTED_EDGE('',*,*,#1777,.F.);
#2891=ORIENTED_EDGE('',*,*,#1807,.T.);
#2892=ORIENTED_EDGE('',*,*,#2119,.F.);
#2893=ORIENTED_EDGE('',*,*,#1814,.T.);
#2894=ORIENTED_EDGE('',*,*,#2119,.T.);
#2895=ORIENTED_EDGE('',*,*,#1806,.T.);
#2896=ORIENTED_EDGE('',*,*,#2120,.T.);
#2897=ORIENTED_EDGE('',*,*,#1815,.T.);
#2898=ORIENTED_EDGE('',*,*,#1990,.F.);
#2899=ORIENTED_EDGE('',*,*,#1802,.T.);
#2900=ORIENTED_EDGE('',*,*,#2111,.F.);
#2901=ORIENTED_EDGE('',*,*,#2113,.T.);
#2902=ORIENTED_EDGE('',*,*,#2112,.F.);
#2903=ORIENTED_EDGE('',*,*,#1800,.T.);
#2904=ORIENTED_EDGE('',*,*,#2001,.F.);
#2905=ORIENTED_EDGE('',*,*,#2021,.T.);
#2906=ORIENTED_EDGE('',*,*,#1816,.T.);
#2907=ORIENTED_EDGE('',*,*,#2120,.F.);
#2908=ORIENTED_EDGE('',*,*,#1805,.T.);
#2909=ORIENTED_EDGE('',*,*,#1999,.F.);
#2910=ORIENTED_EDGE('',*,*,#2057,.F.);
#2911=ORIENTED_EDGE('',*,*,#2059,.F.);
#2912=ORIENTED_EDGE('',*,*,#2121,.T.);
#2913=ORIENTED_EDGE('',*,*,#2122,.T.);
#2914=ORIENTED_EDGE('',*,*,#2123,.F.);
#2915=ORIENTED_EDGE('',*,*,#2124,.T.);
#2916=ORIENTED_EDGE('',*,*,#2125,.T.);
#2917=ORIENTED_EDGE('',*,*,#2126,.T.);
#2918=ORIENTED_EDGE('',*,*,#2123,.T.);
#2919=ORIENTED_EDGE('',*,*,#2127,.T.);
#2920=ORIENTED_EDGE('',*,*,#2128,.T.);
#2921=ORIENTED_EDGE('',*,*,#2129,.T.);
#2922=ORIENTED_EDGE('',*,*,#2130,.F.);
#2923=ORIENTED_EDGE('',*,*,#2131,.T.);
#2924=ORIENTED_EDGE('',*,*,#2040,.T.);
#2925=ORIENTED_EDGE('',*,*,#2030,.T.);
#2926=ORIENTED_EDGE('',*,*,#2132,.T.);
#2927=ORIENTED_EDGE('',*,*,#2133,.F.);
#2928=ORIENTED_EDGE('',*,*,#2134,.F.);
#2929=ORIENTED_EDGE('',*,*,#1828,.F.);
#2930=ORIENTED_EDGE('',*,*,#2135,.T.);
#2931=ORIENTED_EDGE('',*,*,#1830,.F.);
#2932=ORIENTED_EDGE('',*,*,#2136,.T.);
#2933=ORIENTED_EDGE('',*,*,#2137,.F.);
#2934=ORIENTED_EDGE('',*,*,#2138,.F.);
#2935=ORIENTED_EDGE('',*,*,#2136,.F.);
#2936=ORIENTED_EDGE('',*,*,#1829,.F.);
#2937=ORIENTED_EDGE('',*,*,#2134,.T.);
#2938=ORIENTED_EDGE('',*,*,#2139,.F.);
#2939=ORIENTED_EDGE('',*,*,#2132,.F.);
#2940=ORIENTED_EDGE('',*,*,#2029,.F.);
#2941=ORIENTED_EDGE('',*,*,#2140,.T.);
#2942=ORIENTED_EDGE('',*,*,#2141,.F.);
#2943=ORIENTED_EDGE('',*,*,#2142,.T.);
#2944=ORIENTED_EDGE('',*,*,#2033,.F.);
#2945=ORIENTED_EDGE('',*,*,#2142,.F.);
#2946=ORIENTED_EDGE('',*,*,#2143,.F.);
#2947=ORIENTED_EDGE('',*,*,#2121,.F.);
#2948=ORIENTED_EDGE('',*,*,#2144,.F.);
#2949=ORIENTED_EDGE('',*,*,#2145,.F.);
#2950=ORIENTED_EDGE('',*,*,#2027,.T.);
#2951=ORIENTED_EDGE('',*,*,#2146,.F.);
#2952=ORIENTED_EDGE('',*,*,#2140,.F.);
#2953=ORIENTED_EDGE('',*,*,#2028,.F.);
#2954=ORIENTED_EDGE('',*,*,#2145,.T.);
#2955=ORIENTED_EDGE('',*,*,#2117,.T.);
#2956=ORIENTED_EDGE('',*,*,#1927,.T.);
#2957=ORIENTED_EDGE('',*,*,#2147,.T.);
#2958=ORIENTED_EDGE('',*,*,#2148,.F.);
#2959=ORIENTED_EDGE('',*,*,#1939,.T.);
#2960=ORIENTED_EDGE('',*,*,#2149,.F.);
#2961=ORIENTED_EDGE('',*,*,#2038,.T.);
#2962=ORIENTED_EDGE('',*,*,#2036,.T.);
#2963=ORIENTED_EDGE('',*,*,#1882,.T.);
#2964=ORIENTED_EDGE('',*,*,#2061,.F.);
#2965=ORIENTED_EDGE('',*,*,#2150,.T.);
#2966=ORIENTED_EDGE('',*,*,#2151,.F.);
#2967=ORIENTED_EDGE('',*,*,#2152,.F.);
#2968=ORIENTED_EDGE('',*,*,#2153,.F.);
#2969=ORIENTED_EDGE('',*,*,#1948,.T.);
#2970=ORIENTED_EDGE('',*,*,#2148,.T.);
#2971=ORIENTED_EDGE('',*,*,#2154,.F.);
#2972=ORIENTED_EDGE('',*,*,#2118,.F.);
#2973=ORIENTED_EDGE('',*,*,#2155,.T.);
#2974=ORIENTED_EDGE('',*,*,#2156,.T.);
#2975=ORIENTED_EDGE('',*,*,#2157,.T.);
#2976=ORIENTED_EDGE('',*,*,#2158,.T.);
#2977=ORIENTED_EDGE('',*,*,#2159,.T.);
#2978=ORIENTED_EDGE('',*,*,#1944,.T.);
#2979=ORIENTED_EDGE('',*,*,#1936,.F.);
#2980=ORIENTED_EDGE('',*,*,#2039,.F.);
#2981=ORIENTED_EDGE('',*,*,#2149,.T.);
#2982=ORIENTED_EDGE('',*,*,#2160,.T.);
#2983=ORIENTED_EDGE('',*,*,#2161,.T.);
#2984=ORIENTED_EDGE('',*,*,#2162,.F.);
#2985=ORIENTED_EDGE('',*,*,#2163,.T.);
#2986=ORIENTED_EDGE('',*,*,#2164,.F.);
#2987=ORIENTED_EDGE('',*,*,#2165,.F.);
#2988=ORIENTED_EDGE('',*,*,#2166,.T.);
#2989=ORIENTED_EDGE('',*,*,#2167,.F.);
#2990=ORIENTED_EDGE('',*,*,#2168,.T.);
#2991=ORIENTED_EDGE('',*,*,#1835,.F.);
#2992=ORIENTED_EDGE('',*,*,#2169,.F.);
#2993=ORIENTED_EDGE('',*,*,#2161,.F.);
#2994=ORIENTED_EDGE('',*,*,#2152,.T.);
#2995=ORIENTED_EDGE('',*,*,#2170,.F.);
#2996=ORIENTED_EDGE('',*,*,#1912,.F.);
#2997=ORIENTED_EDGE('',*,*,#2171,.F.);
#2998=ORIENTED_EDGE('',*,*,#2153,.T.);
#2999=ORIENTED_EDGE('',*,*,#2171,.T.);
#3000=ORIENTED_EDGE('',*,*,#1911,.T.);
#3001=ORIENTED_EDGE('',*,*,#1949,.F.);
#3002=ORIENTED_EDGE('',*,*,#1866,.T.);
#3003=ORIENTED_EDGE('',*,*,#2172,.F.);
#3004=ORIENTED_EDGE('',*,*,#2173,.F.);
#3005=ORIENTED_EDGE('',*,*,#2174,.F.);
#3006=ORIENTED_EDGE('',*,*,#1913,.F.);
#3007=ORIENTED_EDGE('',*,*,#2170,.T.);
#3008=ORIENTED_EDGE('',*,*,#2151,.T.);
#3009=ORIENTED_EDGE('',*,*,#1792,.F.);
#3010=ORIENTED_EDGE('',*,*,#2175,.F.);
#3011=ORIENTED_EDGE('',*,*,#2176,.T.);
#3012=ORIENTED_EDGE('',*,*,#2177,.T.);
#3013=ORIENTED_EDGE('',*,*,#2178,.F.);
#3014=ORIENTED_EDGE('',*,*,#1903,.T.);
#3015=ORIENTED_EDGE('',*,*,#1852,.T.);
#3016=ORIENTED_EDGE('',*,*,#1923,.F.);
#3017=ORIENTED_EDGE('',*,*,#1945,.F.);
#3018=ORIENTED_EDGE('',*,*,#1907,.F.);
#3019=ORIENTED_EDGE('',*,*,#2179,.F.);
#3020=ORIENTED_EDGE('',*,*,#2162,.T.);
#3021=ORIENTED_EDGE('',*,*,#2169,.T.);
#3022=ORIENTED_EDGE('',*,*,#1834,.T.);
#3023=ORIENTED_EDGE('',*,*,#2180,.T.);
#3024=ORIENTED_EDGE('',*,*,#1914,.F.);
#3025=ORIENTED_EDGE('',*,*,#2174,.T.);
#3026=ORIENTED_EDGE('',*,*,#2181,.T.);
#3027=ORIENTED_EDGE('',*,*,#2182,.T.);
#3028=ORIENTED_EDGE('',*,*,#2183,.T.);
#3029=ORIENTED_EDGE('',*,*,#2184,.T.);
#3030=ORIENTED_EDGE('',*,*,#2185,.T.);
#3031=ORIENTED_EDGE('',*,*,#1863,.F.);
#3032=ORIENTED_EDGE('',*,*,#1984,.F.);
#3033=ORIENTED_EDGE('',*,*,#2186,.T.);
#3034=ORIENTED_EDGE('',*,*,#2187,.F.);
#3035=ORIENTED_EDGE('',*,*,#2188,.T.);
#3036=ORIENTED_EDGE('',*,*,#2189,.T.);
#3037=ORIENTED_EDGE('',*,*,#2190,.F.);
#3038=ORIENTED_EDGE('',*,*,#2191,.F.);
#3039=ORIENTED_EDGE('',*,*,#1841,.F.);
#3040=ORIENTED_EDGE('',*,*,#2192,.F.);
#3041=ORIENTED_EDGE('',*,*,#2193,.F.);
#3042=ORIENTED_EDGE('',*,*,#1842,.F.);
#3043=ORIENTED_EDGE('',*,*,#2191,.T.);
#3044=ORIENTED_EDGE('',*,*,#2194,.T.);
#3045=ORIENTED_EDGE('',*,*,#2190,.T.);
#3046=ORIENTED_EDGE('',*,*,#2195,.F.);
#3047=ORIENTED_EDGE('',*,*,#2196,.F.);
#3048=ORIENTED_EDGE('',*,*,#2197,.F.);
#3049=ORIENTED_EDGE('',*,*,#2198,.F.);
#3050=ORIENTED_EDGE('',*,*,#2194,.F.);
#3051=ORIENTED_EDGE('',*,*,#1974,.F.);
#3052=ORIENTED_EDGE('',*,*,#1785,.T.);
#3053=ORIENTED_EDGE('',*,*,#2199,.F.);
#3054=ORIENTED_EDGE('',*,*,#2195,.T.);
#3055=ORIENTED_EDGE('',*,*,#2192,.T.);
#3056=ORIENTED_EDGE('',*,*,#1840,.T.);
#3057=ORIENTED_EDGE('',*,*,#2200,.T.);
#3058=ORIENTED_EDGE('',*,*,#2201,.T.);
#3059=ORIENTED_EDGE('',*,*,#2202,.T.);
#3060=ORIENTED_EDGE('',*,*,#2198,.T.);
#3061=ORIENTED_EDGE('',*,*,#2203,.F.);
#3062=ORIENTED_EDGE('',*,*,#1843,.F.);
#3063=ORIENTED_EDGE('',*,*,#2193,.T.);
#3064=ORIENTED_EDGE('',*,*,#2197,.T.);
#3065=ORIENTED_EDGE('',*,*,#2204,.F.);
#3066=ORIENTED_EDGE('',*,*,#1844,.F.);
#3067=ORIENTED_EDGE('',*,*,#2203,.T.);
#3068=ORIENTED_EDGE('',*,*,#1920,.T.);
#3069=ORIENTED_EDGE('',*,*,#2205,.T.);
#3070=ORIENTED_EDGE('',*,*,#2159,.F.);
#3071=ORIENTED_EDGE('',*,*,#2206,.F.);
#3072=ORIENTED_EDGE('',*,*,#1793,.F.);
#3073=ORIENTED_EDGE('',*,*,#2150,.F.);
#3074=ORIENTED_EDGE('',*,*,#2060,.F.);
#3075=ORIENTED_EDGE('',*,*,#1794,.F.);
#3076=ORIENTED_EDGE('',*,*,#2207,.T.);
#3077=ORIENTED_EDGE('',*,*,#2177,.F.);
#3078=ORIENTED_EDGE('',*,*,#2208,.T.);
#3079=ORIENTED_EDGE('',*,*,#2209,.F.);
#3080=ORIENTED_EDGE('',*,*,#2207,.F.);
#3081=ORIENTED_EDGE('',*,*,#2210,.F.);
#3082=ORIENTED_EDGE('',*,*,#2211,.F.);
#3083=ORIENTED_EDGE('',*,*,#1898,.T.);
#3084=ORIENTED_EDGE('',*,*,#1904,.T.);
#3085=ORIENTED_EDGE('',*,*,#2178,.T.);
#3086=ORIENTED_EDGE('',*,*,#2208,.F.);
#3087=ORIENTED_EDGE('',*,*,#2176,.F.);
#3088=ORIENTED_EDGE('',*,*,#2212,.T.);
#3089=ORIENTED_EDGE('',*,*,#2213,.F.);
#3090=ORIENTED_EDGE('',*,*,#2175,.T.);
#3091=ORIENTED_EDGE('',*,*,#1791,.F.);
#3092=ORIENTED_EDGE('',*,*,#2214,.F.);
#3093=ORIENTED_EDGE('',*,*,#2212,.F.);
#3094=ORIENTED_EDGE('',*,*,#2173,.T.);
#3095=ORIENTED_EDGE('',*,*,#2215,.F.);
#3096=ORIENTED_EDGE('',*,*,#2216,.F.);
#3097=ORIENTED_EDGE('',*,*,#2217,.T.);
#3098=ORIENTED_EDGE('',*,*,#2181,.F.);
#3099=ORIENTED_EDGE('',*,*,#1901,.T.);
#3100=ORIENTED_EDGE('',*,*,#2218,.F.);
#3101=ORIENTED_EDGE('',*,*,#2219,.T.);
#3102=ORIENTED_EDGE('',*,*,#2201,.F.);
#3103=ORIENTED_EDGE('',*,*,#2220,.T.);
#3104=ORIENTED_EDGE('',*,*,#1917,.T.);
#3105=ORIENTED_EDGE('',*,*,#2221,.T.);
#3106=ORIENTED_EDGE('',*,*,#2222,.T.);
#3107=ORIENTED_EDGE('',*,*,#2187,.T.);
#3108=ORIENTED_EDGE('',*,*,#2223,.T.);
#3109=ORIENTED_EDGE('',*,*,#2224,.T.);
#3110=ORIENTED_EDGE('',*,*,#2225,.T.);
#3111=ORIENTED_EDGE('',*,*,#2226,.T.);
#3112=ORIENTED_EDGE('',*,*,#2227,.T.);
#3113=ORIENTED_EDGE('',*,*,#1900,.T.);
#3114=ORIENTED_EDGE('',*,*,#2228,.T.);
#3115=ORIENTED_EDGE('',*,*,#2229,.F.);
#3116=ORIENTED_EDGE('',*,*,#2218,.T.);
#3117=ORIENTED_EDGE('',*,*,#2230,.F.);
#3118=ORIENTED_EDGE('',*,*,#2184,.F.);
#3119=ORIENTED_EDGE('',*,*,#2231,.T.);
#3120=ORIENTED_EDGE('',*,*,#2232,.T.);
#3121=ORIENTED_EDGE('',*,*,#2216,.T.);
#3122=ORIENTED_EDGE('',*,*,#2182,.F.);
#3123=ORIENTED_EDGE('',*,*,#2217,.F.);
#3124=ORIENTED_EDGE('',*,*,#2232,.F.);
#3125=ORIENTED_EDGE('',*,*,#2233,.T.);
#3126=ORIENTED_EDGE('',*,*,#2183,.F.);
#3127=ORIENTED_EDGE('',*,*,#2233,.F.);
#3128=ORIENTED_EDGE('',*,*,#2231,.F.);
#3129=ORIENTED_EDGE('',*,*,#1899,.T.);
#3130=ORIENTED_EDGE('',*,*,#2211,.T.);
#3131=ORIENTED_EDGE('',*,*,#2234,.F.);
#3132=ORIENTED_EDGE('',*,*,#2228,.F.);
#3133=ORIENTED_EDGE('',*,*,#1916,.F.);
#3134=ORIENTED_EDGE('',*,*,#2235,.T.);
#3135=ORIENTED_EDGE('',*,*,#2236,.F.);
#3136=ORIENTED_EDGE('',*,*,#2221,.F.);
#3137=ORIENTED_EDGE('',*,*,#2222,.F.);
#3138=ORIENTED_EDGE('',*,*,#2236,.T.);
#3139=ORIENTED_EDGE('',*,*,#2237,.T.);
#3140=ORIENTED_EDGE('',*,*,#2188,.F.);
#3141=ORIENTED_EDGE('',*,*,#1915,.F.);
#3142=ORIENTED_EDGE('',*,*,#2189,.F.);
#3143=ORIENTED_EDGE('',*,*,#2237,.F.);
#3144=ORIENTED_EDGE('',*,*,#2235,.F.);
#3145=ORIENTED_EDGE('',*,*,#2238,.F.);
#3146=ORIENTED_EDGE('',*,*,#2224,.F.);
#3147=ORIENTED_EDGE('',*,*,#2239,.F.);
#3148=ORIENTED_EDGE('',*,*,#2240,.T.);
#3149=ORIENTED_EDGE('',*,*,#2241,.F.);
#3150=ORIENTED_EDGE('',*,*,#2240,.F.);
#3151=ORIENTED_EDGE('',*,*,#2242,.F.);
#3152=ORIENTED_EDGE('',*,*,#2243,.T.);
#3153=ORIENTED_EDGE('',*,*,#2226,.F.);
#3154=ORIENTED_EDGE('',*,*,#2244,.F.);
#3155=ORIENTED_EDGE('',*,*,#2243,.F.);
#3156=ORIENTED_EDGE('',*,*,#2245,.T.);
#3157=ORIENTED_EDGE('',*,*,#1902,.T.);
#3158=ORIENTED_EDGE('',*,*,#2227,.F.);
#3159=ORIENTED_EDGE('',*,*,#2245,.F.);
#3160=ORIENTED_EDGE('',*,*,#2242,.T.);
#3161=ORIENTED_EDGE('',*,*,#2239,.T.);
#3162=ORIENTED_EDGE('',*,*,#2223,.F.);
#3163=ORIENTED_EDGE('',*,*,#2186,.F.);
#3164=ORIENTED_EDGE('',*,*,#1983,.F.);
#3165=ORIENTED_EDGE('',*,*,#1864,.F.);
#3166=ORIENTED_EDGE('',*,*,#2185,.F.);
#3167=ORIENTED_EDGE('',*,*,#2230,.T.);
#3168=ORIENTED_EDGE('',*,*,#2215,.T.);
#3169=ORIENTED_EDGE('',*,*,#2172,.T.);
#3170=ORIENTED_EDGE('',*,*,#1869,.T.);
#3171=ORIENTED_EDGE('',*,*,#2244,.T.);
#3172=ORIENTED_EDGE('',*,*,#2225,.F.);
#3173=ORIENTED_EDGE('',*,*,#2238,.T.);
#3174=ORIENTED_EDGE('',*,*,#2241,.T.);
#3175=ORIENTED_EDGE('',*,*,#1985,.F.);
#3176=ORIENTED_EDGE('',*,*,#1861,.T.);
#3177=ORIENTED_EDGE('',*,*,#2246,.T.);
#3178=ORIENTED_EDGE('',*,*,#1860,.F.);
#3179=ORIENTED_EDGE('',*,*,#2247,.F.);
#3180=ORIENTED_EDGE('',*,*,#2248,.F.);
#3181=ORIENTED_EDGE('',*,*,#2249,.F.);
#3182=ORIENTED_EDGE('',*,*,#2246,.F.);
#3183=ORIENTED_EDGE('',*,*,#2249,.T.);
#3184=ORIENTED_EDGE('',*,*,#2250,.F.);
#3185=ORIENTED_EDGE('',*,*,#1986,.F.);
#3186=ORIENTED_EDGE('',*,*,#2248,.T.);
#3187=ORIENTED_EDGE('',*,*,#2251,.F.);
#3188=ORIENTED_EDGE('',*,*,#1987,.F.);
#3189=ORIENTED_EDGE('',*,*,#2250,.T.);
#3190=ORIENTED_EDGE('',*,*,#2247,.T.);
#3191=ORIENTED_EDGE('',*,*,#1859,.F.);
#3192=ORIENTED_EDGE('',*,*,#1988,.F.);
#3193=ORIENTED_EDGE('',*,*,#2251,.T.);
#3194=ORIENTED_EDGE('',*,*,#1975,.F.);
#3195=ORIENTED_EDGE('',*,*,#2202,.F.);
#3196=ORIENTED_EDGE('',*,*,#2219,.F.);
#3197=ORIENTED_EDGE('',*,*,#2229,.T.);
#3198=ORIENTED_EDGE('',*,*,#2234,.T.);
#3199=ORIENTED_EDGE('',*,*,#2210,.T.);
#3200=ORIENTED_EDGE('',*,*,#2209,.T.);
#3201=ORIENTED_EDGE('',*,*,#2213,.T.);
#3202=ORIENTED_EDGE('',*,*,#2214,.T.);
#3203=ORIENTED_EDGE('',*,*,#1790,.F.);
#3204=ORIENTED_EDGE('',*,*,#2252,.F.);
#3205=ORIENTED_EDGE('',*,*,#1981,.T.);
#3206=ORIENTED_EDGE('',*,*,#1963,.T.);
#3207=ORIENTED_EDGE('',*,*,#1965,.T.);
#3208=ORIENTED_EDGE('',*,*,#1952,.T.);
#3209=ORIENTED_EDGE('',*,*,#1960,.T.);
#3210=ORIENTED_EDGE('',*,*,#2200,.F.);
#3211=ORIENTED_EDGE('',*,*,#1839,.F.);
#3212=ORIENTED_EDGE('',*,*,#1918,.F.);
#3213=ORIENTED_EDGE('',*,*,#2220,.F.);
#3214=ORIENTED_EDGE('',*,*,#1961,.T.);
#3215=ORIENTED_EDGE('',*,*,#1958,.T.);
#3216=ORIENTED_EDGE('',*,*,#1950,.T.);
#3217=ORIENTED_EDGE('',*,*,#1964,.T.);
#3218=ORIENTED_EDGE('',*,*,#2253,.T.);
#3219=ORIENTED_EDGE('',*,*,#2254,.T.);
#3220=ORIENTED_EDGE('',*,*,#1921,.F.);
#3221=ORIENTED_EDGE('',*,*,#2206,.T.);
#3222=ORIENTED_EDGE('',*,*,#2158,.F.);
#3223=ORIENTED_EDGE('',*,*,#2255,.F.);
#3224=ORIENTED_EDGE('',*,*,#2256,.F.);
#3225=ORIENTED_EDGE('',*,*,#2115,.T.);
#3226=ORIENTED_EDGE('',*,*,#2154,.T.);
#3227=ORIENTED_EDGE('',*,*,#2147,.F.);
#3228=ORIENTED_EDGE('',*,*,#1926,.F.);
#3229=ORIENTED_EDGE('',*,*,#2025,.F.);
#3230=ORIENTED_EDGE('',*,*,#2257,.F.);
#3231=ORIENTED_EDGE('',*,*,#2253,.F.);
#3232=ORIENTED_EDGE('',*,*,#2024,.T.);
#3233=ORIENTED_EDGE('',*,*,#2155,.F.);
#3234=ORIENTED_EDGE('',*,*,#2156,.F.);
#3235=ORIENTED_EDGE('',*,*,#2258,.T.);
#3236=ORIENTED_EDGE('',*,*,#1924,.T.);
#3237=ORIENTED_EDGE('',*,*,#2179,.T.);
#3238=ORIENTED_EDGE('',*,*,#1922,.T.);
#3239=ORIENTED_EDGE('',*,*,#2254,.F.);
#3240=ORIENTED_EDGE('',*,*,#2257,.T.);
#3241=ORIENTED_EDGE('',*,*,#2023,.T.);
#3242=ORIENTED_EDGE('',*,*,#2022,.T.);
#3243=ORIENTED_EDGE('',*,*,#1925,.T.);
#3244=ORIENTED_EDGE('',*,*,#2258,.F.);
#3245=ORIENTED_EDGE('',*,*,#1849,.F.);
#3246=ORIENTED_EDGE('',*,*,#2259,.T.);
#3247=ORIENTED_EDGE('',*,*,#1808,.F.);
#3248=ORIENTED_EDGE('',*,*,#2259,.F.);
#3249=ORIENTED_EDGE('',*,*,#2255,.T.);
#3250=ORIENTED_EDGE('',*,*,#2157,.F.);
#3251=ORIENTED_EDGE('',*,*,#2205,.F.);
#3252=ORIENTED_EDGE('',*,*,#1919,.F.);
#3253=ORIENTED_EDGE('',*,*,#1837,.F.);
#3254=ORIENTED_EDGE('',*,*,#2260,.T.);
#3255=ORIENTED_EDGE('',*,*,#1810,.T.);
#3256=ORIENTED_EDGE('',*,*,#1847,.F.);
#3257=ORIENTED_EDGE('',*,*,#2261,.T.);
#3258=ORIENTED_EDGE('',*,*,#1782,.F.);
#3259=ORIENTED_EDGE('',*,*,#2261,.F.);
#3260=ORIENTED_EDGE('',*,*,#1846,.F.);
#3261=ORIENTED_EDGE('',*,*,#2262,.F.);
#3262=ORIENTED_EDGE('',*,*,#1783,.F.);
#3263=ORIENTED_EDGE('',*,*,#1855,.T.);
#3264=ORIENTED_EDGE('',*,*,#1982,.F.);
#3265=ORIENTED_EDGE('',*,*,#2252,.T.);
#3266=ORIENTED_EDGE('',*,*,#1789,.F.);
#3267=ORIENTED_EDGE('',*,*,#1845,.F.);
#3268=ORIENTED_EDGE('',*,*,#2204,.T.);
#3269=ORIENTED_EDGE('',*,*,#2196,.T.);
#3270=ORIENTED_EDGE('',*,*,#2199,.T.);
#3271=ORIENTED_EDGE('',*,*,#1784,.F.);
#3272=ORIENTED_EDGE('',*,*,#2262,.T.);
#3273=ORIENTED_EDGE('',*,*,#2263,.F.);
#3274=ORIENTED_EDGE('',*,*,#2264,.T.);
#3275=ORIENTED_EDGE('',*,*,#2265,.F.);
#3276=ORIENTED_EDGE('',*,*,#2266,.F.);
#3277=ORIENTED_EDGE('',*,*,#2267,.F.);
#3278=ORIENTED_EDGE('',*,*,#2264,.F.);
#3279=ORIENTED_EDGE('',*,*,#2268,.F.);
#3280=ORIENTED_EDGE('',*,*,#2269,.F.);
#3281=ORIENTED_EDGE('',*,*,#2270,.F.);
#3282=ORIENTED_EDGE('',*,*,#2266,.T.);
#3283=ORIENTED_EDGE('',*,*,#2271,.F.);
#3284=ORIENTED_EDGE('',*,*,#2124,.F.);
#3285=ORIENTED_EDGE('',*,*,#2271,.T.);
#3286=ORIENTED_EDGE('',*,*,#2269,.T.);
#3287=ORIENTED_EDGE('',*,*,#2272,.F.);
#3288=ORIENTED_EDGE('',*,*,#2273,.T.);
#3289=ORIENTED_EDGE('',*,*,#2274,.F.);
#3290=ORIENTED_EDGE('',*,*,#2131,.F.);
#3291=ORIENTED_EDGE('',*,*,#2275,.T.);
#3292=ORIENTED_EDGE('',*,*,#2125,.F.);
#3293=ORIENTED_EDGE('',*,*,#2276,.F.);
#3294=ORIENTED_EDGE('',*,*,#2273,.F.);
#3295=ORIENTED_EDGE('',*,*,#2277,.T.);
#3296=ORIENTED_EDGE('',*,*,#2278,.F.);
#3297=ORIENTED_EDGE('',*,*,#2279,.T.);
#3298=ORIENTED_EDGE('',*,*,#2277,.F.);
#3299=ORIENTED_EDGE('',*,*,#2272,.T.);
#3300=ORIENTED_EDGE('',*,*,#2268,.T.);
#3301=ORIENTED_EDGE('',*,*,#2280,.F.);
#3302=ORIENTED_EDGE('',*,*,#2281,.F.);
#3303=ORIENTED_EDGE('',*,*,#2282,.F.);
#3304=ORIENTED_EDGE('',*,*,#2283,.F.);
#3305=ORIENTED_EDGE('',*,*,#2284,.F.);
#3306=ORIENTED_EDGE('',*,*,#2285,.F.);
#3307=ORIENTED_EDGE('',*,*,#2137,.T.);
#3308=ORIENTED_EDGE('',*,*,#2138,.T.);
#3309=ORIENTED_EDGE('',*,*,#2133,.T.);
#3310=ORIENTED_EDGE('',*,*,#2139,.T.);
#3311=ORIENTED_EDGE('',*,*,#2146,.T.);
#3312=ORIENTED_EDGE('',*,*,#2144,.T.);
#3313=ORIENTED_EDGE('',*,*,#2126,.F.);
#3314=ORIENTED_EDGE('',*,*,#2275,.F.);
#3315=ORIENTED_EDGE('',*,*,#2130,.T.);
#3316=ORIENTED_EDGE('',*,*,#2141,.T.);
#3317=ORIENTED_EDGE('',*,*,#2286,.F.);
#3318=ORIENTED_EDGE('',*,*,#2180,.F.);
#3319=ORIENTED_EDGE('',*,*,#1833,.T.);
#3320=ORIENTED_EDGE('',*,*,#2287,.T.);
#3321=ORIENTED_EDGE('',*,*,#2283,.T.);
#3322=ORIENTED_EDGE('',*,*,#2288,.F.);
#3323=ORIENTED_EDGE('',*,*,#2163,.F.);
#3324=ORIENTED_EDGE('',*,*,#2135,.F.);
#3325=ORIENTED_EDGE('',*,*,#2285,.T.);
#3326=ORIENTED_EDGE('',*,*,#2289,.F.);
#3327=ORIENTED_EDGE('',*,*,#1831,.T.);
#3328=ORIENTED_EDGE('',*,*,#2284,.T.);
#3329=ORIENTED_EDGE('',*,*,#2287,.F.);
#3330=ORIENTED_EDGE('',*,*,#1832,.T.);
#3331=ORIENTED_EDGE('',*,*,#2289,.T.);
#3332=ORIENTED_EDGE('',*,*,#2282,.T.);
#3333=ORIENTED_EDGE('',*,*,#2290,.F.);
#3334=ORIENTED_EDGE('',*,*,#2164,.T.);
#3335=ORIENTED_EDGE('',*,*,#2288,.T.);
#3336=ORIENTED_EDGE('',*,*,#2286,.T.);
#3337=ORIENTED_EDGE('',*,*,#2291,.T.);
#3338=ORIENTED_EDGE('',*,*,#2167,.T.);
#3339=ORIENTED_EDGE('',*,*,#2291,.F.);
#3340=ORIENTED_EDGE('',*,*,#2292,.T.);
#3341=ORIENTED_EDGE('',*,*,#2166,.F.);
#3342=ORIENTED_EDGE('',*,*,#2293,.T.);
#3343=ORIENTED_EDGE('',*,*,#2280,.T.);
#3344=ORIENTED_EDGE('',*,*,#2263,.T.);
#3345=ORIENTED_EDGE('',*,*,#2281,.T.);
#3346=ORIENTED_EDGE('',*,*,#2293,.F.);
#3347=ORIENTED_EDGE('',*,*,#2165,.T.);
#3348=ORIENTED_EDGE('',*,*,#2290,.T.);
#3349=ORIENTED_EDGE('',*,*,#2274,.T.);
#3350=ORIENTED_EDGE('',*,*,#2276,.T.);
#3351=ORIENTED_EDGE('',*,*,#2294,.T.);
#3352=ORIENTED_EDGE('',*,*,#2128,.F.);
#3353=ORIENTED_EDGE('',*,*,#2256,.T.);
#3354=ORIENTED_EDGE('',*,*,#2260,.F.);
#3355=ORIENTED_EDGE('',*,*,#1836,.F.);
#3356=ORIENTED_EDGE('',*,*,#2168,.F.);
#3357=ORIENTED_EDGE('',*,*,#2160,.F.);
#3358=ORIENTED_EDGE('',*,*,#2292,.F.);
#3359=ORIENTED_EDGE('',*,*,#2265,.T.);
#3360=ORIENTED_EDGE('',*,*,#2267,.T.);
#3361=ORIENTED_EDGE('',*,*,#2270,.T.);
#3362=ORIENTED_EDGE('',*,*,#2127,.F.);
#3363=ORIENTED_EDGE('',*,*,#2122,.F.);
#3364=ORIENTED_EDGE('',*,*,#2143,.T.);
#3365=ORIENTED_EDGE('',*,*,#2026,.T.);
#3366=ORIENTED_EDGE('',*,*,#2034,.T.);
#3367=ORIENTED_EDGE('',*,*,#1825,.T.);
#3368=ORIENTED_EDGE('',*,*,#2116,.T.);
#3369=ORIENTED_EDGE('',*,*,#2279,.F.);
#3370=ORIENTED_EDGE('',*,*,#2129,.F.);
#3371=ORIENTED_EDGE('',*,*,#2294,.F.);
#3372=ORIENTED_EDGE('',*,*,#2278,.T.);
#3373=PLANE('',#3680);
#3374=PLANE('',#3681);
#3375=PLANE('',#3682);
#3376=PLANE('',#3683);
#3377=PLANE('',#3684);
#3378=PLANE('',#3685);
#3379=PLANE('',#3686);
#3380=PLANE('',#3687);
#3381=PLANE('',#3692);
#3382=PLANE('',#3693);
#3383=PLANE('',#3694);
#3384=PLANE('',#3706);
#3385=PLANE('',#3711);
#3386=PLANE('',#3712);
#3387=PLANE('',#3713);
#3388=PLANE('',#3714);
#3389=PLANE('',#3718);
#3390=PLANE('',#3719);
#3391=PLANE('',#3722);
#3392=PLANE('',#3723);
#3393=PLANE('',#3729);
#3394=PLANE('',#3741);
#3395=PLANE('',#3742);
#3396=PLANE('',#3743);
#3397=PLANE('',#3747);
#3398=PLANE('',#3754);
#3399=PLANE('',#3758);
#3400=PLANE('',#3760);
#3401=PLANE('',#3761);
#3402=PLANE('',#3765);
#3403=PLANE('',#3767);
#3404=PLANE('',#3769);
#3405=PLANE('',#3784);
#3406=PLANE('',#3788);
#3407=PLANE('',#3791);
#3408=PLANE('',#3798);
#3409=PLANE('',#3799);
#3410=PLANE('',#3803);
#3411=PLANE('',#3804);
#3412=PLANE('',#3805);
#3413=PLANE('',#3806);
#3414=PLANE('',#3807);
#3415=PLANE('',#3809);
#3416=PLANE('',#3812);
#3417=PLANE('',#3814);
#3418=PLANE('',#3816);
#3419=PLANE('',#3817);
#3420=PLANE('',#3818);
#3421=PLANE('',#3819);
#3422=PLANE('',#3820);
#3423=PLANE('',#3821);
#3424=PLANE('',#3822);
#3425=PLANE('',#3826);
#3426=PLANE('',#3830);
#3427=PLANE('',#3833);
#3428=PLANE('',#3836);
#3429=PLANE('',#3839);
#3430=PLANE('',#3840);
#3431=PLANE('',#3841);
#3432=PLANE('',#3842);
#3433=PLANE('',#3843);
#3434=PLANE('',#3845);
#3435=PLANE('',#3847);
#3436=PLANE('',#3848);
#3437=PLANE('',#3849);
#3438=PLANE('',#3850);
#3439=PLANE('',#3851);
#3440=PLANE('',#3852);
#3441=PLANE('',#3853);
#3442=PLANE('',#3854);
#3443=PLANE('',#3857);
#3444=PLANE('',#3858);
#3445=PLANE('',#3861);
#3446=PLANE('',#3866);
#3447=PLANE('',#3871);
#3448=PLANE('',#3872);
#3449=PLANE('',#3876);
#3450=PLANE('',#3878);
#3451=PLANE('',#3879);
#3452=PLANE('',#3889);
#3453=PLANE('',#3890);
#3454=PLANE('',#3895);
#3455=PLANE('',#3896);
#3456=PLANE('',#3897);
#3457=PLANE('',#3899);
#3458=PLANE('',#3900);
#3459=PLANE('',#3901);
#3460=PLANE('',#3904);
#3461=PLANE('',#3907);
#3462=PLANE('',#3910);
#3463=PLANE('',#3911);
#3464=PLANE('',#3912);
#3465=PLANE('',#3913);
#3466=PLANE('',#3914);
#3467=PLANE('',#3915);
#3468=PLANE('',#3916);
#3469=PLANE('',#3920);
#3470=PLANE('',#3924);
#3471=PLANE('',#3925);
#3472=PLANE('',#3928);
#3473=PLANE('',#3931);
#3474=PLANE('',#3932);
#3475=PLANE('',#3933);
#3476=PLANE('',#3934);
#3477=PLANE('',#3935);
#3478=PLANE('',#3936);
#3479=PLANE('',#3940);
#3480=PLANE('',#3942);
#3481=PLANE('',#3943);
#3482=PLANE('',#3944);
#3483=PLANE('',#3945);
#3484=PLANE('',#3946);
#3485=PLANE('',#3947);
#3486=PLANE('',#3948);
#3487=PLANE('',#3949);
#3488=PLANE('',#3950);
#3489=PLANE('',#3954);
#3490=PLANE('',#3956);
#3491=PLANE('',#3957);
#3492=PLANE('',#3959);
#3493=PLANE('',#3961);
#3494=PLANE('',#3962);
#3495=ADVANCED_FACE('',(#210),#3373,.T.);
#3496=ADVANCED_FACE('',(#211),#3374,.T.);
#3497=ADVANCED_FACE('',(#212),#3375,.T.);
#3498=ADVANCED_FACE('',(#213),#3376,.T.);
#3499=ADVANCED_FACE('',(#214),#3377,.T.);
#3500=ADVANCED_FACE('',(#215),#3378,.F.);
#3501=ADVANCED_FACE('',(#216),#3379,.F.);
#3502=ADVANCED_FACE('',(#217,#81,#82),#3380,.T.);
#3503=ADVANCED_FACE('',(#218),#3381,.F.);
#3504=ADVANCED_FACE('',(#219),#3382,.F.);
#3505=ADVANCED_FACE('',(#220,#83,#84),#3383,.F.);
#3506=ADVANCED_FACE('',(#221),#33,.F.);
#3507=ADVANCED_FACE('',(#222,#85),#3384,.T.);
#3508=ADVANCED_FACE('',(#223),#3385,.F.);
#3509=ADVANCED_FACE('',(#224),#3386,.F.);
#3510=ADVANCED_FACE('',(#225),#3387,.F.);
#3511=ADVANCED_FACE('',(#226,#86),#3388,.F.);
#3512=ADVANCED_FACE('',(#227),#3389,.T.);
#3513=ADVANCED_FACE('',(#228),#3390,.T.);
#3514=ADVANCED_FACE('',(#229),#3391,.F.);
#3515=ADVANCED_FACE('',(#230),#3392,.T.);
#3516=ADVANCED_FACE('',(#231),#3393,.T.);
#3517=ADVANCED_FACE('',(#232),#34,.F.);
#3518=ADVANCED_FACE('',(#233),#19,.T.);
#3519=ADVANCED_FACE('',(#234),#35,.F.);
#3520=ADVANCED_FACE('',(#235),#3394,.T.);
#3521=ADVANCED_FACE('',(#236),#3395,.F.);
#3522=ADVANCED_FACE('',(#237),#3396,.F.);
#3523=ADVANCED_FACE('',(#238),#36,.F.);
#3524=ADVANCED_FACE('',(#239),#3397,.F.);
#3525=ADVANCED_FACE('',(#240),#37,.F.);
#3526=ADVANCED_FACE('',(#241),#38,.F.);
#3527=ADVANCED_FACE('',(#242),#3398,.F.);
#3528=ADVANCED_FACE('',(#243),#39,.F.);
#3529=ADVANCED_FACE('',(#244),#3399,.T.);
#3530=ADVANCED_FACE('',(#245),#3400,.T.);
#3531=ADVANCED_FACE('',(#246),#3401,.F.);
#3532=ADVANCED_FACE('',(#247),#40,.F.);
#3533=ADVANCED_FACE('',(#248),#3402,.T.);
#3534=ADVANCED_FACE('',(#249),#3403,.F.);
#3535=ADVANCED_FACE('',(#250,#87),#3404,.F.);
#3536=ADVANCED_FACE('',(#251),#41,.F.);
#3537=ADVANCED_FACE('',(#252),#42,.F.);
#3538=ADVANCED_FACE('',(#253),#43,.F.);
#3539=ADVANCED_FACE('',(#254,#88),#3405,.T.);
#3540=ADVANCED_FACE('',(#255),#3406,.T.);
#3541=ADVANCED_FACE('',(#256),#44,.F.);
#3542=ADVANCED_FACE('',(#257),#3407,.F.);
#3543=ADVANCED_FACE('',(#258),#45,.T.);
#3544=ADVANCED_FACE('',(#259),#46,.F.);
#3545=ADVANCED_FACE('',(#260),#3408,.T.);
#3546=ADVANCED_FACE('',(#261),#3409,.F.);
#3547=ADVANCED_FACE('',(#262),#47,.F.);
#3548=ADVANCED_FACE('',(#263),#3410,.F.);
#3549=ADVANCED_FACE('',(#264),#3411,.F.);
#3550=ADVANCED_FACE('',(#265),#3412,.F.);
#3551=ADVANCED_FACE('',(#266),#3413,.T.);
#3552=ADVANCED_FACE('',(#267),#3414,.T.);
#3553=ADVANCED_FACE('',(#268),#48,.T.);
#3554=ADVANCED_FACE('',(#269),#3415,.F.);
#3555=ADVANCED_FACE('',(#270),#49,.T.);
#3556=ADVANCED_FACE('',(#271),#3416,.F.);
#3557=ADVANCED_FACE('',(#272),#3417,.F.);
#3558=ADVANCED_FACE('',(#273),#50,.T.);
#3559=ADVANCED_FACE('',(#274),#3418,.T.);
#3560=ADVANCED_FACE('',(#275),#3419,.F.);
#3561=ADVANCED_FACE('',(#276),#3420,.F.);
#3562=ADVANCED_FACE('',(#277),#3421,.T.);
#3563=ADVANCED_FACE('',(#278),#3422,.T.);
#3564=ADVANCED_FACE('',(#279),#3423,.T.);
#3565=ADVANCED_FACE('',(#280),#3424,.T.);
#3566=ADVANCED_FACE('',(#281),#51,.T.);
#3567=ADVANCED_FACE('',(#282),#3425,.T.);
#3568=ADVANCED_FACE('',(#283),#52,.F.);
#3569=ADVANCED_FACE('',(#284),#3426,.T.);
#3570=ADVANCED_FACE('',(#285),#53,.F.);
#3571=ADVANCED_FACE('',(#286),#3427,.F.);
#3572=ADVANCED_FACE('',(#287),#54,.T.);
#3573=ADVANCED_FACE('',(#288),#3428,.T.);
#3574=ADVANCED_FACE('',(#289),#55,.F.);
#3575=ADVANCED_FACE('',(#290),#3429,.F.);
#3576=ADVANCED_FACE('',(#291),#3430,.F.);
#3577=ADVANCED_FACE('',(#292,#89),#3431,.F.);
#3578=ADVANCED_FACE('',(#293,#90),#3432,.T.);
#3579=ADVANCED_FACE('',(#294),#3433,.T.);
#3580=ADVANCED_FACE('',(#295),#56,.F.);
#3581=ADVANCED_FACE('',(#296),#3434,.F.);
#3582=ADVANCED_FACE('',(#297),#57,.T.);
#3583=ADVANCED_FACE('',(#298),#3435,.F.);
#3584=ADVANCED_FACE('',(#299),#3436,.F.);
#3585=ADVANCED_FACE('',(#300),#3437,.F.);
#3586=ADVANCED_FACE('',(#301),#3438,.F.);
#3587=ADVANCED_FACE('',(#302),#3439,.F.);
#3588=ADVANCED_FACE('',(#303),#3440,.T.);
#3589=ADVANCED_FACE('',(#304),#3441,.T.);
#3590=ADVANCED_FACE('',(#305),#3442,.T.);
#3591=ADVANCED_FACE('',(#306),#58,.F.);
#3592=ADVANCED_FACE('',(#307),#3443,.T.);
#3593=ADVANCED_FACE('',(#308),#3444,.F.);
#3594=ADVANCED_FACE('',(#309),#59,.F.);
#3595=ADVANCED_FACE('',(#310),#3445,.F.);
#3596=ADVANCED_FACE('',(#311),#60,.T.);
#3597=ADVANCED_FACE('',(#312),#61,.T.);
#3598=ADVANCED_FACE('',(#313,#91,#92,#93),#3446,.T.);
#3599=ADVANCED_FACE('',(#314),#3447,.T.);
#3600=ADVANCED_FACE('',(#315,#94),#3448,.F.);
#3601=ADVANCED_FACE('',(#316),#3449,.F.);
#3602=ADVANCED_FACE('',(#317),#62,.F.);
#3603=ADVANCED_FACE('',(#318),#3450,.T.);
#3604=ADVANCED_FACE('',(#319,#95),#3451,.T.);
#3605=ADVANCED_FACE('',(#320),#63,.F.);
#3606=ADVANCED_FACE('',(#321),#64,.T.);
#3607=ADVANCED_FACE('',(#322),#65,.F.);
#3608=ADVANCED_FACE('',(#323),#3452,.F.);
#3609=ADVANCED_FACE('',(#324),#3453,.T.);
#3610=ADVANCED_FACE('',(#325),#66,.F.);
#3611=ADVANCED_FACE('',(#326),#3454,.T.);
#3612=ADVANCED_FACE('',(#327),#3455,.T.);
#3613=ADVANCED_FACE('',(#328),#3456,.T.);
#3614=ADVANCED_FACE('',(#329),#67,.T.);
#3615=ADVANCED_FACE('',(#330),#3457,.T.);
#3616=ADVANCED_FACE('',(#331),#3458,.F.);
#3617=ADVANCED_FACE('',(#332),#3459,.F.);
#3618=ADVANCED_FACE('',(#333),#68,.T.);
#3619=ADVANCED_FACE('',(#334),#3460,.T.);
#3620=ADVANCED_FACE('',(#335),#69,.T.);
#3621=ADVANCED_FACE('',(#336),#3461,.T.);
#3622=ADVANCED_FACE('',(#337),#70,.T.);
#3623=ADVANCED_FACE('',(#338),#3462,.F.);
#3624=ADVANCED_FACE('',(#339),#3463,.T.);
#3625=ADVANCED_FACE('',(#340),#3464,.T.);
#3626=ADVANCED_FACE('',(#341),#3465,.F.);
#3627=ADVANCED_FACE('',(#342),#3466,.F.);
#3628=ADVANCED_FACE('',(#343),#3467,.F.);
#3629=ADVANCED_FACE('',(#344),#3468,.F.);
#3630=ADVANCED_FACE('',(#345),#71,.T.);
#3631=ADVANCED_FACE('',(#346),#3469,.F.);
#3632=ADVANCED_FACE('',(#347),#72,.F.);
#3633=ADVANCED_FACE('',(#348),#3470,.F.);
#3634=ADVANCED_FACE('',(#349),#3471,.T.);
#3635=ADVANCED_FACE('',(#350),#73,.T.);
#3636=ADVANCED_FACE('',(#351),#3472,.F.);
#3637=ADVANCED_FACE('',(#352),#74,.F.);
#3638=ADVANCED_FACE('',(#353),#3473,.T.);
#3639=ADVANCED_FACE('',(#354),#3474,.T.);
#3640=ADVANCED_FACE('',(#355,#96),#3475,.T.);
#3641=ADVANCED_FACE('',(#356,#97),#3476,.F.);
#3642=ADVANCED_FACE('',(#357),#3477,.T.);
#3643=ADVANCED_FACE('',(#358),#3478,.T.);
#3644=ADVANCED_FACE('',(#359),#75,.F.);
#3645=ADVANCED_FACE('',(#360),#76,.F.);
#3646=ADVANCED_FACE('',(#361),#3479,.T.);
#3647=ADVANCED_FACE('',(#362),#77,.T.);
#3648=ADVANCED_FACE('',(#363),#3480,.T.);
#3649=ADVANCED_FACE('',(#364),#3481,.T.);
#3650=ADVANCED_FACE('',(#365),#3482,.T.);
#3651=ADVANCED_FACE('',(#366),#3483,.T.);
#3652=ADVANCED_FACE('',(#367),#3484,.F.);
#3653=ADVANCED_FACE('',(#368),#3485,.F.);
#3654=ADVANCED_FACE('',(#369),#3486,.T.);
#3655=ADVANCED_FACE('',(#370),#3487,.F.);
#3656=ADVANCED_FACE('',(#371,#98,#99),#3488,.T.);
#3657=ADVANCED_FACE('',(#372),#3489,.F.);
#3658=ADVANCED_FACE('',(#373),#78,.F.);
#3659=ADVANCED_FACE('',(#374),#3490,.F.);
#3660=ADVANCED_FACE('',(#375),#3491,.T.);
#3661=ADVANCED_FACE('',(#376),#79,.F.);
#3662=ADVANCED_FACE('',(#377),#3492,.T.);
#3663=ADVANCED_FACE('',(#378),#80,.T.);
#3664=ADVANCED_FACE('',(#379),#3493,.F.);
#3665=ADVANCED_FACE('',(#380,#100),#3494,.T.);
#3666=CLOSED_SHELL('',(#3495,#3496,#3497,#3498,#3499,#3500,#3501,#3502,
#3503,#3504,#3505,#3506,#3507,#3508,#3509,#3510,#3511,#3512,#3513,#3514,
#3515,#3516,#3517,#3518,#3519,#3520,#3521,#3522,#3523,#3524,#3525,#3526,
#3527,#3528,#3529,#3530,#3531,#3532,#3533,#3534,#3535,#3536,#3537,#3538,
#3539,#3540,#3541,#3542,#3543,#3544,#3545,#3546,#3547,#3548,#3549,#3550,
#3551,#3552,#3553,#3554,#3555,#3556,#3557,#3558,#3559,#3560,#3561,#3562,
#3563,#3564,#3565,#3566,#3567,#3568,#3569,#3570,#3571,#3572,#3573,#3574,
#3575,#3576,#3577,#3578,#3579,#3580,#3581,#3582,#3583,#3584,#3585,#3586,
#3587,#3588,#3589,#3590,#3591,#3592,#3593,#3594,#3595,#3596,#3597,#3598,
#3599,#3600,#3601,#3602,#3603,#3604,#3605,#3606,#3607,#3608,#3609,#3610,
#3611,#3612,#3613,#3614,#3615,#3616,#3617,#3618,#3619,#3620,#3621,#3622,
#3623,#3624,#3625,#3626,#3627,#3628,#3629,#3630,#3631,#3632,#3633,#3634,
#3635,#3636,#3637,#3638,#3639,#3640,#3641,#3642,#3643,#3644,#3645,#3646,
#3647,#3648,#3649,#3650,#3651,#3652,#3653,#3654,#3655,#3656,#3657,#3658,
#3659,#3660,#3661,#3662,#3663,#3664,#3665));
#3667=DERIVED_UNIT_ELEMENT(#3669,1.);
#3668=DERIVED_UNIT_ELEMENT(#6165,-3.);
#3669=(
MASS_UNIT()
NAMED_UNIT(*)
SI_UNIT(.KILO.,.GRAM.)
);
#3670=DERIVED_UNIT((#3667,#3668));
#3671=MEASURE_REPRESENTATION_ITEM('density measure',
POSITIVE_RATIO_MEASURE(7850.),#3670);
#3672=PROPERTY_DEFINITION_REPRESENTATION(#3677,#3674);
#3673=PROPERTY_DEFINITION_REPRESENTATION(#3678,#3675);
#3674=REPRESENTATION('material name',(#3676),#6162);
#3675=REPRESENTATION('density',(#3671),#6162);
#3676=DESCRIPTIVE_REPRESENTATION_ITEM('Steel','Steel');
#3677=PROPERTY_DEFINITION('material property','material name',#6172);
#3678=PROPERTY_DEFINITION('material property','density of part',#6172);
#3679=AXIS2_PLACEMENT_3D('',#4944,#3963,#3964);
#3680=AXIS2_PLACEMENT_3D('',#4945,#3965,#3966);
#3681=AXIS2_PLACEMENT_3D('',#4954,#3971,#3972);
#3682=AXIS2_PLACEMENT_3D('',#4960,#3976,#3977);
#3683=AXIS2_PLACEMENT_3D('',#4970,#3983,#3984);
#3684=AXIS2_PLACEMENT_3D('',#4976,#3988,#3989);
#3685=AXIS2_PLACEMENT_3D('',#4982,#3993,#3994);
#3686=AXIS2_PLACEMENT_3D('',#4988,#3998,#3999);
#3687=AXIS2_PLACEMENT_3D('',#4994,#4003,#4004);
#3688=AXIS2_PLACEMENT_3D('',#5000,#4007,#4008);
#3689=AXIS2_PLACEMENT_3D('',#5049,#4033,#4034);
#3690=AXIS2_PLACEMENT_3D('',#5051,#4035,#4036);
#3691=AXIS2_PLACEMENT_3D('',#5053,#4037,#4038);
#3692=AXIS2_PLACEMENT_3D('',#5054,#4039,#4040);
#3693=AXIS2_PLACEMENT_3D('',#5060,#4044,#4045);
#3694=AXIS2_PLACEMENT_3D('',#5062,#4047,#4048);
#3695=AXIS2_PLACEMENT_3D('',#5064,#4049,#4050);
#3696=AXIS2_PLACEMENT_3D('',#5090,#4063,#4064);
#3697=AXIS2_PLACEMENT_3D('',#5096,#4067,#4068);
#3698=AXIS2_PLACEMENT_3D('',#5098,#4069,#4070);
#3699=AXIS2_PLACEMENT_3D('',#5104,#4073,#4074);
#3700=AXIS2_PLACEMENT_3D('',#5129,#4087,#4088);
#3701=AXIS2_PLACEMENT_3D('',#5131,#4089,#4090);
#3702=AXIS2_PLACEMENT_3D('',#5133,#4091,#4092);
#3703=AXIS2_PLACEMENT_3D('',#5134,#4093,#4094);
#3704=AXIS2_PLACEMENT_3D('',#5136,#4095,#4096);
#3705=AXIS2_PLACEMENT_3D('',#5139,#4098,#4099);
#3706=AXIS2_PLACEMENT_3D('',#5140,#4100,#4101);
#3707=AXIS2_PLACEMENT_3D('',#5145,#4103,#4104);
#3708=AXIS2_PLACEMENT_3D('',#5152,#4108,#4109);
#3709=AXIS2_PLACEMENT_3D('',#5160,#4113,#4114);
#3710=AXIS2_PLACEMENT_3D('',#5165,#4117,#4118);
#3711=AXIS2_PLACEMENT_3D('',#5166,#4119,#4120);
#3712=AXIS2_PLACEMENT_3D('',#5175,#4125,#4126);
#3713=AXIS2_PLACEMENT_3D('',#5184,#4131,#4132);
#3714=AXIS2_PLACEMENT_3D('',#5190,#4136,#4137);
#3715=AXIS2_PLACEMENT_3D('',#5198,#4141,#4142);
#3716=AXIS2_PLACEMENT_3D('',#5209,#4148,#4149);
#3717=AXIS2_PLACEMENT_3D('',#5212,#4151,#4152);
#3718=AXIS2_PLACEMENT_3D('',#5213,#4153,#4154);
#3719=AXIS2_PLACEMENT_3D('',#5225,#4161,#4162);
#3720=AXIS2_PLACEMENT_3D('',#5229,#4164,#4165);
#3721=AXIS2_PLACEMENT_3D('',#5237,#4169,#4170);
#3722=AXIS2_PLACEMENT_3D('',#5241,#4173,#4174);
#3723=AXIS2_PLACEMENT_3D('',#5247,#4179,#4180);
#3724=AXIS2_PLACEMENT_3D('',#5252,#4182,#4183);
#3725=AXIS2_PLACEMENT_3D('',#5260,#4187,#4188);
#3726=AXIS2_PLACEMENT_3D('',#5264,#4190,#4191);
#3727=AXIS2_PLACEMENT_3D('',#5275,#4197,#4198);
#3728=AXIS2_PLACEMENT_3D('',#5278,#4200,#4201);
#3729=AXIS2_PLACEMENT_3D('',#5279,#4202,#4203);
#3730=AXIS2_PLACEMENT_3D('',#5284,#4205,#4206);
#3731=AXIS2_PLACEMENT_3D('',#5286,#4207,#4208);
#3732=AXIS2_PLACEMENT_3D('',#5290,#4210,#4211);
#3733=AXIS2_PLACEMENT_3D('',#5300,#4217,#4218);
#3734=AXIS2_PLACEMENT_3D('',#5302,#4219,#4220);
#3735=AXIS2_PLACEMENT_3D('',#5309,#4224,#4225);
#3736=AXIS2_PLACEMENT_3D('',#5310,#4226,#4227);
#3737=AXIS2_PLACEMENT_3D('',#5313,#4228,#4229);
#3738=AXIS2_PLACEMENT_3D('',#5396,#4232,#4233);
#3739=AXIS2_PLACEMENT_3D('',#5397,#4234,#4235);
#3740=AXIS2_PLACEMENT_3D('',#5398,#4236,#4237);
#3741=AXIS2_PLACEMENT_3D('',#5399,#4238,#4239);
#3742=AXIS2_PLACEMENT_3D('',#5403,#4242,#4243);
#3743=AXIS2_PLACEMENT_3D('',#5412,#4248,#4249);
#3744=AXIS2_PLACEMENT_3D('',#5421,#4254,#4255);
#3745=AXIS2_PLACEMENT_3D('',#5423,#4256,#4257);
#3746=AXIS2_PLACEMENT_3D('',#5426,#4259,#4260);
#3747=AXIS2_PLACEMENT_3D('',#5427,#4261,#4262);
#3748=AXIS2_PLACEMENT_3D('',#5433,#4266,#4267);
#3749=AXIS2_PLACEMENT_3D('',#5434,#4268,#4269);
#3750=AXIS2_PLACEMENT_3D('',#5435,#4270,#4271);
#3751=AXIS2_PLACEMENT_3D('',#5436,#4272,#4273);
#3752=AXIS2_PLACEMENT_3D('',#5438,#4274,#4275);
#3753=AXIS2_PLACEMENT_3D('',#5440,#4276,#4277);
#3754=AXIS2_PLACEMENT_3D('',#5442,#4279,#4280);
#3755=AXIS2_PLACEMENT_3D('',#5448,#4284,#4285);
#3756=AXIS2_PLACEMENT_3D('',#5449,#4286,#4287);
#3757=AXIS2_PLACEMENT_3D('',#5450,#4288,#4289);
#3758=AXIS2_PLACEMENT_3D('',#5451,#4290,#4291);
#3759=AXIS2_PLACEMENT_3D('',#5457,#4294,#4295);
#3760=AXIS2_PLACEMENT_3D('',#5461,#4298,#4299);
#3761=AXIS2_PLACEMENT_3D('',#5463,#4301,#4302);
#3762=AXIS2_PLACEMENT_3D('',#5465,#4304,#4305);
#3763=AXIS2_PLACEMENT_3D('',#5467,#4306,#4307);
#3764=AXIS2_PLACEMENT_3D('',#5500,#4310,#4311);
#3765=AXIS2_PLACEMENT_3D('',#5502,#4313,#4314);
#3766=AXIS2_PLACEMENT_3D('',#5510,#4318,#4319);
#3767=AXIS2_PLACEMENT_3D('',#5512,#4321,#4322);
#3768=AXIS2_PLACEMENT_3D('',#5521,#4327,#4328);
#3769=AXIS2_PLACEMENT_3D('',#5523,#4330,#4331);
#3770=AXIS2_PLACEMENT_3D('',#5525,#4332,#4333);
#3771=AXIS2_PLACEMENT_3D('',#5530,#4336,#4337);
#3772=AXIS2_PLACEMENT_3D('',#5538,#4341,#4342);
#3773=AXIS2_PLACEMENT_3D('',#5540,#4344,#4345);
#3774=AXIS2_PLACEMENT_3D('',#5544,#4347,#4348);
#3775=AXIS2_PLACEMENT_3D('',#5548,#4350,#4351);
#3776=AXIS2_PLACEMENT_3D('',#5562,#4352,#4353);
#3777=AXIS2_PLACEMENT_3D('',#5582,#4355,#4356);
#3778=AXIS2_PLACEMENT_3D('',#5583,#4357,#4358);
#3779=AXIS2_PLACEMENT_3D('',#5585,#4359,#4360);
#3780=AXIS2_PLACEMENT_3D('',#5587,#4362,#4363);
#3781=AXIS2_PLACEMENT_3D('',#5589,#4364,#4365);
#3782=AXIS2_PLACEMENT_3D('',#5593,#4367,#4368);
#3783=AXIS2_PLACEMENT_3D('',#5595,#4370,#4371);
#3784=AXIS2_PLACEMENT_3D('',#5596,#4372,#4373);
#3785=AXIS2_PLACEMENT_3D('',#5603,#4376,#4377);
#3786=AXIS2_PLACEMENT_3D('',#5609,#4380,#4381);
#3787=AXIS2_PLACEMENT_3D('',#5612,#4383,#4384);
#3788=AXIS2_PLACEMENT_3D('',#5613,#4385,#4386);
#3789=AXIS2_PLACEMENT_3D('',#5616,#4389,#4390);
#3790=AXIS2_PLACEMENT_3D('',#5618,#4391,#4392);
#3791=AXIS2_PLACEMENT_3D('',#5620,#4394,#4395);
#3792=AXIS2_PLACEMENT_3D('',#5624,#4398,#4399);
#3793=AXIS2_PLACEMENT_3D('',#5626,#4401,#4402);
#3794=AXIS2_PLACEMENT_3D('',#5630,#4404,#4405);
#3795=AXIS2_PLACEMENT_3D('',#5633,#4407,#4408);
#3796=AXIS2_PLACEMENT_3D('',#5637,#4410,#4411);
#3797=AXIS2_PLACEMENT_3D('',#5641,#4413,#4414);
#3798=AXIS2_PLACEMENT_3D('',#5648,#4416,#4417);
#3799=AXIS2_PLACEMENT_3D('',#5652,#4420,#4421);
#3800=AXIS2_PLACEMENT_3D('',#5655,#4423,#4424);
#3801=AXIS2_PLACEMENT_3D('',#5656,#4425,#4426);
#3802=AXIS2_PLACEMENT_3D('',#5660,#4428,#4429);
#3803=AXIS2_PLACEMENT_3D('',#5662,#4431,#4432);
#3804=AXIS2_PLACEMENT_3D('',#5664,#4434,#4435);
#3805=AXIS2_PLACEMENT_3D('',#5666,#4437,#4438);
#3806=AXIS2_PLACEMENT_3D('',#5670,#4441,#4442);
#3807=AXIS2_PLACEMENT_3D('',#5673,#4445,#4446);
#3808=AXIS2_PLACEMENT_3D('',#5677,#4449,#4450);
#3809=AXIS2_PLACEMENT_3D('',#5679,#4452,#4453);
#3810=AXIS2_PLACEMENT_3D('',#5680,#4454,#4455);
#3811=AXIS2_PLACEMENT_3D('',#5684,#4457,#4458);
#3812=AXIS2_PLACEMENT_3D('',#5686,#4460,#4461);
#3813=AXIS2_PLACEMENT_3D('',#5690,#4463,#4464);
#3814=AXIS2_PLACEMENT_3D('',#5692,#4466,#4467);
#3815=AXIS2_PLACEMENT_3D('',#5707,#4477,#4478);
#3816=AXIS2_PLACEMENT_3D('',#5709,#4480,#4481);
#3817=AXIS2_PLACEMENT_3D('',#5714,#4485,#4486);
#3818=AXIS2_PLACEMENT_3D('',#5716,#4488,#4489);
#3819=AXIS2_PLACEMENT_3D('',#5717,#4490,#4491);
#3820=AXIS2_PLACEMENT_3D('',#5718,#4492,#4493);
#3821=AXIS2_PLACEMENT_3D('',#5722,#4496,#4497);
#3822=AXIS2_PLACEMENT_3D('',#5724,#4499,#4500);
#3823=AXIS2_PLACEMENT_3D('',#5725,#4501,#4502);
#3824=AXIS2_PLACEMENT_3D('',#5727,#4503,#4504);
#3825=AXIS2_PLACEMENT_3D('',#5730,#4506,#4507);
#3826=AXIS2_PLACEMENT_3D('',#5731,#4508,#4509);
#3827=AXIS2_PLACEMENT_3D('',#5737,#4513,#4514);
#3828=AXIS2_PLACEMENT_3D('',#5738,#4515,#4516);
#3829=AXIS2_PLACEMENT_3D('',#5739,#4517,#4518);
#3830=AXIS2_PLACEMENT_3D('',#5740,#4519,#4520);
#3831=AXIS2_PLACEMENT_3D('',#5742,#4522,#4523);
#3832=AXIS2_PLACEMENT_3D('',#5745,#4525,#4526);
#3833=AXIS2_PLACEMENT_3D('',#5746,#4527,#4528);
#3834=AXIS2_PLACEMENT_3D('',#5747,#4529,#4530);
#3835=AXIS2_PLACEMENT_3D('',#5749,#4531,#4532);
#3836=AXIS2_PLACEMENT_3D('',#5751,#4534,#4535);
#3837=AXIS2_PLACEMENT_3D('',#5755,#4537,#4538);
#3838=AXIS2_PLACEMENT_3D('',#5759,#4541,#4542);
#3839=AXIS2_PLACEMENT_3D('',#5761,#4544,#4545);
#3840=AXIS2_PLACEMENT_3D('',#5763,#4547,#4548);
#3841=AXIS2_PLACEMENT_3D('',#5765,#4550,#4551);
#3842=AXIS2_PLACEMENT_3D('',#5770,#4555,#4556);
#3843=AXIS2_PLACEMENT_3D('',#5771,#4557,#4558);
#3844=AXIS2_PLACEMENT_3D('',#5773,#4560,#4561);
#3845=AXIS2_PLACEMENT_3D('',#5775,#4563,#4564);
#3846=AXIS2_PLACEMENT_3D('',#5783,#4569,#4570);
#3847=AXIS2_PLACEMENT_3D('',#5785,#4572,#4573);
#3848=AXIS2_PLACEMENT_3D('',#5787,#4575,#4576);
#3849=AXIS2_PLACEMENT_3D('',#5788,#4577,#4578);
#3850=AXIS2_PLACEMENT_3D('',#5789,#4579,#4580);
#3851=AXIS2_PLACEMENT_3D('',#5790,#4581,#4582);
#3852=AXIS2_PLACEMENT_3D('',#5797,#4586,#4587);
#3853=AXIS2_PLACEMENT_3D('',#5805,#4592,#4593);
#3854=AXIS2_PLACEMENT_3D('',#5814,#4598,#4599);
#3855=AXIS2_PLACEMENT_3D('',#5820,#4603,#4604);
#3856=AXIS2_PLACEMENT_3D('',#5825,#4607,#4608);
#3857=AXIS2_PLACEMENT_3D('',#5826,#4609,#4610);
#3858=AXIS2_PLACEMENT_3D('',#5828,#4612,#4613);
#3859=AXIS2_PLACEMENT_3D('',#5832,#4616,#4617);
#3860=AXIS2_PLACEMENT_3D('',#5834,#4618,#4619);
#3861=AXIS2_PLACEMENT_3D('',#5836,#4621,#4622);
#3862=AXIS2_PLACEMENT_3D('',#5841,#4626,#4627);
#3863=AXIS2_PLACEMENT_3D('',#5842,#4628,#4629);
#3864=AXIS2_PLACEMENT_3D('',#5843,#4630,#4631);
#3865=AXIS2_PLACEMENT_3D('',#5846,#4633,#4634);
#3866=AXIS2_PLACEMENT_3D('',#5847,#4635,#4636);
#3867=AXIS2_PLACEMENT_3D('',#5853,#4640,#4641);
#3868=AXIS2_PLACEMENT_3D('',#5858,#4644,#4645);
#3869=AXIS2_PLACEMENT_3D('',#5859,#4646,#4647);
#3870=AXIS2_PLACEMENT_3D('',#5865,#4650,#4651);
#3871=AXIS2_PLACEMENT_3D('',#5866,#4652,#4653);
#3872=AXIS2_PLACEMENT_3D('',#5867,#4654,#4655);
#3873=AXIS2_PLACEMENT_3D('',#5874,#4658,#4659);
#3874=AXIS2_PLACEMENT_3D('',#5880,#4662,#4663);
#3875=AXIS2_PLACEMENT_3D('',#5883,#4665,#4666);
#3876=AXIS2_PLACEMENT_3D('',#5884,#4667,#4668);
#3877=AXIS2_PLACEMENT_3D('',#5887,#4671,#4672);
#3878=AXIS2_PLACEMENT_3D('',#5890,#4675,#4676);
#3879=AXIS2_PLACEMENT_3D('',#5891,#4677,#4678);
#3880=AXIS2_PLACEMENT_3D('',#5895,#4680,#4681);
#3881=AXIS2_PLACEMENT_3D('',#5900,#4684,#4685);
#3882=AXIS2_PLACEMENT_3D('',#5904,#4688,#4689);
#3883=AXIS2_PLACEMENT_3D('',#5928,#4690,#4691);
#3884=AXIS2_PLACEMENT_3D('',#5930,#4693,#4694);
#3885=AXIS2_PLACEMENT_3D('',#5939,#4696,#4697);
#3886=AXIS2_PLACEMENT_3D('',#5942,#4699,#4700);
#3887=AXIS2_PLACEMENT_3D('',#5944,#4701,#4702);
#3888=AXIS2_PLACEMENT_3D('',#5948,#4704,#4705);
#3889=AXIS2_PLACEMENT_3D('',#5950,#4707,#4708);
#3890=AXIS2_PLACEMENT_3D('',#5956,#4712,#4713);
#3891=AXIS2_PLACEMENT_3D('',#5959,#4715,#4716);
#3892=AXIS2_PLACEMENT_3D('',#5960,#4717,#4718);
#3893=AXIS2_PLACEMENT_3D('',#5962,#4719,#4720);
#3894=AXIS2_PLACEMENT_3D('',#5966,#4722,#4723);
#3895=AXIS2_PLACEMENT_3D('',#5968,#4725,#4726);
#3896=AXIS2_PLACEMENT_3D('',#5975,#4731,#4732);
#3897=AXIS2_PLACEMENT_3D('',#5977,#4734,#4735);
#3898=AXIS2_PLACEMENT_3D('',#5979,#4737,#4738);
#3899=AXIS2_PLACEMENT_3D('',#5982,#4741,#4742);
#3900=AXIS2_PLACEMENT_3D('',#5983,#4743,#4744);
#3901=AXIS2_PLACEMENT_3D('',#5989,#4748,#4749);
#3902=AXIS2_PLACEMENT_3D('',#5993,#4752,#4753);
#3903=AXIS2_PLACEMENT_3D('',#5996,#4755,#4756);
#3904=AXIS2_PLACEMENT_3D('',#5997,#4757,#4758);
#3905=AXIS2_PLACEMENT_3D('',#5999,#4760,#4761);
#3906=AXIS2_PLACEMENT_3D('',#6003,#4763,#4764);
#3907=AXIS2_PLACEMENT_3D('',#6005,#4766,#4767);
#3908=AXIS2_PLACEMENT_3D('',#6022,#4778,#4779);
#3909=AXIS2_PLACEMENT_3D('',#6025,#4781,#4782);
#3910=AXIS2_PLACEMENT_3D('',#6026,#4783,#4784);
#3911=AXIS2_PLACEMENT_3D('',#6031,#4788,#4789);
#3912=AXIS2_PLACEMENT_3D('',#6033,#4791,#4792);
#3913=AXIS2_PLACEMENT_3D('',#6034,#4793,#4794);
#3914=AXIS2_PLACEMENT_3D('',#6036,#4796,#4797);
#3915=AXIS2_PLACEMENT_3D('',#6040,#4800,#4801);
#3916=AXIS2_PLACEMENT_3D('',#6042,#4803,#4804);
#3917=AXIS2_PLACEMENT_3D('',#6043,#4805,#4806);
#3918=AXIS2_PLACEMENT_3D('',#6045,#4807,#4808);
#3919=AXIS2_PLACEMENT_3D('',#6047,#4809,#4810);
#3920=AXIS2_PLACEMENT_3D('',#6049,#4812,#4813);
#3921=AXIS2_PLACEMENT_3D('',#6055,#4817,#4818);
#3922=AXIS2_PLACEMENT_3D('',#6056,#4819,#4820);
#3923=AXIS2_PLACEMENT_3D('',#6057,#4821,#4822);
#3924=AXIS2_PLACEMENT_3D('',#6058,#4823,#4824);
#3925=AXIS2_PLACEMENT_3D('',#6059,#4825,#4826);
#3926=AXIS2_PLACEMENT_3D('',#6060,#4827,#4828);
#3927=AXIS2_PLACEMENT_3D('',#6061,#4829,#4830);
#3928=AXIS2_PLACEMENT_3D('',#6062,#4831,#4832);
#3929=AXIS2_PLACEMENT_3D('',#6067,#4835,#4836);
#3930=AXIS2_PLACEMENT_3D('',#6068,#4837,#4838);
#3931=AXIS2_PLACEMENT_3D('',#6070,#4840,#4841);
#3932=AXIS2_PLACEMENT_3D('',#6072,#4843,#4844);
#3933=AXIS2_PLACEMENT_3D('',#6073,#4845,#4846);
#3934=AXIS2_PLACEMENT_3D('',#6075,#4848,#4849);
#3935=AXIS2_PLACEMENT_3D('',#6076,#4850,#4851);
#3936=AXIS2_PLACEMENT_3D('',#6083,#4856,#4857);
#3937=AXIS2_PLACEMENT_3D('',#6084,#4858,#4859);
#3938=AXIS2_PLACEMENT_3D('',#6085,#4860,#4861);
#3939=AXIS2_PLACEMENT_3D('',#6087,#4863,#4864);
#3940=AXIS2_PLACEMENT_3D('',#6089,#4866,#4867);
#3941=AXIS2_PLACEMENT_3D('',#6091,#4869,#4870);
#3942=AXIS2_PLACEMENT_3D('',#6093,#4872,#4873);
#3943=AXIS2_PLACEMENT_3D('',#6095,#4875,#4876);
#3944=AXIS2_PLACEMENT_3D('',#6096,#4877,#4878);
#3945=AXIS2_PLACEMENT_3D('',#6097,#4879,#4880);
#3946=AXIS2_PLACEMENT_3D('',#6104,#4884,#4885);
#3947=AXIS2_PLACEMENT_3D('',#6112,#4890,#4891);
#3948=AXIS2_PLACEMENT_3D('',#6115,#4894,#4895);
#3949=AXIS2_PLACEMENT_3D('',#6122,#4900,#4901);
#3950=AXIS2_PLACEMENT_3D('',#6128,#4905,#4906);
#3951=AXIS2_PLACEMENT_3D('',#6133,#4909,#4910);
#3952=AXIS2_PLACEMENT_3D('',#6140,#4914,#4915);
#3953=AXIS2_PLACEMENT_3D('',#6142,#4916,#4917);
#3954=AXIS2_PLACEMENT_3D('',#6143,#4918,#4919);
#3955=AXIS2_PLACEMENT_3D('',#6146,#4922,#4923);
#3956=AXIS2_PLACEMENT_3D('',#6148,#4925,#4926);
#3957=AXIS2_PLACEMENT_3D('',#6149,#4927,#4928);
#3958=AXIS2_PLACEMENT_3D('',#6151,#4930,#4931);
#3959=AXIS2_PLACEMENT_3D('',#6153,#4933,#4934);
#3960=AXIS2_PLACEMENT_3D('',#6156,#4937,#4938);
#3961=AXIS2_PLACEMENT_3D('',#6157,#4939,#4940);
#3962=AXIS2_PLACEMENT_3D('',#6159,#4942,#4943);
#3963=DIRECTION('axis',(0.,0.,1.));
#3964=DIRECTION('refdir',(1.,0.,0.));
#3965=DIRECTION('center_axis',(-8.32667268468868E-17,-1.,0.));
#3966=DIRECTION('ref_axis',(1.,-8.32667268468868E-17,-1.06773316309026E-16));
#3967=DIRECTION('',(1.,-8.32667268468868E-17,-1.06773316309026E-16));
#3968=DIRECTION('',(0.,0.,1.));
#3969=DIRECTION('',(1.,-8.32667268468868E-17,-1.06773316309026E-16));
#3970=DIRECTION('',(0.,0.,1.));
#3971=DIRECTION('center_axis',(1.,-8.32667268468869E-17,0.));
#3972=DIRECTION('ref_axis',(8.32667268468869E-17,1.,1.11693175231075E-16));
#3973=DIRECTION('',(8.32667268468869E-17,1.,1.11693175231075E-16));
#3974=DIRECTION('',(0.,0.,-1.));
#3975=DIRECTION('',(8.32667268468869E-17,1.,1.11693175231075E-16));
#3976=DIRECTION('center_axis',(-0.999999999999797,-6.36736501246518E-7,
0.));
#3977=DIRECTION('ref_axis',(6.36736501246518E-7,-0.999999999999797,-1.11693243217521E-16));
#3978=DIRECTION('',(6.36736501246518E-7,-0.999999999999797,-1.11693243217521E-16));
#3979=DIRECTION('',(6.36736501246518E-7,-0.999999999999797,-1.11693243217521E-16));
#3980=DIRECTION('',(6.36736501246518E-7,-0.999999999999797,-1.11693243217521E-16));
#3981=DIRECTION('',(6.36736501246518E-7,-0.999999999999797,-1.11693243217521E-16));
#3982=DIRECTION('',(0.,0.,1.));
#3983=DIRECTION('center_axis',(-1.2734730023183E-6,0.999999999999189,0.));
#3984=DIRECTION('ref_axis',(-0.999999999999189,-1.2734730023183E-6,1.06773174070697E-16));
#3985=DIRECTION('',(0.999999999999189,1.2734730023183E-6,-1.06773174070697E-16));
#3986=DIRECTION('',(-0.999999999999189,-1.2734730023183E-6,1.06773174070697E-16));
#3987=DIRECTION('',(0.,0.,1.));
#3988=DIRECTION('center_axis',(0.999999999999189,1.27347300264173E-6,0.));
#3989=DIRECTION('ref_axis',(-1.27347300264173E-6,0.999999999999189,1.11693311203921E-16));
#3990=DIRECTION('',(1.27347300264173E-6,-0.999999999999189,-1.11693311203921E-16));
#3991=DIRECTION('',(-1.27347300264173E-6,0.999999999999189,1.11693311203921E-16));
#3992=DIRECTION('',(0.,0.,1.));
#3993=DIRECTION('center_axis',(0.,1.,0.));
#3994=DIRECTION('ref_axis',(0.,0.,1.));
#3995=DIRECTION('',(-1.,0.,-5.55111512312578E-16));
#3996=DIRECTION('',(0.,0.,-1.));
#3997=DIRECTION('',(1.,0.,0.));
#3998=DIRECTION('center_axis',(1.,0.,0.));
#3999=DIRECTION('ref_axis',(0.,0.,-1.));
#4000=DIRECTION('',(0.,0.,1.));
#4001=DIRECTION('',(0.,-1.,3.85185988877447E-34));
#4002=DIRECTION('',(0.,1.,3.69778549322347E-31));
#4003=DIRECTION('center_axis',(5.55111512312578E-16,3.69778549322347E-31,
-1.));
#4004=DIRECTION('ref_axis',(6.66133814775089E-16,-1.,0.));
#4005=DIRECTION('',(1.,0.,5.55111512312578E-16));
#4006=DIRECTION('',(0.,1.,3.69778549322347E-31));
#4007=DIRECTION('center_axis',(5.50240691601387E-16,9.06050731215534E-31,
-1.));
#4008=DIRECTION('ref_axis',(-1.,0.,0.));
#4009=DIRECTION('',(0.707107765051897,-0.707105797319829,3.89079465678866E-16));
#4010=DIRECTION('',(1.,0.,5.50240691601387E-16));
#4011=DIRECTION('',(1.63026203601002E-46,-1.,-9.06050731215534E-31));
#4012=DIRECTION('',(-1.,0.,-5.55111512312578E-16));
#4013=DIRECTION('',(0.,-1.,0.));
#4014=DIRECTION('',(1.,5.96744875736019E-16,-1.25253929830505E-46));
#4015=DIRECTION('',(0.,1.,0.));
#4016=DIRECTION('',(1.,3.02520274365127E-46,0.));
#4017=DIRECTION('',(0.,-1.,0.));
#4018=DIRECTION('',(-1.,-1.17000244121525E-30,-5.55111512312578E-16));
#4019=DIRECTION('',(-1.,-1.17000244121525E-30,-5.55111512312578E-16));
#4020=DIRECTION('',(-4.17517537818848E-31,-1.,-3.69778549322347E-31));
#4021=DIRECTION('',(-4.17517537818848E-31,1.,-3.69778549322347E-31));
#4022=DIRECTION('',(-1.,1.17000244121525E-30,-5.55111512312578E-16));
#4023=DIRECTION('',(-1.,1.17000244121525E-30,-5.55111512312578E-16));
#4024=DIRECTION('',(0.,1.,0.));
#4025=DIRECTION('',(1.,-3.02520274365127E-46,0.));
#4026=DIRECTION('',(0.,-1.,0.));
#4027=DIRECTION('',(1.,-5.96744875736019E-16,-1.25253929830505E-46));
#4028=DIRECTION('',(0.,1.,0.));
#4029=DIRECTION('',(1.,0.,5.55111512312578E-16));
#4030=DIRECTION('',(1.63026203601002E-46,1.,-9.06050731215534E-31));
#4031=DIRECTION('',(1.,0.,5.50240691601387E-16));
#4032=DIRECTION('',(0.707107765051897,0.707105797319829,3.89079465678866E-16));
#4033=DIRECTION('center_axis',(-5.50240691601387E-16,9.06050731215534E-31,
1.));
#4034=DIRECTION('ref_axis',(-1.,0.,0.));
#4035=DIRECTION('center_axis',(-5.50240691601387E-16,-9.06050731215534E-31,
1.));
#4036=DIRECTION('ref_axis',(-1.,0.,0.));
#4037=DIRECTION('center_axis',(5.50240691601387E-16,-9.06050731215534E-31,
-1.));
#4038=DIRECTION('ref_axis',(-1.,0.,0.));
#4039=DIRECTION('center_axis',(1.,0.,0.));
#4040=DIRECTION('ref_axis',(0.,0.,1.));
#4041=DIRECTION('',(0.,0.,1.));
#4042=DIRECTION('',(0.,0.,1.));
#4043=DIRECTION('',(0.,-1.,3.85185988877447E-34));
#4044=DIRECTION('center_axis',(0.,-1.,0.));
#4045=DIRECTION('ref_axis',(0.,0.,-1.));
#4046=DIRECTION('',(-1.,0.,0.));
#4047=DIRECTION('center_axis',(0.,-3.85185988877447E-34,-1.));
#4048=DIRECTION('ref_axis',(-4.78454413139868E-35,1.,-3.85185988877447E-34));
#4049=DIRECTION('center_axis',(0.,0.,-1.));
#4050=DIRECTION('ref_axis',(-1.,0.,0.));
#4051=DIRECTION('',(-0.707107765051897,-0.707105797319829,0.));
#4052=DIRECTION('',(-1.,0.,0.));
#4053=DIRECTION('',(8.32667268468869E-17,-1.,-3.85185988877447E-34));
#4054=DIRECTION('',(-1.,-8.32667268468868E-17,-3.20731765211064E-50));
#4055=DIRECTION('',(-8.32667268468869E-17,1.,3.85185988877447E-34));
#4056=DIRECTION('',(1.,8.32667268468868E-17,3.20731765211064E-50));
#4057=DIRECTION('',(0.,-1.,-3.85185988877447E-34));
#4058=DIRECTION('',(-1.,0.,0.));
#4059=DIRECTION('',(9.29811783123566E-16,-1.,-3.85185988877447E-34));
#4060=DIRECTION('',(1.,0.,0.));
#4061=DIRECTION('',(0.,1.,0.));
#4062=DIRECTION('',(1.,0.,0.));
#4063=DIRECTION('center_axis',(0.,-3.85185988877447E-34,1.));
#4064=DIRECTION('ref_axis',(-0.906307787036651,-0.422618261740697,0.));
#4065=DIRECTION('',(0.642787609686539,0.766044443118978,0.));
#4066=DIRECTION('',(-1.,0.,0.));
#4067=DIRECTION('center_axis',(0.,0.,1.));
#4068=DIRECTION('ref_axis',(1.,0.,0.));
#4069=DIRECTION('center_axis',(0.,0.,-1.));
#4070=DIRECTION('ref_axis',(1.,0.,0.));
#4071=DIRECTION('',(-1.,0.,0.));
#4072=DIRECTION('',(0.642787609686539,-0.766044443118978,0.));
#4073=DIRECTION('center_axis',(0.,-3.85185988877447E-34,-1.));
#4074=DIRECTION('ref_axis',(-0.906307787036651,0.422618261740697,0.));
#4075=DIRECTION('',(1.,0.,0.));
#4076=DIRECTION('',(0.,-1.,0.));
#4077=DIRECTION('',(1.,0.,0.));
#4078=DIRECTION('',(0.,1.,0.));
#4079=DIRECTION('',(-1.,0.,0.));
#4080=DIRECTION('',(0.,1.,-3.85185988877447E-34));
#4081=DIRECTION('',(1.,-8.32667268468868E-17,3.20731765211064E-50));
#4082=DIRECTION('',(-8.32667268468869E-17,-1.,3.85185988877447E-34));
#4083=DIRECTION('',(-1.,8.32667268468868E-17,-3.20731765211064E-50));
#4084=DIRECTION('',(8.32667268468869E-17,1.,-3.85185988877447E-34));
#4085=DIRECTION('',(-1.,0.,0.));
#4086=DIRECTION('',(-0.707107765051897,0.707105797319829,0.));
#4087=DIRECTION('center_axis',(0.,0.,1.));
#4088=DIRECTION('ref_axis',(-1.,0.,0.));
#4089=DIRECTION('center_axis',(0.,0.,1.));
#4090=DIRECTION('ref_axis',(-1.,0.,0.));
#4091=DIRECTION('center_axis',(0.,0.,-1.));
#4092=DIRECTION('ref_axis',(-1.,0.,0.));
#4093=DIRECTION('center_axis',(0.,1.,0.));
#4094=DIRECTION('ref_axis',(1.,0.,1.38777878078144E-17));
#4095=DIRECTION('center_axis',(-1.66533453693773E-16,-1.,-3.02650923630633E-26));
#4096=DIRECTION('ref_axis',(1.,-1.66533453693773E-16,1.38777878078144E-17));
#4097=DIRECTION('',(0.,-1.,0.));
#4098=DIRECTION('center_axis',(1.66533453693773E-16,1.,3.02650923630633E-26));
#4099=DIRECTION('ref_axis',(1.,-1.66533453693773E-16,1.38777878078144E-17));
#4100=DIRECTION('center_axis',(-5.96744875736019E-16,1.,5.77697418080963E-31));
#4101=DIRECTION('ref_axis',(1.,5.96744875736019E-16,5.50240691601387E-16));
#4102=DIRECTION('',(1.,5.96744875736019E-16,1.38777878078145E-17));
#4103=DIRECTION('center_axis',(-5.96744875736019E-16,1.,5.77697418080963E-31));
#4104=DIRECTION('ref_axis',(-1.,0.,0.));
#4105=DIRECTION('',(0.,3.51258257803109E-32,1.));
#4106=DIRECTION('',(0.,0.,-1.));
#4107=DIRECTION('',(-0.823947133813225,0.,-0.566666675110661));
#4108=DIRECTION('center_axis',(-5.96744875736019E-16,1.,5.77697418080963E-31));
#4109=DIRECTION('ref_axis',(-1.,0.,0.));
#4110=DIRECTION('',(1.,5.96744875736019E-16,6.72871774320288E-32));
#4111=DIRECTION('',(-4.00593428432545E-32,-5.77697418080963E-31,1.));
#4112=DIRECTION('',(-1.,0.,0.));
#4113=DIRECTION('center_axis',(-5.96744875736019E-16,1.,5.77697418080963E-31));
#4114=DIRECTION('ref_axis',(-1.,0.,0.));
#4115=DIRECTION('',(1.,0.,0.));
#4116=DIRECTION('',(-1.38777878006279E-17,-5.8597891683754E-31,1.));
#4117=DIRECTION('center_axis',(-5.96744875736019E-16,1.,5.77697418080963E-31));
#4118=DIRECTION('ref_axis',(-1.,0.,0.));
#4119=DIRECTION('center_axis',(0.,0.,-1.));
#4120=DIRECTION('ref_axis',(-1.,0.,0.));
#4121=DIRECTION('',(-1.,1.66533453693755E-16,0.));
#4122=DIRECTION('',(1.58134772578283E-8,-1.,2.19456081887841E-25));
#4123=DIRECTION('',(1.,-1.66533453693774E-16,-1.34274526367858E-16));
#4124=DIRECTION('',(8.32667268468867E-17,1.,0.));
#4125=DIRECTION('center_axis',(0.,0.,-1.));
#4126=DIRECTION('ref_axis',(-1.,0.,0.));
#4127=DIRECTION('',(1.,1.66533453693755E-16,0.));
#4128=DIRECTION('',(-8.32667268468867E-17,1.,0.));
#4129=DIRECTION('',(-1.,1.66533453693774E-16,1.34274526367858E-16));
#4130=DIRECTION('',(1.58134772578283E-8,-1.,2.19456081887841E-25));
#4131=DIRECTION('center_axis',(-1.66533453693774E-16,-1.,0.));
#4132=DIRECTION('ref_axis',(-1.,1.66533453693774E-16,1.34274526367858E-16));
#4133=DIRECTION('',(-1.,1.66533453693774E-16,0.));
#4134=DIRECTION('',(-1.80365467301569E-24,1.14058068545475E-16,1.));
#4135=DIRECTION('',(1.38777878006279E-17,-2.31111593206788E-33,-1.));
#4136=DIRECTION('center_axis',(1.66533453693755E-16,-1.,2.77333640942783E-16));
#4137=DIRECTION('ref_axis',(1.,1.66533453693755E-16,1.38777878078144E-17));
#4138=DIRECTION('',(-1.,-1.66533453693755E-16,-1.38777878078145E-17));
#4139=DIRECTION('',(0.080410267616613,-2.63044593886361E-16,-0.996761851628474));
#4140=DIRECTION('',(-0.996761851628474,-1.8829466594917E-16,-0.080410267616613));
#4141=DIRECTION('center_axis',(1.66533453693755E-16,-1.,2.77333640942783E-16));
#4142=DIRECTION('ref_axis',(-1.,0.,0.));
#4143=DIRECTION('',(0.,-2.77333640942783E-16,-1.));
#4144=DIRECTION('',(-3.46179871708572E-47,-2.77333640942783E-16,-1.));
#4145=DIRECTION('',(1.,0.,0.));
#4146=DIRECTION('',(-5.50240691601389E-16,-2.46716227694479E-15,1.));
#4147=DIRECTION('',(1.,0.,0.));
#4148=DIRECTION('center_axis',(9.86864910777917E-16,1.,-2.77333640942782E-16));
#4149=DIRECTION('ref_axis',(-0.593187673427093,0.,0.805064211162161));
#4150=DIRECTION('',(-1.38777878006279E-17,2.77333640942783E-16,1.));
#4151=DIRECTION('center_axis',(-1.66533453693773E-16,1.,0.));
#4152=DIRECTION('ref_axis',(1.,-9.29811783123566E-16,5.50240691601387E-16));
#4153=DIRECTION('center_axis',(-1.38777878078145E-17,0.,1.));
#4154=DIRECTION('ref_axis',(-1.,-8.32667268468867E-17,-1.38777878078145E-17));
#4155=DIRECTION('',(-1.,-8.32667268468867E-17,-1.38777878078145E-17));
#4156=DIRECTION('',(0.,1.,0.));
#4157=DIRECTION('',(1.,-5.96744875736019E-16,1.38777878078145E-17));
#4158=DIRECTION('',(0.,-1.,0.));
#4159=DIRECTION('',(-1.,-8.32667268468867E-17,-1.38777878078145E-17));
#4160=DIRECTION('',(0.,1.,0.));
#4161=DIRECTION('center_axis',(-8.32667268468867E-17,-1.,-1.14058068545475E-16));
#4162=DIRECTION('ref_axis',(1.,-8.32667268468867E-17,1.38777878078145E-17));
#4163=DIRECTION('',(-1.,8.32667268468867E-17,-1.38777878078145E-17));
#4164=DIRECTION('center_axis',(-8.32667268468867E-17,-1.,-1.14058068545475E-16));
#4165=DIRECTION('ref_axis',(-1.,0.,0.));
#4166=DIRECTION('',(-1.,8.32667268468867E-17,-1.38777878078145E-17));
#4167=DIRECTION('',(0.080410267616613,1.06993231807238E-16,-0.996761851628474));
#4168=DIRECTION('',(1.,-8.32667268468867E-17,0.));
#4169=DIRECTION('center_axis',(8.32667268468867E-17,1.,1.14058068545475E-16));
#4170=DIRECTION('ref_axis',(-1.,2.22044604925031E-16,-1.38777878078144E-17));
#4171=DIRECTION('',(1.,-8.32667268468867E-17,0.));
#4172=DIRECTION('',(-1.38777878006279E-17,2.31111593206788E-33,1.));
#4173=DIRECTION('center_axis',(1.38777878078145E-17,0.,-1.));
#4174=DIRECTION('ref_axis',(-1.,8.32667268468867E-17,-1.38777878078145E-17));
#4175=DIRECTION('',(-1.,1.66533453693755E-16,-1.38777878078145E-17));
#4176=DIRECTION('',(0.,-1.,0.));
#4177=DIRECTION('',(0.,1.,0.));
#4178=DIRECTION('',(0.,-1.,0.));
#4179=DIRECTION('center_axis',(-1.,-9.29811783123566E-16,-5.50240691601387E-16));
#4180=DIRECTION('ref_axis',(-9.29811783123566E-16,1.,3.94430452610505E-31));
#4181=DIRECTION('',(0.,-1.12757025938492E-16,1.));
#4182=DIRECTION('center_axis',(1.,1.12498382876519E-31,-3.08148791101958E-33));
#4183=DIRECTION('ref_axis',(-1.10933564796705E-31,1.,1.12757025938492E-16));
#4184=DIRECTION('',(0.,0.,1.));
#4185=DIRECTION('',(1.10933564796705E-31,-1.,-1.12757025938492E-16));
#4186=DIRECTION('',(0.,0.,1.));
#4187=DIRECTION('center_axis',(1.,1.09857451440278E-30,5.88564191004739E-31));
#4188=DIRECTION('ref_axis',(1.23518586476209E-30,-0.890607292870719,-0.45477318509944));
#4189=DIRECTION('',(-5.50240691601389E-16,2.46716227694479E-15,1.));
#4190=DIRECTION('center_axis',(1.,9.29811783123566E-16,5.50240691601387E-16));
#4191=DIRECTION('ref_axis',(0.,1.,1.12757025938492E-16));
#4192=DIRECTION('',(-9.29811783123566E-16,1.,0.));
#4193=DIRECTION('',(-5.50240691601387E-16,-7.4497321118215E-32,1.));
#4194=DIRECTION('',(0.,-1.,0.));
#4195=DIRECTION('',(-7.70371977754895E-33,-3.85185988877447E-34,-1.));
#4196=DIRECTION('',(5.50240691601387E-16,0.,-1.));
#4197=DIRECTION('center_axis',(1.,1.12498382876519E-31,-3.08148791101958E-33));
#4198=DIRECTION('ref_axis',(-1.11331176140062E-31,1.,1.12757025938492E-16));
#4199=DIRECTION('',(9.29811783123566E-16,-1.,0.));
#4200=DIRECTION('center_axis',(-1.,-1.12498382876519E-31,3.08148791101958E-33));
#4201=DIRECTION('ref_axis',(-1.08468374467889E-31,1.,1.12757025938492E-16));
#4202=DIRECTION('center_axis',(-1.,-9.29811783123566E-16,-5.50240691601387E-16));
#4203=DIRECTION('ref_axis',(-9.29811783123566E-16,1.,3.94430452610505E-31));
#4204=DIRECTION('',(0.,1.12757025938492E-16,-1.));
#4205=DIRECTION('center_axis',(-1.,-1.12498382876519E-31,3.08148791101958E-33));
#4206=DIRECTION('ref_axis',(-1.08468374467889E-31,1.,1.12757025938492E-16));
#4207=DIRECTION('center_axis',(-1.,-1.12498382876519E-31,3.08148791101958E-33));
#4208=DIRECTION('ref_axis',(-1.08468374467889E-31,1.,1.12757025938492E-16));
#4209=DIRECTION('',(9.29811783123566E-16,-1.,0.));
#4210=DIRECTION('center_axis',(1.,1.12498382876519E-31,-3.08148791101958E-33));
#4211=DIRECTION('ref_axis',(-1.11331176140062E-31,1.,1.12757025938492E-16));
#4212=DIRECTION('',(-5.50240691601387E-16,0.,1.));
#4213=DIRECTION('',(-7.70371977754895E-33,3.85185988877447E-34,-1.));
#4214=DIRECTION('',(0.,1.,0.));
#4215=DIRECTION('',(-5.50240691601387E-16,7.4497321118215E-32,1.));
#4216=DIRECTION('',(-9.29811783123566E-16,-1.,0.));
#4217=DIRECTION('center_axis',(-1.,9.29811783123566E-16,-5.50240691601387E-16));
#4218=DIRECTION('ref_axis',(0.,-1.,1.12757025938492E-16));
#4219=DIRECTION('center_axis',(-1.,1.09857451440278E-30,-5.88564191004739E-31));
#4220=DIRECTION('ref_axis',(1.23518586476209E-30,0.890607292870719,-0.45477318509944));
#4221=DIRECTION('',(0.,0.,1.));
#4222=DIRECTION('',(1.10933564796705E-31,1.,-1.12757025938492E-16));
#4223=DIRECTION('',(0.,0.,1.));
#4224=DIRECTION('center_axis',(-1.,1.12498382876519E-31,3.08148791101958E-33));
#4225=DIRECTION('ref_axis',(-1.10933564796705E-31,-1.,1.12757025938492E-16));
#4226=DIRECTION('center_axis',(-1.,0.,0.));
#4227=DIRECTION('ref_axis',(0.,-1.,-1.12757025938492E-16));
#4228=DIRECTION('center_axis',(-1.,4.66821344395161E-31,-2.77333911991762E-32));
#4229=DIRECTION('ref_axis',(0.,-1.,-1.12757025938492E-16));
#4230=DIRECTION('',(1.,0.,0.));
#4231=DIRECTION('',(-1.,0.,0.));
#4232=DIRECTION('center_axis',(0.,-2.77555756156289E-16,-1.));
#4233=DIRECTION('ref_axis',(1.,0.,0.));
#4234=DIRECTION('center_axis',(0.,-2.77555756156289E-16,1.));
#4235=DIRECTION('ref_axis',(1.,0.,0.));
#4236=DIRECTION('center_axis',(1.84889274661175E-32,0.,1.));
#4237=DIRECTION('ref_axis',(0.707106781186548,0.707106781186547,0.));
#4238=DIRECTION('center_axis',(0.,0.,1.));
#4239=DIRECTION('ref_axis',(1.,0.,0.));
#4240=DIRECTION('',(1.10933564796705E-31,-1.,-1.12757025938492E-16));
#4241=DIRECTION('',(-1.,0.,0.));
#4242=DIRECTION('center_axis',(1.38777878078145E-17,-2.08914434645395E-33,
-1.));
#4243=DIRECTION('ref_axis',(1.,-1.66533453693773E-16,1.38777878078145E-17));
#4244=DIRECTION('',(-1.,0.,-1.38777878078145E-17));
#4245=DIRECTION('',(-1.50538715203411E-16,-1.,0.));
#4246=DIRECTION('',(1.,0.,1.38777878078145E-17));
#4247=DIRECTION('',(-1.50538715203411E-16,-1.,0.));
#4248=DIRECTION('center_axis',(1.38777878078145E-17,-2.08914434645395E-33,
-1.));
#4249=DIRECTION('ref_axis',(1.,-1.66533453693773E-16,1.38777878078145E-17));
#4250=DIRECTION('',(-1.,0.,-1.38777878078145E-17));
#4251=DIRECTION('',(-1.50538715203411E-16,-1.,0.));
#4252=DIRECTION('',(1.,0.,1.38777878078145E-17));
#4253=DIRECTION('',(-1.50538715203411E-16,-1.,0.));
#4254=DIRECTION('center_axis',(-1.50538715203411E-16,-1.,0.));
#4255=DIRECTION('ref_axis',(-1.38777878078145E-17,2.08914434645396E-33,
1.));
#4256=DIRECTION('center_axis',(0.,1.,0.));
#4257=DIRECTION('ref_axis',(-1.38777878078145E-17,2.08914434645396E-33,
1.));
#4258=DIRECTION('',(-1.50538715203411E-16,-1.,0.));
#4259=DIRECTION('center_axis',(0.,-1.,0.));
#4260=DIRECTION('ref_axis',(-1.38777878078145E-17,2.08914434645396E-33,
1.));
#4261=DIRECTION('center_axis',(-1.38777878078145E-17,2.08914434645395E-33,
1.));
#4262=DIRECTION('ref_axis',(-1.,1.66533453693773E-16,-1.38777878078145E-17));
#4263=DIRECTION('',(1.,0.,1.38777878078145E-17));
#4264=DIRECTION('',(-1.50538715203411E-16,-1.,0.));
#4265=DIRECTION('',(-1.,0.,-1.38777878078145E-17));
#4266=DIRECTION('center_axis',(-1.50538715203411E-16,-1.,0.));
#4267=DIRECTION('ref_axis',(1.38777878078145E-17,-2.08914434645396E-33,
-1.));
#4268=DIRECTION('center_axis',(0.,1.,0.));
#4269=DIRECTION('ref_axis',(1.38777878078145E-17,-2.08914434645396E-33,
-1.));
#4270=DIRECTION('center_axis',(0.,-1.,0.));
#4271=DIRECTION('ref_axis',(1.38777878078145E-17,-2.08914434645396E-33,
-1.));
#4272=DIRECTION('center_axis',(-1.50538715203411E-16,-1.,0.));
#4273=DIRECTION('ref_axis',(1.38777878078145E-17,-2.08914434645396E-33,
-1.));
#4274=DIRECTION('center_axis',(0.,1.,0.));
#4275=DIRECTION('ref_axis',(1.38777878078145E-17,-2.08914434645396E-33,
-1.));
#4276=DIRECTION('center_axis',(0.,-1.,0.));
#4277=DIRECTION('ref_axis',(1.38777878078145E-17,-2.08914434645396E-33,
-1.));
#4278=DIRECTION('',(-1.50538715203411E-16,-1.,0.));
#4279=DIRECTION('center_axis',(-1.38777878078145E-17,2.08914434645395E-33,
1.));
#4280=DIRECTION('ref_axis',(-1.,1.66533453693773E-16,-1.38777878078145E-17));
#4281=DIRECTION('',(1.,0.,1.38777878078145E-17));
#4282=DIRECTION('',(-1.,0.,-1.38777878078145E-17));
#4283=DIRECTION('',(-1.50538715203411E-16,-1.,0.));
#4284=DIRECTION('center_axis',(-1.50538715203411E-16,-1.,0.));
#4285=DIRECTION('ref_axis',(-1.38777878078145E-17,2.08914434645396E-33,
1.));
#4286=DIRECTION('center_axis',(0.,1.,0.));
#4287=DIRECTION('ref_axis',(-1.38777878078145E-17,2.08914434645396E-33,
1.));
#4288=DIRECTION('center_axis',(0.,-1.,0.));
#4289=DIRECTION('ref_axis',(-1.38777878078145E-17,2.08914434645396E-33,
1.));
#4290=DIRECTION('center_axis',(3.92523105479579E-16,0.707106797744238,-0.707106764628857));
#4291=DIRECTION('ref_axis',(-1.,0.,-5.55111512312578E-16));
#4292=DIRECTION('',(0.,0.707106764628857,0.707106797744238));
#4293=DIRECTION('',(1.,0.,5.55111512312578E-16));
#4294=DIRECTION('center_axis',(-3.92523105479579E-16,-0.707106797744238,
0.707106764628857));
#4295=DIRECTION('ref_axis',(0.,0.707106764628857,0.707106797744238));
#4296=DIRECTION('',(-0.71685229194752,-0.493012560064841,-0.493012583153715));
#4297=DIRECTION('',(0.,-0.707106764628857,-0.707106797744238));
#4298=DIRECTION('center_axis',(1.,0.,0.));
#4299=DIRECTION('ref_axis',(0.,-1.,0.));
#4300=DIRECTION('',(0.,1.,0.));
#4301=DIRECTION('center_axis',(-0.566666675110661,0.,0.823947133813225));
#4302=DIRECTION('ref_axis',(-0.823947133813225,0.,-0.566666675110661));
#4303=DIRECTION('',(0.,1.,0.));
#4304=DIRECTION('center_axis',(0.,1.,0.));
#4305=DIRECTION('ref_axis',(-1.,0.,0.));
#4306=DIRECTION('center_axis',(0.,-1.,0.));
#4307=DIRECTION('ref_axis',(-1.,0.,0.));
#4308=DIRECTION('',(0.,-1.,0.));
#4309=DIRECTION('',(0.,1.,0.));
#4310=DIRECTION('center_axis',(0.,-1.,-1.12757025938492E-16));
#4311=DIRECTION('ref_axis',(-1.,0.,0.));
#4312=DIRECTION('',(0.,-1.,0.));
#4313=DIRECTION('center_axis',(3.92523105479579E-16,-0.707106797744238,
-0.707106764628857));
#4314=DIRECTION('ref_axis',(-1.,0.,-5.55111512312578E-16));
#4315=DIRECTION('',(0.,0.707106764628857,-0.707106797744238));
#4316=DIRECTION('',(0.,-0.707106764628857,0.707106797744238));
#4317=DIRECTION('',(0.71685229194752,-0.493012560064841,0.493012583153715));
#4318=DIRECTION('center_axis',(-3.92523105479579E-16,0.707106797744238,
0.707106764628857));
#4319=DIRECTION('ref_axis',(0.,-0.707106764628857,0.707106797744238));
#4320=DIRECTION('',(-1.,0.,-5.55111512312578E-16));
#4321=DIRECTION('center_axis',(1.,0.,0.));
#4322=DIRECTION('ref_axis',(0.,1.,0.));
#4323=DIRECTION('',(-1.5681750672736E-16,0.,-1.));
#4324=DIRECTION('',(0.,-1.,0.));
#4325=DIRECTION('',(0.,0.,1.));
#4326=DIRECTION('',(0.,0.,-1.));
#4327=DIRECTION('center_axis',(-1.,0.,0.));
#4328=DIRECTION('ref_axis',(0.,-1.,1.14058068545475E-16));
#4329=DIRECTION('',(0.,0.,-1.));
#4330=DIRECTION('center_axis',(0.,1.,0.));
#4331=DIRECTION('ref_axis',(-1.5681750672736E-16,0.,-1.));
#4332=DIRECTION('center_axis',(0.,-1.,0.));
#4333=DIRECTION('ref_axis',(-1.,0.,0.));
#4334=DIRECTION('',(0.,0.,-1.));
#4335=DIRECTION('',(0.,0.,-1.));
#4336=DIRECTION('center_axis',(0.,1.,0.));
#4337=DIRECTION('ref_axis',(-1.,0.,0.));
#4338=DIRECTION('',(0.996761851628474,0.,0.080410267616613));
#4339=DIRECTION('',(0.080410267616613,0.,-0.996761851628474));
#4340=DIRECTION('',(1.,-2.72023914693877E-137,0.));
#4341=DIRECTION('center_axis',(-1.66533453693773E-16,1.,0.));
#4342=DIRECTION('ref_axis',(-1.,-1.66533453693773E-16,-1.38777878078144E-17));
#4343=DIRECTION('',(-1.,0.,0.));
#4344=DIRECTION('center_axis',(0.,1.,0.));
#4345=DIRECTION('ref_axis',(-1.,0.,0.));
#4346=DIRECTION('',(0.,-1.,0.));
#4347=DIRECTION('center_axis',(5.96744875736019E-16,1.,-5.77697418080963E-31));
#4348=DIRECTION('ref_axis',(-1.,0.,0.));
#4349=DIRECTION('',(0.,1.,0.));
#4350=DIRECTION('center_axis',(0.,-1.,1.12757025938492E-16));
#4351=DIRECTION('ref_axis',(-1.,0.,0.));
#4352=DIRECTION('center_axis',(5.96744875736019E-16,1.,-5.77697418080963E-31));
#4353=DIRECTION('ref_axis',(-1.,0.,0.));
#4354=DIRECTION('',(0.,-1.,0.));
#4355=DIRECTION('center_axis',(5.96744875736019E-16,1.,-5.77697418080963E-31));
#4356=DIRECTION('ref_axis',(-1.,0.,0.));
#4357=DIRECTION('center_axis',(8.32667268468867E-17,-1.,1.14058068545475E-16));
#4358=DIRECTION('ref_axis',(-1.,0.,0.));
#4359=DIRECTION('center_axis',(5.96744875736019E-16,1.,-5.77697418080963E-31));
#4360=DIRECTION('ref_axis',(-1.,0.,0.));
#4361=DIRECTION('',(0.,1.,0.));
#4362=DIRECTION('center_axis',(1.,0.,0.));
#4363=DIRECTION('ref_axis',(0.,-1.,0.));
#4364=DIRECTION('center_axis',(-1.,-1.12498382876519E-31,3.08148791101958E-33));
#4365=DIRECTION('ref_axis',(-1.08468374467889E-31,1.,1.12757025938492E-16));
#4366=DIRECTION('',(1.,0.,0.));
#4367=DIRECTION('center_axis',(1.,0.,0.));
#4368=DIRECTION('ref_axis',(0.,-1.,0.));
#4369=DIRECTION('',(1.,0.,0.));
#4370=DIRECTION('center_axis',(-1.84889274661175E-32,0.,-1.));
#4371=DIRECTION('ref_axis',(0.707106781186548,-0.707106781186547,0.));
#4372=DIRECTION('center_axis',(0.,0.,-1.));
#4373=DIRECTION('ref_axis',(-1.,0.,0.));
#4374=DIRECTION('',(0.,1.,0.));
#4375=DIRECTION('',(0.707107765051897,0.707105797319829,0.));
#4376=DIRECTION('center_axis',(0.,0.,-1.));
#4377=DIRECTION('ref_axis',(-1.,0.,0.));
#4378=DIRECTION('',(0.,1.,0.));
#4379=DIRECTION('',(-0.642787609686539,-0.766044443118978,0.));
#4380=DIRECTION('center_axis',(0.,0.,-1.));
#4381=DIRECTION('ref_axis',(-0.906307787036651,-0.422618261740697,0.));
#4382=DIRECTION('',(-1.,0.,0.));
#4383=DIRECTION('center_axis',(0.,0.,1.));
#4384=DIRECTION('ref_axis',(-1.,0.,0.));
#4385=DIRECTION('center_axis',(0.,-1.,0.));
#4386=DIRECTION('ref_axis',(0.,0.,-1.));
#4387=DIRECTION('',(0.,0.,-1.));
#4388=DIRECTION('',(0.,0.,-1.));
#4389=DIRECTION('center_axis',(1.,0.,0.));
#4390=DIRECTION('ref_axis',(0.,0.890607292870719,-0.45477318509944));
#4391=DIRECTION('center_axis',(-1.,1.09857451440278E-30,-5.88564191004739E-31));
#4392=DIRECTION('ref_axis',(1.23518586476209E-30,0.890607292870719,-0.45477318509944));
#4393=DIRECTION('',(-1.,0.,0.));
#4394=DIRECTION('center_axis',(0.,1.,-1.12757025938492E-16));
#4395=DIRECTION('ref_axis',(3.08148791101958E-33,-1.12757025938492E-16,
-1.));
#4396=DIRECTION('',(3.08148791101958E-33,-1.12757025938492E-16,-1.));
#4397=DIRECTION('',(-1.,0.,0.));
#4398=DIRECTION('center_axis',(0.,0.,-1.));
#4399=DIRECTION('ref_axis',(-0.906307787036651,-0.422618261740697,0.));
#4400=DIRECTION('',(0.,0.,1.));
#4401=DIRECTION('center_axis',(1.,0.,0.));
#4402=DIRECTION('ref_axis',(0.,-1.,1.12757025938492E-16));
#4403=DIRECTION('',(-1.,0.,0.));
#4404=DIRECTION('center_axis',(0.707106781186541,-0.707106781186554,0.));
#4405=DIRECTION('ref_axis',(-0.707106781186554,-0.707106781186541,7.97312576675348E-17));
#4406=DIRECTION('',(1.,0.,0.));
#4407=DIRECTION('center_axis',(-1.,-8.32667268468867E-17,-1.38777878006279E-17));
#4408=DIRECTION('ref_axis',(8.32667268468867E-17,-1.,1.12757025938492E-16));
#4409=DIRECTION('',(1.,0.,0.));
#4410=DIRECTION('center_axis',(-1.,-8.32667268468867E-17,-1.38777878006279E-17));
#4411=DIRECTION('ref_axis',(8.32667268468867E-17,-1.,1.12757025938492E-16));
#4412=DIRECTION('',(1.,0.,0.));
#4413=DIRECTION('center_axis',(-1.,0.,1.09545677596332E-15));
#4414=DIRECTION('ref_axis',(0.,-1.,1.12757025938492E-16));
#4415=DIRECTION('',(1.,0.,0.));
#4416=DIRECTION('center_axis',(0.,-1.,0.));
#4417=DIRECTION('ref_axis',(0.,0.,-1.));
#4418=DIRECTION('',(-1.,0.,0.));
#4419=DIRECTION('',(0.,0.,1.));
#4420=DIRECTION('center_axis',(-1.,-8.32667268468869E-17,0.));
#4421=DIRECTION('ref_axis',(8.32667268468869E-17,-1.,1.11693175231075E-16));
#4422=DIRECTION('',(0.,0.,1.));
#4423=DIRECTION('center_axis',(1.,8.32667268468869E-17,0.));
#4424=DIRECTION('ref_axis',(0.,-1.,1.14058068545475E-16));
#4425=DIRECTION('center_axis',(1.,0.,0.));
#4426=DIRECTION('ref_axis',(0.,-1.,1.14058068545475E-16));
#4427=DIRECTION('',(-1.,0.,0.));
#4428=DIRECTION('center_axis',(-1.,-8.32667268468869E-17,0.));
#4429=DIRECTION('ref_axis',(0.,-1.,1.14058068545475E-16));
#4430=DIRECTION('',(1.,0.,0.));
#4431=DIRECTION('center_axis',(8.32667268468868E-17,-1.,0.));
#4432=DIRECTION('ref_axis',(1.,8.32667268468868E-17,-1.06773316309026E-16));
#4433=DIRECTION('',(0.,0.,1.));
#4434=DIRECTION('center_axis',(1.,8.32667268468869E-17,0.));
#4435=DIRECTION('ref_axis',(-8.32667268468869E-17,1.,-1.11693175231075E-16));
#4436=DIRECTION('',(0.,0.,1.));
#4437=DIRECTION('center_axis',(0.,5.6810500653273E-8,0.999999999999998));
#4438=DIRECTION('ref_axis',(-1.1421534867991E-31,-0.999999999999998,5.6810500653273E-8));
#4439=DIRECTION('',(1.,0.,0.));
#4440=DIRECTION('',(-1.1421534867991E-31,-0.999999999999998,5.6810500653273E-8));
#4441=DIRECTION('center_axis',(-0.080410267616613,0.,0.996761851628474));
#4442=DIRECTION('ref_axis',(0.,1.,0.));
#4443=DIRECTION('',(0.,1.,0.));
#4444=DIRECTION('',(0.,-1.,0.));
#4445=DIRECTION('center_axis',(0.996761851628474,0.,0.080410267616613));
#4446=DIRECTION('ref_axis',(-0.080410267616613,0.,0.996761851628474));
#4447=DIRECTION('',(0.080410267616613,-1.06993231807238E-16,-0.996761851628474));
#4448=DIRECTION('',(0.,-1.,0.));
#4449=DIRECTION('center_axis',(0.,1.,0.));
#4450=DIRECTION('ref_axis',(-1.,0.,0.));
#4451=DIRECTION('',(0.,-1.,0.));
#4452=DIRECTION('center_axis',(-1.,0.,0.));
#4453=DIRECTION('ref_axis',(0.,1.,0.));
#4454=DIRECTION('center_axis',(0.,-1.,0.));
#4455=DIRECTION('ref_axis',(-0.593187673427093,0.,0.805064211162161));
#4456=DIRECTION('',(0.,1.,0.));
#4457=DIRECTION('center_axis',(-1.66533453693773E-16,1.,-4.93038065763132E-32));
#4458=DIRECTION('ref_axis',(-0.593187673427093,-9.87855919443879E-17,0.805064211162161));
#4459=DIRECTION('',(0.,1.,0.));
#4460=DIRECTION('center_axis',(8.32667268468867E-17,-1.,1.14058068545475E-16));
#4461=DIRECTION('ref_axis',(1.,8.32667268468867E-17,1.38777878078145E-17));
#4462=DIRECTION('',(1.,8.32667268468867E-17,0.));
#4463=DIRECTION('center_axis',(-8.32667268468867E-17,1.,-1.14058068545475E-16));
#4464=DIRECTION('ref_axis',(-1.,-2.22044604925031E-16,-1.38777878078144E-17));
#4465=DIRECTION('',(1.,8.32667268468867E-17,0.));
#4466=DIRECTION('center_axis',(0.,0.,-1.));
#4467=DIRECTION('ref_axis',(0.,-1.,0.));
#4468=DIRECTION('',(0.,1.,0.));
#4469=DIRECTION('',(1.,0.,0.));
#4470=DIRECTION('',(-2.22044604925031E-16,1.,0.));
#4471=DIRECTION('',(-1.,0.,0.));
#4472=DIRECTION('',(-8.32667268468867E-17,1.,0.));
#4473=DIRECTION('',(0.707106781186554,0.707106781186541,0.));
#4474=DIRECTION('',(1.,-1.35390425054539E-16,0.));
#4475=DIRECTION('',(1.,-4.78454413139868E-35,0.));
#4476=DIRECTION('',(0.,1.,0.));
#4477=DIRECTION('center_axis',(2.22044604925031E-16,-1.,0.));
#4478=DIRECTION('ref_axis',(-1.,-2.22044604925031E-16,-1.38777878078144E-17));
#4479=DIRECTION('',(2.22044604925031E-16,-1.,0.));
#4480=DIRECTION('center_axis',(1.66533453693755E-16,-1.,2.77333640942783E-16));
#4481=DIRECTION('ref_axis',(1.,1.66533453693755E-16,1.38777878078144E-17));
#4482=DIRECTION('',(-1.38777878006279E-17,2.77333640942783E-16,1.));
#4483=DIRECTION('',(-1.,-1.66533453693774E-16,-6.91075274111617E-14));
#4484=DIRECTION('',(1.09545677596332E-15,2.77333640942783E-16,1.));
#4485=DIRECTION('center_axis',(-6.91075274111617E-14,0.,1.));
#4486=DIRECTION('ref_axis',(1.,1.66533453693774E-16,6.91075274111617E-14));
#4487=DIRECTION('',(0.,1.,0.));
#4488=DIRECTION('center_axis',(1.,0.,-1.09545677596332E-15));
#4489=DIRECTION('ref_axis',(-1.09545677596332E-15,-2.77333640942783E-16,
-1.));
#4490=DIRECTION('center_axis',(0.,0.,1.));
#4491=DIRECTION('ref_axis',(1.,0.,0.));
#4492=DIRECTION('center_axis',(1.35390425054539E-16,1.,0.));
#4493=DIRECTION('ref_axis',(1.,-1.35390425054539E-16,1.38777878078145E-17));
#4494=DIRECTION('',(0.,0.,-1.));
#4495=DIRECTION('',(1.,-1.35390425054539E-16,1.38777878078145E-17));
#4496=DIRECTION('center_axis',(-0.707106781186541,0.707106781186554,0.));
#4497=DIRECTION('ref_axis',(0.707106781186554,0.707106781186541,-6.99181798007611E-17));
#4498=DIRECTION('',(0.707106781186554,0.707106781186541,-6.99181798007611E-17));
#4499=DIRECTION('center_axis',(0.,0.,1.));
#4500=DIRECTION('ref_axis',(-1.,0.,0.));
#4501=DIRECTION('center_axis',(1.,0.,0.));
#4502=DIRECTION('ref_axis',(0.,-0.980437974626738,-0.196828295500976));
#4503=DIRECTION('center_axis',(1.,2.22044604925031E-16,1.38777878078144E-17));
#4504=DIRECTION('ref_axis',(0.,-0.980437974626738,-0.196828295500976));
#4505=DIRECTION('',(-1.,0.,0.));
#4506=DIRECTION('center_axis',(-1.,-8.32667268468867E-17,-1.38777878006279E-17));
#4507=DIRECTION('ref_axis',(8.43694023416813E-17,-0.980437974626738,-0.196828295500976));
#4508=DIRECTION('center_axis',(0.,-3.0036856002837E-15,-1.));
#4509=DIRECTION('ref_axis',(8.32667268468867E-17,-1.,3.0036856002837E-15));
#4510=DIRECTION('',(-2.22044604925031E-16,1.,-3.0036856002837E-15));
#4511=DIRECTION('',(-1.,0.,0.));
#4512=DIRECTION('',(8.32667268468867E-17,-1.,3.0036856002837E-15));
#4513=DIRECTION('center_axis',(1.,0.,0.));
#4514=DIRECTION('ref_axis',(0.,-0.971705930726915,-0.236193954601172));
#4515=DIRECTION('center_axis',(-1.,-8.32667268468867E-17,-1.38777878006279E-17));
#4516=DIRECTION('ref_axis',(8.4188621891084E-17,-0.971705930726915,-0.236193954601172));
#4517=DIRECTION('center_axis',(-1.,-2.22044604925031E-16,-1.38777878078144E-17));
#4518=DIRECTION('ref_axis',(0.,-0.971705930726915,-0.236193954601172));
#4519=DIRECTION('center_axis',(-1.,-8.32667268468867E-17,-1.38777878006279E-17));
#4520=DIRECTION('ref_axis',(8.32667268468867E-17,-1.,1.12757025938492E-16));
#4521=DIRECTION('',(-1.38777878006279E-17,5.8597891683754E-31,1.));
#4522=DIRECTION('center_axis',(-9.29811783123566E-16,-1.,3.94430452610505E-31));
#4523=DIRECTION('ref_axis',(1.,-9.29811783123566E-16,5.50240691601387E-16));
#4524=DIRECTION('',(-9.29811783123566E-16,-1.,3.94430452610505E-31));
#4525=DIRECTION('center_axis',(-5.96744875736019E-16,-1.,5.77697418080963E-31));
#4526=DIRECTION('ref_axis',(1.,-5.96744875736019E-16,5.50240691601387E-16));
#4527=DIRECTION('center_axis',(1.,2.22044604925031E-16,1.38777878078144E-17));
#4528=DIRECTION('ref_axis',(1.38777878078144E-17,0.,-1.));
#4529=DIRECTION('center_axis',(1.,0.,0.));
#4530=DIRECTION('ref_axis',(0.,1.,-1.12757025938492E-16));
#4531=DIRECTION('center_axis',(-1.,2.62167213679712E-32,0.));
#4532=DIRECTION('ref_axis',(2.70900036133589E-32,1.,-1.12757025938492E-16));
#4533=DIRECTION('',(-1.,0.,0.));
#4534=DIRECTION('center_axis',(1.,-1.56481807981463E-33,4.00593428432545E-32));
#4535=DIRECTION('ref_axis',(-5.73057437024413E-66,1.,-1.12757025938492E-16));
#4536=DIRECTION('',(-4.00593428432545E-32,5.77697418080963E-31,1.));
#4537=DIRECTION('center_axis',(-1.,1.56481807981463E-33,-4.00593428432545E-32));
#4538=DIRECTION('ref_axis',(0.,1.,-1.12757025938492E-16));
#4539=DIRECTION('',(4.00593428432545E-32,-1.12757025938492E-16,-1.));
#4540=DIRECTION('',(1.56481807981463E-33,1.,-1.12757025938492E-16));
#4541=DIRECTION('center_axis',(-1.,0.,0.));
#4542=DIRECTION('ref_axis',(0.,1.,-1.12757025938492E-16));
#4543=DIRECTION('',(1.,0.,0.));
#4544=DIRECTION('center_axis',(0.,1.,-1.12757025938492E-16));
#4545=DIRECTION('ref_axis',(4.7162590384664E-15,1.12757025938492E-16,1.));
#4546=DIRECTION('',(1.,0.,0.));
#4547=DIRECTION('center_axis',(0.,1.12757025938492E-16,1.));
#4548=DIRECTION('ref_axis',(-3.26155300405092E-16,-1.,1.12757025938492E-16));
#4549=DIRECTION('',(1.,-5.96744875736019E-16,6.72871774320288E-32));
#4550=DIRECTION('center_axis',(5.96744875736019E-16,1.,-5.77697418080963E-31));
#4551=DIRECTION('ref_axis',(1.,-5.96744875736019E-16,5.50240691601387E-16));
#4552=DIRECTION('',(-0.823947133813225,0.,-0.566666675110661));
#4553=DIRECTION('',(0.,0.,-1.));
#4554=DIRECTION('',(0.,-3.51258257803109E-32,1.));
#4555=DIRECTION('center_axis',(0.,1.,0.));
#4556=DIRECTION('ref_axis',(0.,0.,1.));
#4557=DIRECTION('center_axis',(0.566666675110661,0.,-0.823947133813225));
#4558=DIRECTION('ref_axis',(-0.823947133813225,0.,-0.566666675110661));
#4559=DIRECTION('',(0.,-1.,0.));
#4560=DIRECTION('center_axis',(0.,0.,-1.));
#4561=DIRECTION('ref_axis',(-1.,0.,0.));
#4562=DIRECTION('',(0.,0.,-1.));
#4563=DIRECTION('center_axis',(0.,-1.,0.));
#4564=DIRECTION('ref_axis',(0.,0.,-1.));
#4565=DIRECTION('',(1.,0.,0.));
#4566=DIRECTION('',(0.,0.,-1.));
#4567=DIRECTION('',(-1.,0.,0.));
#4568=DIRECTION('',(-9.24029229205871E-25,2.90960404747791E-16,-1.));
#4569=DIRECTION('center_axis',(0.,0.,-1.));
#4570=DIRECTION('ref_axis',(-1.,0.,0.));
#4571=DIRECTION('',(0.,0.,-1.));
#4572=DIRECTION('center_axis',(-0.707105797319829,0.707107765051897,0.));
#4573=DIRECTION('ref_axis',(-0.707107765051897,-0.707105797319829,0.));
#4574=DIRECTION('',(0.,0.,1.));
#4575=DIRECTION('center_axis',(-1.,0.,0.));
#4576=DIRECTION('ref_axis',(0.,1.,0.));
#4577=DIRECTION('center_axis',(1.,0.,0.));
#4578=DIRECTION('ref_axis',(0.,-1.,0.));
#4579=DIRECTION('center_axis',(0.,1.,0.));
#4580=DIRECTION('ref_axis',(-1.,0.,0.));
#4581=DIRECTION('center_axis',(0.,0.,1.));
#4582=DIRECTION('ref_axis',(0.,-1.,0.));
#4583=DIRECTION('',(0.707107765051897,0.707105797319829,0.));
#4584=DIRECTION('',(0.,-1.,0.));
#4585=DIRECTION('',(1.,0.,0.));
#4586=DIRECTION('center_axis',(0.,-1.,0.));
#4587=DIRECTION('ref_axis',(0.,0.,-1.));
#4588=DIRECTION('',(-1.,0.,0.));
#4589=DIRECTION('',(0.,0.,-1.));
#4590=DIRECTION('',(1.,0.,0.));
#4591=DIRECTION('',(0.,0.,1.));
#4592=DIRECTION('center_axis',(0.,1.,0.));
#4593=DIRECTION('ref_axis',(0.,0.,1.));
#4594=DIRECTION('',(1.,0.,0.));
#4595=DIRECTION('',(0.,0.,-1.));
#4596=DIRECTION('',(1.,0.,0.));
#4597=DIRECTION('',(0.,0.,1.));
#4598=DIRECTION('center_axis',(-0.766044443118978,0.642787609686539,0.));
#4599=DIRECTION('ref_axis',(-0.642787609686539,-0.766044443118978,0.));
#4600=DIRECTION('',(0.,0.,1.));
#4601=DIRECTION('',(-0.642787609686539,-0.766044443118978,0.));
#4602=DIRECTION('',(0.,0.,1.));
#4603=DIRECTION('center_axis',(0.,0.,-1.));
#4604=DIRECTION('ref_axis',(1.,0.,0.));
#4605=DIRECTION('',(0.,0.,-1.));
#4606=DIRECTION('',(0.,0.,1.));
#4607=DIRECTION('center_axis',(0.,0.,-1.));
#4608=DIRECTION('ref_axis',(1.,0.,0.));
#4609=DIRECTION('center_axis',(0.,-1.,0.));
#4610=DIRECTION('ref_axis',(1.,0.,0.));
#4611=DIRECTION('',(1.,0.,0.));
#4612=DIRECTION('center_axis',(1.,0.,0.));
#4613=DIRECTION('ref_axis',(0.,1.,0.));
#4614=DIRECTION('',(0.,-1.,0.));
#4615=DIRECTION('',(0.,0.,1.));
#4616=DIRECTION('center_axis',(0.,0.,-1.));
#4617=DIRECTION('ref_axis',(-1.,0.,0.));
#4618=DIRECTION('center_axis',(0.,0.,-1.));
#4619=DIRECTION('ref_axis',(-1.,0.,0.));
#4620=DIRECTION('',(0.,0.,-1.));
#4621=DIRECTION('center_axis',(-0.707105797319829,0.707107765051897,0.));
#4622=DIRECTION('ref_axis',(-0.707107765051897,-0.707105797319829,0.));
#4623=DIRECTION('',(0.,0.,-1.));
#4624=DIRECTION('',(0.707107765051897,0.707105797319829,0.));
#4625=DIRECTION('',(0.,0.,1.));
#4626=DIRECTION('center_axis',(0.,0.,-1.));
#4627=DIRECTION('ref_axis',(-1.,0.,0.));
#4628=DIRECTION('center_axis',(0.,0.,1.));
#4629=DIRECTION('ref_axis',(-1.,0.,0.));
#4630=DIRECTION('center_axis',(1.,0.,0.));
#4631=DIRECTION('ref_axis',(0.,1.,1.12757025938492E-16));
#4632=DIRECTION('',(1.,0.,0.));
#4633=DIRECTION('center_axis',(1.,1.12498382876519E-31,-3.08148791101958E-33));
#4634=DIRECTION('ref_axis',(-1.11331176140062E-31,1.,1.12757025938492E-16));
#4635=DIRECTION('center_axis',(1.,-4.66821344395161E-31,2.77333911991762E-32));
#4636=DIRECTION('ref_axis',(4.68386162474976E-31,1.,1.12757025938492E-16));
#4637=DIRECTION('',(1.10933564796705E-31,1.,-1.12757025938492E-16));
#4638=DIRECTION('',(-1.1421534867991E-31,0.999999999999998,5.6810500653273E-8));
#4639=DIRECTION('',(-3.46179871708572E-47,2.77333640942783E-16,-1.));
#4640=DIRECTION('center_axis',(1.,1.09857451440278E-30,5.88564191004739E-31));
#4641=DIRECTION('ref_axis',(1.23518586476209E-30,-0.890607292870719,-0.45477318509944));
#4642=DIRECTION('',(3.08148791101958E-33,1.12757025938492E-16,-1.));
#4643=DIRECTION('',(5.51450844007743E-24,1.,1.86097232504354E-15));
#4644=DIRECTION('center_axis',(-1.,-1.12498382876519E-31,3.08148791101958E-33));
#4645=DIRECTION('ref_axis',(-1.08468374467889E-31,1.,1.12757025938492E-16));
#4646=DIRECTION('center_axis',(-1.,-1.12498382876519E-31,3.08148791101958E-33));
#4647=DIRECTION('ref_axis',(-1.08468374467889E-31,1.,1.12757025938492E-16));
#4648=DIRECTION('',(-9.24029229205871E-25,-2.90960404747791E-16,-1.));
#4649=DIRECTION('',(5.51450844007743E-24,-1.,1.86097232504354E-15));
#4650=DIRECTION('center_axis',(1.,1.12498382876519E-31,-3.08148791101958E-33));
#4651=DIRECTION('ref_axis',(-1.11331176140062E-31,1.,1.12757025938492E-16));
#4652=DIRECTION('center_axis',(0.,0.,1.));
#4653=DIRECTION('ref_axis',(1.,0.,0.));
#4654=DIRECTION('center_axis',(0.,0.,1.));
#4655=DIRECTION('ref_axis',(-1.,0.,0.));
#4656=DIRECTION('',(0.,-1.,0.));
#4657=DIRECTION('',(-1.,0.,0.));
#4658=DIRECTION('center_axis',(0.,0.,1.));
#4659=DIRECTION('ref_axis',(-0.906307787036651,0.422618261740697,0.));
#4660=DIRECTION('',(-0.642787609686539,0.766044443118978,0.));
#4661=DIRECTION('',(0.,-1.,0.));
#4662=DIRECTION('center_axis',(0.,0.,1.));
#4663=DIRECTION('ref_axis',(-1.,0.,0.));
#4664=DIRECTION('',(0.707107765051897,-0.707105797319829,0.));
#4665=DIRECTION('center_axis',(0.,0.,-1.));
#4666=DIRECTION('ref_axis',(-1.,0.,0.));
#4667=DIRECTION('center_axis',(0.,-1.,0.));
#4668=DIRECTION('ref_axis',(0.,0.,-1.));
#4669=DIRECTION('',(0.,0.,-1.));
#4670=DIRECTION('',(0.,0.,-1.));
#4671=DIRECTION('center_axis',(-1.,0.,0.));
#4672=DIRECTION('ref_axis',(0.,-0.890607292870719,-0.45477318509944));
#4673=DIRECTION('',(1.,0.,0.));
#4674=DIRECTION('',(-1.,0.,0.));
#4675=DIRECTION('center_axis',(0.,1.,1.12757025938492E-16));
#4676=DIRECTION('ref_axis',(3.08148791101958E-33,1.12757025938492E-16,-1.));
#4677=DIRECTION('center_axis',(-1.66533453693755E-16,-1.,-2.77333640942783E-16));
#4678=DIRECTION('ref_axis',(1.,-1.66533453693755E-16,1.38777878078144E-17));
#4679=DIRECTION('',(-1.38777878006279E-17,-2.77333640942783E-16,1.));
#4680=DIRECTION('center_axis',(-9.86864910777917E-16,1.,2.77333640942782E-16));
#4681=DIRECTION('ref_axis',(-0.593187673427093,0.,0.805064211162161));
#4682=DIRECTION('',(1.,0.,0.));
#4683=DIRECTION('',(0.,2.77333640942783E-16,-1.));
#4684=DIRECTION('center_axis',(-1.66533453693755E-16,-1.,-2.77333640942783E-16));
#4685=DIRECTION('ref_axis',(-1.,0.,0.));
#4686=DIRECTION('',(-0.996761851628474,1.8829466594917E-16,-0.080410267616613));
#4687=DIRECTION('',(0.080410267616613,2.63044593886361E-16,-0.996761851628474));
#4688=DIRECTION('center_axis',(0.,1.12757025938492E-16,-1.));
#4689=DIRECTION('ref_axis',(1.,-2.05731406761622E-16,-2.23149436774053E-32));
#4690=DIRECTION('center_axis',(0.,0.,1.));
#4691=DIRECTION('ref_axis',(-0.906307787036651,0.422618261740697,0.));
#4692=DIRECTION('',(0.,0.,1.));
#4693=DIRECTION('center_axis',(-1.,0.,0.));
#4694=DIRECTION('ref_axis',(0.,1.,1.12757025938492E-16));
#4695=DIRECTION('',(1.,0.,0.));
#4696=DIRECTION('center_axis',(1.,0.,-1.09545677596332E-15));
#4697=DIRECTION('ref_axis',(0.,1.,1.12757025938492E-16));
#4698=DIRECTION('',(1.,0.,0.));
#4699=DIRECTION('center_axis',(1.,-8.32667268468867E-17,1.38777878006279E-17));
#4700=DIRECTION('ref_axis',(8.32667268468867E-17,1.,1.12757025938492E-16));
#4701=DIRECTION('center_axis',(1.,-8.32667268468867E-17,1.38777878006279E-17));
#4702=DIRECTION('ref_axis',(8.32667268468867E-17,1.,1.12757025938492E-16));
#4703=DIRECTION('',(1.,0.,0.));
#4704=DIRECTION('center_axis',(-0.707106781186541,-0.707106781186554,0.));
#4705=DIRECTION('ref_axis',(-0.707106781186554,0.707106781186541,7.97312576675348E-17));
#4706=DIRECTION('',(-1.,0.,0.));
#4707=DIRECTION('center_axis',(0.,-1.,0.));
#4708=DIRECTION('ref_axis',(0.,0.,-1.));
#4709=DIRECTION('',(-1.,0.,0.));
#4710=DIRECTION('',(0.,0.,1.));
#4711=DIRECTION('',(0.,0.,-1.));
#4712=DIRECTION('center_axis',(1.,-8.32667268468869E-17,0.));
#4713=DIRECTION('ref_axis',(8.32667268468869E-17,1.,1.11693175231075E-16));
#4714=DIRECTION('',(0.,0.,1.));
#4715=DIRECTION('center_axis',(-1.,8.32667268468869E-17,0.));
#4716=DIRECTION('ref_axis',(0.,1.,1.14058068545475E-16));
#4717=DIRECTION('center_axis',(-1.,0.,0.));
#4718=DIRECTION('ref_axis',(0.,1.,1.14058068545475E-16));
#4719=DIRECTION('center_axis',(1.,0.,0.));
#4720=DIRECTION('ref_axis',(0.,1.,1.14058068545475E-16));
#4721=DIRECTION('',(1.,0.,0.));
#4722=DIRECTION('center_axis',(1.,-8.32667268468869E-17,0.));
#4723=DIRECTION('ref_axis',(0.,1.,1.14058068545475E-16));
#4724=DIRECTION('',(-1.,0.,0.));
#4725=DIRECTION('center_axis',(-1.,0.,0.));
#4726=DIRECTION('ref_axis',(0.,-1.,0.));
#4727=DIRECTION('',(0.,0.,-1.));
#4728=DIRECTION('',(0.,0.,1.));
#4729=DIRECTION('',(0.,1.,0.));
#4730=DIRECTION('',(-1.5681750672736E-16,0.,-1.));
#4731=DIRECTION('center_axis',(-8.32667268468868E-17,-1.,0.));
#4732=DIRECTION('ref_axis',(1.,-8.32667268468868E-17,-1.06773316309026E-16));
#4733=DIRECTION('',(0.,0.,1.));
#4734=DIRECTION('center_axis',(-1.,8.32667268468869E-17,0.));
#4735=DIRECTION('ref_axis',(-8.32667268468869E-17,-1.,-1.11693175231075E-16));
#4736=DIRECTION('',(0.,0.,1.));
#4737=DIRECTION('center_axis',(1.,0.,0.));
#4738=DIRECTION('ref_axis',(0.,1.,1.12757025938492E-16));
#4739=DIRECTION('',(1.,0.,0.));
#4740=DIRECTION('',(1.,0.,0.));
#4741=DIRECTION('center_axis',(0.,5.6810500653273E-8,-0.999999999999998));
#4742=DIRECTION('ref_axis',(-1.1421534867991E-31,0.999999999999998,5.6810500653273E-8));
#4743=DIRECTION('center_axis',(0.080410267616613,0.,-0.996761851628474));
#4744=DIRECTION('ref_axis',(0.,-1.,0.));
#4745=DIRECTION('',(0.,-1.,0.));
#4746=DIRECTION('',(0.,1.,0.));
#4747=DIRECTION('',(0.996761851628474,0.,0.080410267616613));
#4748=DIRECTION('center_axis',(-0.996761851628474,0.,-0.080410267616613));
#4749=DIRECTION('ref_axis',(-0.080410267616613,0.,0.996761851628474));
#4750=DIRECTION('',(0.080410267616613,0.,-0.996761851628474));
#4751=DIRECTION('',(0.,1.,0.));
#4752=DIRECTION('center_axis',(0.,1.,0.));
#4753=DIRECTION('ref_axis',(-1.,0.,0.));
#4754=DIRECTION('',(0.,1.,0.));
#4755=DIRECTION('center_axis',(0.,1.,0.));
#4756=DIRECTION('ref_axis',(-1.,0.,0.));
#4757=DIRECTION('center_axis',(1.,0.,0.));
#4758=DIRECTION('ref_axis',(0.,-1.,0.));
#4759=DIRECTION('',(0.,0.,-1.));
#4760=DIRECTION('center_axis',(0.,-1.,0.));
#4761=DIRECTION('ref_axis',(-0.593187673427093,0.,0.805064211162161));
#4762=DIRECTION('',(0.,-1.,0.));
#4763=DIRECTION('center_axis',(1.66533453693773E-16,1.,4.93038065763132E-32));
#4764=DIRECTION('ref_axis',(-0.593187673427093,9.87855919443879E-17,0.805064211162161));
#4765=DIRECTION('',(0.,-1.,0.));
#4766=DIRECTION('center_axis',(0.,0.,1.));
#4767=DIRECTION('ref_axis',(0.,1.,0.));
#4768=DIRECTION('',(0.,-1.,0.));
#4769=DIRECTION('',(-1.,0.,0.));
#4770=DIRECTION('',(1.,4.78454413139868E-35,0.));
#4771=DIRECTION('',(1.,1.35390425054539E-16,0.));
#4772=DIRECTION('',(0.707106781186554,-0.707106781186541,0.));
#4773=DIRECTION('',(-8.32667268468867E-17,-1.,0.));
#4774=DIRECTION('',(-1.,0.,0.));
#4775=DIRECTION('',(-2.22044604925031E-16,-1.,0.));
#4776=DIRECTION('',(1.,0.,0.));
#4777=DIRECTION('',(0.,-1.,0.));
#4778=DIRECTION('center_axis',(-2.22044604925031E-16,-1.,0.));
#4779=DIRECTION('ref_axis',(-1.,2.22044604925031E-16,-1.38777878078144E-17));
#4780=DIRECTION('',(2.22044604925031E-16,1.,0.));
#4781=DIRECTION('center_axis',(1.66533453693773E-16,1.,0.));
#4782=DIRECTION('ref_axis',(-1.,1.66533453693773E-16,-1.38777878078144E-17));
#4783=DIRECTION('center_axis',(-1.66533453693755E-16,-1.,-2.77333640942783E-16));
#4784=DIRECTION('ref_axis',(1.,-1.66533453693755E-16,1.38777878078144E-17));
#4785=DIRECTION('',(-1.38777878006279E-17,-2.77333640942783E-16,1.));
#4786=DIRECTION('',(1.09545677596332E-15,-2.77333640942783E-16,1.));
#4787=DIRECTION('',(-1.,1.66533453693774E-16,-6.91075274111617E-14));
#4788=DIRECTION('center_axis',(6.91075274111617E-14,0.,-1.));
#4789=DIRECTION('ref_axis',(1.,-1.66533453693774E-16,6.91075274111617E-14));
#4790=DIRECTION('',(0.,-1.,0.));
#4791=DIRECTION('center_axis',(-1.,0.,1.09545677596332E-15));
#4792=DIRECTION('ref_axis',(-1.09545677596332E-15,2.77333640942783E-16,
-1.));
#4793=DIRECTION('center_axis',(0.,0.,-1.));
#4794=DIRECTION('ref_axis',(1.,0.,0.));
#4795=DIRECTION('',(1.,2.72023914693877E-137,0.));
#4796=DIRECTION('center_axis',(-1.35390425054539E-16,1.,0.));
#4797=DIRECTION('ref_axis',(1.,1.35390425054539E-16,1.38777878078145E-17));
#4798=DIRECTION('',(1.,1.35390425054539E-16,1.38777878078145E-17));
#4799=DIRECTION('',(0.,0.,-1.));
#4800=DIRECTION('center_axis',(0.707106781186541,0.707106781186554,0.));
#4801=DIRECTION('ref_axis',(0.707106781186554,-0.707106781186541,-6.99181798007611E-17));
#4802=DIRECTION('',(0.707106781186554,-0.707106781186541,-6.99181798007611E-17));
#4803=DIRECTION('center_axis',(0.,0.,-1.));
#4804=DIRECTION('ref_axis',(-1.,0.,0.));
#4805=DIRECTION('center_axis',(-1.,0.,0.));
#4806=DIRECTION('ref_axis',(0.,0.980437974626738,-0.196828295500976));
#4807=DIRECTION('center_axis',(-1.,2.22044604925031E-16,-1.38777878078144E-17));
#4808=DIRECTION('ref_axis',(0.,0.980437974626738,-0.196828295500976));
#4809=DIRECTION('center_axis',(1.,-8.32667268468867E-17,1.38777878006279E-17));
#4810=DIRECTION('ref_axis',(8.43694023416813E-17,0.980437974626738,-0.196828295500976));
#4811=DIRECTION('',(-1.,0.,0.));
#4812=DIRECTION('center_axis',(0.,-3.0036856002837E-15,1.));
#4813=DIRECTION('ref_axis',(8.32667268468867E-17,1.,3.0036856002837E-15));
#4814=DIRECTION('',(-2.22044604925031E-16,-1.,-3.0036856002837E-15));
#4815=DIRECTION('',(8.32667268468867E-17,1.,3.0036856002837E-15));
#4816=DIRECTION('',(-1.,0.,0.));
#4817=DIRECTION('center_axis',(-1.,0.,0.));
#4818=DIRECTION('ref_axis',(0.,0.971705930726915,-0.236193954601172));
#4819=DIRECTION('center_axis',(1.,-2.22044604925031E-16,1.38777878078144E-17));
#4820=DIRECTION('ref_axis',(0.,0.971705930726915,-0.236193954601172));
#4821=DIRECTION('center_axis',(1.,-8.32667268468867E-17,1.38777878006279E-17));
#4822=DIRECTION('ref_axis',(8.4188621891084E-17,0.971705930726915,-0.236193954601172));
#4823=DIRECTION('center_axis',(1.,-8.32667268468867E-17,1.38777878006279E-17));
#4824=DIRECTION('ref_axis',(8.32667268468867E-17,1.,1.12757025938492E-16));
#4825=DIRECTION('center_axis',(-1.,2.22044604925031E-16,-1.38777878078144E-17));
#4826=DIRECTION('ref_axis',(1.38777878078144E-17,0.,-1.));
#4827=DIRECTION('center_axis',(-1.,0.,0.));
#4828=DIRECTION('ref_axis',(0.,-1.,-1.12757025938492E-16));
#4829=DIRECTION('center_axis',(1.,2.62167213679712E-32,0.));
#4830=DIRECTION('ref_axis',(2.70900036133589E-32,-1.,-1.12757025938492E-16));
#4831=DIRECTION('center_axis',(-1.,-1.56481807981463E-33,-4.00593428432545E-32));
#4832=DIRECTION('ref_axis',(-5.73057437024413E-66,-1.,-1.12757025938492E-16));
#4833=DIRECTION('',(1.56481807981463E-33,-1.,-1.12757025938492E-16));
#4834=DIRECTION('',(4.00593428432545E-32,1.12757025938492E-16,-1.));
#4835=DIRECTION('center_axis',(1.,1.56481807981463E-33,4.00593428432545E-32));
#4836=DIRECTION('ref_axis',(0.,-1.,-1.12757025938492E-16));
#4837=DIRECTION('center_axis',(1.,0.,0.));
#4838=DIRECTION('ref_axis',(0.,-1.,-1.12757025938492E-16));
#4839=DIRECTION('',(1.,0.,0.));
#4840=DIRECTION('center_axis',(0.,1.,1.12757025938492E-16));
#4841=DIRECTION('ref_axis',(4.7162590384664E-15,-1.12757025938492E-16,1.));
#4842=DIRECTION('',(1.,0.,0.));
#4843=DIRECTION('center_axis',(0.,1.12757025938492E-16,-1.));
#4844=DIRECTION('ref_axis',(-3.26155300405092E-16,1.,1.12757025938492E-16));
#4845=DIRECTION('center_axis',(0.,1.,0.));
#4846=DIRECTION('ref_axis',(-1.5681750672736E-16,0.,-1.));
#4847=DIRECTION('',(0.,0.,-1.));
#4848=DIRECTION('center_axis',(0.,1.,0.));
#4849=DIRECTION('ref_axis',(0.,0.,1.));
#4850=DIRECTION('center_axis',(0.,0.,1.));
#4851=DIRECTION('ref_axis',(0.,-1.,0.));
#4852=DIRECTION('',(0.,1.,0.));
#4853=DIRECTION('',(1.,0.,0.));
#4854=DIRECTION('',(1.,0.,0.));
#4855=DIRECTION('',(0.,1.,0.));
#4856=DIRECTION('center_axis',(1.,0.,0.));
#4857=DIRECTION('ref_axis',(0.,1.,0.));
#4858=DIRECTION('center_axis',(-1.,0.,0.));
#4859=DIRECTION('ref_axis',(0.,1.,0.));
#4860=DIRECTION('center_axis',(-1.,0.,0.));
#4861=DIRECTION('ref_axis',(0.,1.,0.));
#4862=DIRECTION('',(-1.,0.,0.));
#4863=DIRECTION('center_axis',(0.,0.,1.));
#4864=DIRECTION('ref_axis',(-1.,0.,0.));
#4865=DIRECTION('',(0.,0.,-1.));
#4866=DIRECTION('center_axis',(0.,-1.,0.));
#4867=DIRECTION('ref_axis',(0.,0.,-1.));
#4868=DIRECTION('',(0.,0.,-1.));
#4869=DIRECTION('center_axis',(0.,0.,1.));
#4870=DIRECTION('ref_axis',(-1.,0.,0.));
#4871=DIRECTION('',(0.,0.,-1.));
#4872=DIRECTION('center_axis',(0.707105797319829,0.707107765051897,0.));
#4873=DIRECTION('ref_axis',(-0.707107765051897,0.707105797319829,0.));
#4874=DIRECTION('',(0.,0.,1.));
#4875=DIRECTION('center_axis',(-1.,0.,0.));
#4876=DIRECTION('ref_axis',(0.,1.,0.));
#4877=DIRECTION('center_axis',(0.,1.,0.));
#4878=DIRECTION('ref_axis',(-1.,0.,0.));
#4879=DIRECTION('center_axis',(0.,0.,-1.));
#4880=DIRECTION('ref_axis',(0.,1.,0.));
#4881=DIRECTION('',(0.707107765051897,-0.707105797319829,0.));
#4882=DIRECTION('',(1.,0.,0.));
#4883=DIRECTION('',(0.,1.,0.));
#4884=DIRECTION('center_axis',(0.,-1.,0.));
#4885=DIRECTION('ref_axis',(0.,0.,-1.));
#4886=DIRECTION('',(-1.,0.,0.));
#4887=DIRECTION('',(0.,0.,1.));
#4888=DIRECTION('',(1.,0.,0.));
#4889=DIRECTION('',(0.,0.,-1.));
#4890=DIRECTION('center_axis',(0.,0.,-1.));
#4891=DIRECTION('ref_axis',(1.,0.,0.));
#4892=DIRECTION('',(0.,-1.,0.));
#4893=DIRECTION('',(0.,1.,0.));
#4894=DIRECTION('center_axis',(-1.,0.,0.));
#4895=DIRECTION('ref_axis',(0.,1.,0.));
#4896=DIRECTION('',(0.,1.,0.));
#4897=DIRECTION('',(0.,0.,1.));
#4898=DIRECTION('',(0.,1.,0.));
#4899=DIRECTION('',(0.,-1.,0.));
#4900=DIRECTION('center_axis',(0.,1.,0.));
#4901=DIRECTION('ref_axis',(0.,0.,1.));
#4902=DIRECTION('',(1.,0.,0.));
#4903=DIRECTION('',(1.,0.,0.));
#4904=DIRECTION('',(0.,0.,-1.));
#4905=DIRECTION('center_axis',(0.,0.,1.));
#4906=DIRECTION('ref_axis',(-1.,0.,0.));
#4907=DIRECTION('',(0.,1.,0.));
#4908=DIRECTION('',(0.707107765051897,-0.707105797319829,0.));
#4909=DIRECTION('center_axis',(0.,0.,-1.));
#4910=DIRECTION('ref_axis',(-1.,0.,0.));
#4911=DIRECTION('',(0.,1.,0.));
#4912=DIRECTION('',(-0.642787609686539,0.766044443118978,0.));
#4913=DIRECTION('',(1.,0.,0.));
#4914=DIRECTION('center_axis',(0.,0.,1.));
#4915=DIRECTION('ref_axis',(1.,0.,0.));
#4916=DIRECTION('center_axis',(0.,0.,1.));
#4917=DIRECTION('ref_axis',(-1.,0.,0.));
#4918=DIRECTION('center_axis',(0.766044443118978,0.642787609686539,0.));
#4919=DIRECTION('ref_axis',(-0.642787609686539,0.766044443118978,0.));
#4920=DIRECTION('',(0.,0.,1.));
#4921=DIRECTION('',(0.,0.,1.));
#4922=DIRECTION('center_axis',(0.,0.,1.));
#4923=DIRECTION('ref_axis',(1.,0.,0.));
#4924=DIRECTION('',(0.,0.,1.));
#4925=DIRECTION('center_axis',(0.,-1.,0.));
#4926=DIRECTION('ref_axis',(1.,0.,0.));
#4927=DIRECTION('center_axis',(-1.,0.,0.));
#4928=DIRECTION('ref_axis',(0.,-1.,0.));
#4929=DIRECTION('',(0.,0.,1.));
#4930=DIRECTION('center_axis',(0.,0.,1.));
#4931=DIRECTION('ref_axis',(-1.,0.,0.));
#4932=DIRECTION('',(0.,0.,-1.));
#4933=DIRECTION('center_axis',(0.707105797319829,0.707107765051897,0.));
#4934=DIRECTION('ref_axis',(-0.707107765051897,0.707105797319829,0.));
#4935=DIRECTION('',(0.,0.,-1.));
#4936=DIRECTION('',(0.,0.,1.));
#4937=DIRECTION('center_axis',(0.,0.,1.));
#4938=DIRECTION('ref_axis',(-1.,0.,0.));
#4939=DIRECTION('center_axis',(0.,0.,1.));
#4940=DIRECTION('ref_axis',(0.,-1.,0.));
#4941=DIRECTION('',(0.,-1.,0.));
#4942=DIRECTION('center_axis',(1.,0.,0.));
#4943=DIRECTION('ref_axis',(0.,0.,-1.));
#4944=CARTESIAN_POINT('',(0.,0.,0.));
#4945=CARTESIAN_POINT('Origin',(-112.547999318272,-19.9999337434622,-30.5000004544854));
#4946=CARTESIAN_POINT('',(-112.547999318272,-19.9999337434622,-30.5000004544854));
#4947=CARTESIAN_POINT('',(-73.894912387429,-19.9999337434622,-30.5000004544854));
#4948=CARTESIAN_POINT('',(-112.547999318272,-19.9999337434622,-30.5000004544854));
#4949=CARTESIAN_POINT('',(-73.894912387429,-19.9999337434622,-24.2500004544854));
#4950=CARTESIAN_POINT('',(-73.894912387429,-19.9999337434622,-30.5000004544854));
#4951=CARTESIAN_POINT('',(-112.547999318272,-19.9999337434622,-24.2500004544854));
#4952=CARTESIAN_POINT('',(-112.547999318272,-19.9999337434622,-24.2500004544854));
#4953=CARTESIAN_POINT('',(-112.547999318272,-19.9999337434622,-30.5000004544854));
#4954=CARTESIAN_POINT('Origin',(-73.894912387429,-19.9999337434622,-30.5000004544854));
#4955=CARTESIAN_POINT('',(-73.894912387429,-13.1609156228022,-30.5000004544854));
#4956=CARTESIAN_POINT('',(-73.894912387429,-19.9999337434622,-30.5000004544854));
#4957=CARTESIAN_POINT('',(-73.894912387429,-13.1609156228022,-24.2500004544854));
#4958=CARTESIAN_POINT('',(-73.894912387429,-13.1609156228022,-30.5000003166497));
#4959=CARTESIAN_POINT('',(-73.894912387429,-19.9999337434622,-24.2500004544854));
#4960=CARTESIAN_POINT('Origin',(-112.548024787701,20.0000176289054,-30.5000004544854));
#4961=CARTESIAN_POINT('',(-112.548024787701,20.0000176289054,-30.5000004544854));
#4962=CARTESIAN_POINT('',(-112.547999318272,-13.1609156228022,-30.5000001788139));
#4963=CARTESIAN_POINT('',(-112.548024787701,20.0000176289054,-30.5000004544854));
#4964=CARTESIAN_POINT('',(-112.548024787701,20.0000176289054,-30.5000004544854));
#4965=CARTESIAN_POINT('',(-112.547999318272,-13.1609156228022,-24.2500001788139));
#4966=CARTESIAN_POINT('',(-112.548024787701,20.0000176289054,-24.2500004544854));
#4967=CARTESIAN_POINT('',(-112.548024787701,20.0000176289054,-24.2500004544854));
#4968=CARTESIAN_POINT('',(-112.548024787701,20.0000176289054,-24.2500004544854));
#4969=CARTESIAN_POINT('',(-112.548024787701,20.0000176289054,-30.5000004544854));
#4970=CARTESIAN_POINT('Origin',(-73.8949378568895,20.0000668525681,-30.5000004544854));
#4971=CARTESIAN_POINT('',(-73.8949378568895,20.0000668525681,-30.5000004544854));
#4972=CARTESIAN_POINT('',(-112.548024787701,20.0000176289054,-30.5000004544854));
#4973=CARTESIAN_POINT('',(-73.8949378568895,20.0000668525681,-24.2500004544854));
#4974=CARTESIAN_POINT('',(-112.548024787701,20.0000176289054,-24.2500004544854));
#4975=CARTESIAN_POINT('',(-73.8949378568895,20.0000668525681,-30.5000004544854));
#4976=CARTESIAN_POINT('Origin',(-73.8949291475218,13.1609995082617,-30.5000004544854));
#4977=CARTESIAN_POINT('',(-73.8949291475218,13.1609995082617,-30.5000004544854));
#4978=CARTESIAN_POINT('',(-73.8949378568895,20.0000668525681,-30.5000004544854));
#4979=CARTESIAN_POINT('',(-73.8949291475218,13.1609995082617,-24.2500004544854));
#4980=CARTESIAN_POINT('',(-73.8949378568895,20.0000668525681,-24.2500004544854));
#4981=CARTESIAN_POINT('',(-73.8949291475218,13.1609995082617,-27.3750003166497));
#4982=CARTESIAN_POINT('Origin',(-55.4999993182719,-13.1609156228022,-30.5000001788139));
#4983=CARTESIAN_POINT('',(-55.4999993182719,-13.1609156228022,-30.5000001788139));
#4984=CARTESIAN_POINT('',(-17.4999996591359,-13.1609156228022,-30.5000004544854));
#4985=CARTESIAN_POINT('',(-55.4999993182719,-13.1609156228022,-24.2500001788139));
#4986=CARTESIAN_POINT('',(-55.4999993182719,-13.1609156228022,-28.2500001788139));
#4987=CARTESIAN_POINT('',(-43.510999942258,-13.1609156228022,-24.2500001788139));
#4988=CARTESIAN_POINT('Origin',(-55.4999993182719,-21.9999156228022,-24.2500001788139));
#4989=CARTESIAN_POINT('',(-55.4999993182719,-21.9999156228022,-30.5000001788139));
#4990=CARTESIAN_POINT('',(-55.4999993182719,-21.9999156228022,-24.2500001788139));
#4991=CARTESIAN_POINT('',(-55.4999993182719,-21.9999156228022,-28.2500001788139));
#4992=CARTESIAN_POINT('',(-55.4999993182719,-3.24995774434589,-24.2500001788139));
#4993=CARTESIAN_POINT('',(-55.4999993182719,-7.24995781140111,-30.5000004544855));
#4994=CARTESIAN_POINT('Origin',(20.5,7.50000000000002,-30.5000004544854));
#4995=CARTESIAN_POINT('',(-55.4999993182719,13.1609995082617,-30.5000001788139));
#4996=CARTESIAN_POINT('',(-17.4999996591359,13.1609995082617,-30.5000004544854));
#4997=CARTESIAN_POINT('',(-55.4999993182719,21.9999995082617,-30.5000001788139));
#4998=CARTESIAN_POINT('',(-55.4999993182719,14.7499997541309,-30.5000004544855));
#4999=CARTESIAN_POINT('',(-51.232233985523,23.7677692686034,-30.5000001788139));
#5000=CARTESIAN_POINT('Origin',(-52.9999988265336,21.9999995082617,-30.5));
#5001=CARTESIAN_POINT('',(-40.6256175097445,13.161182308806,-30.5000001788139));
#5002=CARTESIAN_POINT('',(-18.0538705006481,-9.41050188786974,-30.5));
#5003=CARTESIAN_POINT('',(-30.5,13.161182308806,-30.500001341803));
#5004=CARTESIAN_POINT('',(-5.50000028312204,13.161182308806,-30.5));
#5005=CARTESIAN_POINT('',(-30.5,20.5,-30.5000001266599));
#5006=CARTESIAN_POINT('',(-30.5,18.5,-30.5000001266599));
#5007=CARTESIAN_POINT('',(16.094817324923,20.5,-30.5000001266599));
#5008=CARTESIAN_POINT('',(16.5,20.5,-30.5000004544854));
#5009=CARTESIAN_POINT('',(16.094817324923,9.50000000000001,-30.5000001266598));
#5010=CARTESIAN_POINT('',(16.094817324923,27.5,-30.5000001266599));
#5011=CARTESIAN_POINT('',(39.5,9.50000000000003,-30.5000001266598));
#5012=CARTESIAN_POINT('',(27.,9.50000000000003,-30.5000001266598));
#5013=CARTESIAN_POINT('',(39.5,27.5,-30.5));
#5014=CARTESIAN_POINT('',(39.5,9.50000000000002,-30.5));
#5015=CARTESIAN_POINT('',(42.0000006258488,27.5,-30.5));
#5016=CARTESIAN_POINT('',(34.6250003129244,27.5,-30.5));
#5017=CARTESIAN_POINT('',(42.,7.74600000000003,-30.5));
#5018=CARTESIAN_POINT('',(42.,9.50000000000002,-30.5));
#5019=CARTESIAN_POINT('',(17.,7.74600000000004,-30.5000000144336));
#5020=CARTESIAN_POINT('',(20.5,7.74600000000001,-30.5000004544854));
#5021=CARTESIAN_POINT('',(12.5,7.74600000000001,-30.5000004544854));
#5022=CARTESIAN_POINT('',(20.5,7.74600000000001,-30.5000004544854));
#5023=CARTESIAN_POINT('',(12.5,4.19427297082553E-5,-30.5000004544854));
#5024=CARTESIAN_POINT('',(12.5,5.68651048568244,-30.5000004544854));
#5025=CARTESIAN_POINT('',(12.5,-7.74591611454055,-30.5000004544854));
#5026=CARTESIAN_POINT('',(12.5,-5.68642660022299,-30.5000004544854));
#5027=CARTESIAN_POINT('',(17.,-7.74591611454058,-30.5000000144336));
#5028=CARTESIAN_POINT('',(20.5,-7.74591611454055,-30.5000004544854));
#5029=CARTESIAN_POINT('',(42.,-7.74591611454058,-30.5));
#5030=CARTESIAN_POINT('',(20.5,-7.74591611454055,-30.5000004544854));
#5031=CARTESIAN_POINT('',(42.0000006258488,-27.4999161145406,-30.5));
#5032=CARTESIAN_POINT('',(42.,-9.49991611454057,-30.5));
#5033=CARTESIAN_POINT('',(39.5,-27.4999161145406,-30.5));
#5034=CARTESIAN_POINT('',(34.6250003129244,-27.4999161145406,-30.5));
#5035=CARTESIAN_POINT('',(39.5,-9.49991611454058,-30.5000001266598));
#5036=CARTESIAN_POINT('',(39.5,-9.49991611454057,-30.5));
#5037=CARTESIAN_POINT('',(16.094817324923,-9.49991611454056,-30.5000001266598));
#5038=CARTESIAN_POINT('',(27.,-9.49991611454057,-30.5000001266598));
#5039=CARTESIAN_POINT('',(16.094817324923,-20.4999161145405,-30.5000001266599));
#5040=CARTESIAN_POINT('',(16.094817324923,-27.4999161145406,-30.5000001266599));
#5041=CARTESIAN_POINT('',(-30.5,-20.4999161145405,-30.5000001266599));
#5042=CARTESIAN_POINT('',(16.5,-20.4999161145405,-30.5000004544854));
#5043=CARTESIAN_POINT('',(-30.5,-13.1610984233465,-30.500001341803));
#5044=CARTESIAN_POINT('',(-30.5,-18.4999161145405,-30.5000001266599));
#5045=CARTESIAN_POINT('',(-40.6256175097445,-13.1610984233465,-30.5000001788139));
#5046=CARTESIAN_POINT('',(-5.50000028312204,-13.1610984233465,-30.5));
#5047=CARTESIAN_POINT('',(-51.232233985523,-23.767685383144,-30.5000001788139));
#5048=CARTESIAN_POINT('',(-18.0538705006481,9.41058577332919,-30.5));
#5049=CARTESIAN_POINT('Origin',(-52.9999988265336,-21.9999156228022,-30.5));
#5050=CARTESIAN_POINT('',(-51.9999968484041,21.9999995082617,-30.5000001788139));
#5051=CARTESIAN_POINT('Origin',(-52.9999988265336,21.9999995082617,-30.5));
#5052=CARTESIAN_POINT('',(-51.9999968484041,-21.9999156228022,-30.5000001788139));
#5053=CARTESIAN_POINT('Origin',(-52.9999988265336,-21.9999156228022,-30.5));
#5054=CARTESIAN_POINT('Origin',(-55.4999993182719,21.9999995082617,-30.5000001788139));
#5055=CARTESIAN_POINT('',(-55.4999993182719,21.9999995082617,-24.2500001788139));
#5056=CARTESIAN_POINT('',(-55.4999993182719,21.9999995082617,-28.2500001788139));
#5057=CARTESIAN_POINT('',(-55.4999993182719,13.1609995082617,-24.2500001788139));
#5058=CARTESIAN_POINT('',(-55.4999993182719,13.1609995082617,-28.2500001788139));
#5059=CARTESIAN_POINT('',(-55.4999993182719,18.7499998211861,-24.2500001788139));
#5060=CARTESIAN_POINT('Origin',(-55.4999993182719,13.1609995082617,-24.2500001788139));
#5061=CARTESIAN_POINT('',(-43.510999942258,13.1609995082617,-24.2500001788139));
#5062=CARTESIAN_POINT('Origin',(-31.5220005662441,15.5000001341105,-24.2500001788139));
#5063=CARTESIAN_POINT('',(-51.232233985523,-23.767685383144,-24.2500001788139));
#5064=CARTESIAN_POINT('Origin',(-52.9999988265336,-21.9999156228022,-24.2500001788139));
#5065=CARTESIAN_POINT('',(-40.6256175097445,-13.1610984233465,-24.2500001788139));
#5066=CARTESIAN_POINT('',(-51.232233985523,-23.767685383144,-24.2500001788139));
#5067=CARTESIAN_POINT('',(-32.8949117764814,-13.1610984233465,-24.2500001788139));
#5068=CARTESIAN_POINT('',(-22.3749999562278,-13.1610984233465,-24.2500001788139));
#5069=CARTESIAN_POINT('',(-32.8949117764814,-7.99998302672947,-24.2500001788139));
#5070=CARTESIAN_POINT('',(-32.8949117764814,-14.3305073359988,-24.2500001788139));
#5071=CARTESIAN_POINT('',(-22.8949117764814,-7.99998302672947,-24.2500001788139));
#5072=CARTESIAN_POINT('',(-32.2084561713628,-7.99998302672947,-24.2500001788139));
#5073=CARTESIAN_POINT('',(-22.8949117764814,-22.9999830267295,-24.2500001788139));
#5074=CARTESIAN_POINT('',(-22.8949117764814,-11.7499496376902,-24.2500001788139));
#5075=CARTESIAN_POINT('',(-30.5,-22.9999830267295,-24.2500001788139));
#5076=CARTESIAN_POINT('',(-27.2084561713628,-22.9999830267295,-24.2500001788139));
#5077=CARTESIAN_POINT('',(-30.5,-25.6499158206151,-24.2500001788139));
#5078=CARTESIAN_POINT('',(-30.5,-11.4343921241602,-24.2500001788139));
#5079=CARTESIAN_POINT('',(12.5,-25.6499158206151,-24.2499994579703));
#5080=CARTESIAN_POINT('',(-31.522,-25.6499158206151,-24.2499994579703));
#5081=CARTESIAN_POINT('',(12.4999994337559,-5.99991611454055,-24.2500001788139));
#5082=CARTESIAN_POINT('',(12.5,-7.74995812432547,-24.2500001788139));
#5083=CARTESIAN_POINT('',(-41.5000005662441,-5.99991611454055,-24.2500001788139));
#5084=CARTESIAN_POINT('',(-38.0000005662441,-5.99991611454055,-24.2500001788139));
#5085=CARTESIAN_POINT('',(-41.5000005662441,-8.49991562280224,-24.2500001788139));
#5086=CARTESIAN_POINT('',(-41.5000005662441,8.38929100208108E-5,-24.2500001788139));
#5087=CARTESIAN_POINT('',(-51.6939576262492,-8.49991562280224,-24.2500001788139));
#5088=CARTESIAN_POINT('',(-40.2610006482005,-8.49991562280224,-24.2500001788139));
#5089=CARTESIAN_POINT('',(-52.8430242909277,-6.03573420827243,-24.2500001788139));
#5090=CARTESIAN_POINT('Origin',(-51.6939576262492,-6.99991562280224,-24.2500001788139));
#5091=CARTESIAN_POINT('',(-50.2956704856666,-2.99991615924403,-24.2500001788139));
#5092=CARTESIAN_POINT('',(-54.1927107417153,-7.6442278848743,-24.2500001788139));
#5093=CARTESIAN_POINT('',(-50.3542494392722,-2.99991615924403,-24.2500001788139));
#5094=CARTESIAN_POINT('',(-47.8750003362074,-2.99991615924403,-24.2500001788139));
#5095=CARTESIAN_POINT('',(-49.0000007303768,4.19427297186636E-5,-24.2500001788139));
#5096=CARTESIAN_POINT('Origin',(-53.0000007897615,8.38854594528704E-5,-24.2500001788139));
#5097=CARTESIAN_POINT('',(-50.3542494392722,3.00000004470348,-24.2500001788139));
#5098=CARTESIAN_POINT('Origin',(-53.0000007897615,0.,-24.2500001788139));
#5099=CARTESIAN_POINT('',(-50.2956704856666,3.00000004470348,-24.2500001788139));
#5100=CARTESIAN_POINT('',(-47.8750003362074,3.00000004470348,-24.2500001788139));
#5101=CARTESIAN_POINT('',(-52.8430242909277,6.03581809373188,-24.2500001788139));
#5102=CARTESIAN_POINT('',(-54.1927107417153,7.64431177033376,-24.2500001788139));
#5103=CARTESIAN_POINT('',(-51.6939576262492,8.49999950826169,-24.2500001788139));
#5104=CARTESIAN_POINT('Origin',(-51.6939576262492,6.99999950826169,-24.2500001788139));
#5105=CARTESIAN_POINT('',(-41.5000005662441,8.49999950826169,-24.2500001788139));
#5106=CARTESIAN_POINT('',(-40.2610006482005,8.49999950826169,-24.2500001788139));
#5107=CARTESIAN_POINT('',(-41.5000005662441,6.,-24.2500001788139));
#5108=CARTESIAN_POINT('',(-41.5000005662441,-7.45056794038135E-9,-24.2500001788139));
#5109=CARTESIAN_POINT('',(12.4999994337559,6.,-24.2500001788139));
#5110=CARTESIAN_POINT('',(-38.0000005662441,6.,-24.2500001788139));
#5111=CARTESIAN_POINT('',(12.5,25.6499997060746,-24.2499994579703));
#5112=CARTESIAN_POINT('',(12.5,19.6499997060746,-24.2499994579703));
#5113=CARTESIAN_POINT('',(-30.5,25.6499997060746,-24.2500001788139));
#5114=CARTESIAN_POINT('',(-31.522,25.6499997060746,-24.2499994579703));
#5115=CARTESIAN_POINT('',(-30.5,23.0000669121889,-24.2500001788139));
#5116=CARTESIAN_POINT('',(-30.5,11.4344760096197,-24.2500001788139));
#5117=CARTESIAN_POINT('',(-22.8949117764814,23.0000669121889,-24.2500001788139));
#5118=CARTESIAN_POINT('',(-27.2084561713628,23.0000669121889,-24.2500001788139));
#5119=CARTESIAN_POINT('',(-22.8949117764814,8.00006691218892,-24.2500001788139));
#5120=CARTESIAN_POINT('',(-22.8949117764814,11.7500335231497,-24.2500001788139));
#5121=CARTESIAN_POINT('',(-32.8949117764814,8.00006691218892,-24.2500001788139));
#5122=CARTESIAN_POINT('',(-32.2084561713628,8.00006691218893,-24.2500001788139));
#5123=CARTESIAN_POINT('',(-32.8949117764814,13.161182308806,-24.2500001788139));
#5124=CARTESIAN_POINT('',(-32.8949117764814,14.3305912214582,-24.2500001788139));
#5125=CARTESIAN_POINT('',(-40.6256175097445,13.161182308806,-24.2500001788139));
#5126=CARTESIAN_POINT('',(-22.3749999562278,13.161182308806,-24.2500001788139));
#5127=CARTESIAN_POINT('',(-51.232233985523,23.7677692686034,-24.2500001788139));
#5128=CARTESIAN_POINT('',(-51.232233985523,23.7677692686034,-24.2500001788139));
#5129=CARTESIAN_POINT('Origin',(-52.9999988265336,21.9999995082617,-24.2500001788139));
#5130=CARTESIAN_POINT('',(-51.9999968484041,-21.9999156228022,-24.2500001788139));
#5131=CARTESIAN_POINT('Origin',(-52.9999988265336,-21.9999156228022,-24.2500001788139));
#5132=CARTESIAN_POINT('',(-51.9999968484041,21.9999995082617,-24.2500001788139));
#5133=CARTESIAN_POINT('Origin',(-52.9999988265336,21.9999995082617,-24.2500001788139));
#5134=CARTESIAN_POINT('Origin',(26.9906869749991,7.74600000000117,-21.9919932642008));
#5135=CARTESIAN_POINT('',(24.4906869749991,9.50000000000117,-21.9919932642008));
#5136=CARTESIAN_POINT('Origin',(26.9906869749991,9.50000000000117,-21.9919932642008));
#5137=CARTESIAN_POINT('',(24.4906869749991,7.74600000000117,-21.9919932642008));
#5138=CARTESIAN_POINT('',(24.4906869749991,7.74600000000117,-21.9919932642008));
#5139=CARTESIAN_POINT('Origin',(26.9906869749991,7.74600000000117,-21.9919932642008));
#5140=CARTESIAN_POINT('Origin',(27.,9.50000000000003,-22.));
#5141=CARTESIAN_POINT('',(22.7771856848261,9.50000000000002,-10.2348888972708));
#5142=CARTESIAN_POINT('',(31.222814315174,9.50000000000003,-10.2348888972708));
#5143=CARTESIAN_POINT('',(33.046561798085,9.50000000000003,-10.2348888972708));
#5144=CARTESIAN_POINT('',(39.5,9.50000000000003,-22.));
#5145=CARTESIAN_POINT('Origin',(27.,9.50000000000003,-22.));
#5146=CARTESIAN_POINT('',(39.5,9.50000000000003,-21.75));
#5147=CARTESIAN_POINT('',(16.094817324923,9.50000000000001,-29.5000001266598));
#5148=CARTESIAN_POINT('',(16.094817324923,9.50000000000001,-29.5000001266598));
#5149=CARTESIAN_POINT('',(16.7006608273347,9.50000000000002,-29.0833334388832));
#5150=CARTESIAN_POINT('',(14.6407929928016,9.50000000000002,-30.5000001266599));
#5151=CARTESIAN_POINT('',(14.6610372724409,9.50000000000002,-20.0000002980232));
#5152=CARTESIAN_POINT('Origin',(27.,9.50000000000003,-22.));
#5153=CARTESIAN_POINT('',(14.904,9.50000000000002,-20.0000002980232));
#5154=CARTESIAN_POINT('',(19.75,9.50000000000002,-20.0000002980232));
#5155=CARTESIAN_POINT('',(14.904,9.50000000000002,-17.5259504457662));
#5156=CARTESIAN_POINT('',(14.904,9.50000000000002,-19.488950396061));
#5157=CARTESIAN_POINT('',(15.3281158082227,9.50000000000003,-17.5259504457662));
#5158=CARTESIAN_POINT('',(17.,9.50000000000002,-17.5259504457662));
#5159=CARTESIAN_POINT('',(15.3428141891141,9.50000000000003,-17.4877922287997));
#5160=CARTESIAN_POINT('Origin',(27.,9.50000000000003,-22.));
#5161=CARTESIAN_POINT('',(19.5829674606392,9.50000000000002,-17.4877922287997));
#5162=CARTESIAN_POINT('',(19.5829674606392,9.50000000000002,-17.4877922287997));
#5163=CARTESIAN_POINT('',(19.5829674606392,9.50000000000002,-11.9383088742467));
#5164=CARTESIAN_POINT('',(19.5829674606392,9.50000000000002,-15.9640822583066));
#5165=CARTESIAN_POINT('Origin',(27.,9.50000000000003,-22.));
#5166=CARTESIAN_POINT('Origin',(19.5829674606391,11.629,-10.2349998368323));
#5167=CARTESIAN_POINT('',(22.1050884884586,7.74600000000003,-10.2348888972708));
#5168=CARTESIAN_POINT('',(19.5829674606391,7.74600000000003,-10.2349998368323));
#5169=CARTESIAN_POINT('',(24.3004580288237,7.74600000000003,-10.2349998368323));
#5170=CARTESIAN_POINT('',(22.1050884270549,11.629,-10.2348888972708));
#5171=CARTESIAN_POINT('',(22.1050884586819,9.62899986568008,-10.2348888972708));
#5172=CARTESIAN_POINT('',(19.5829674606391,11.629,-10.2349998368323));
#5173=CARTESIAN_POINT('',(27.0767621462132,11.629,-10.2349998368323));
#5174=CARTESIAN_POINT('',(19.5829674606392,13.0973851559606,-10.2349998368323));
#5175=CARTESIAN_POINT('Origin',(19.5829674606391,11.629,-10.2349998368323));
#5176=CARTESIAN_POINT('',(19.5829674606391,-7.74591611454058,-10.2349998368323));
#5177=CARTESIAN_POINT('',(22.1050887334397,-7.74591611454058,-10.2348888972708));
#5178=CARTESIAN_POINT('',(24.3004580288237,-7.74591611454058,-10.2349998368323));
#5179=CARTESIAN_POINT('',(19.5829674606391,-11.629,-10.2349998368323));
#5180=CARTESIAN_POINT('',(19.5829674606392,-1.46834321323083,-10.2349998368323));
#5181=CARTESIAN_POINT('',(22.1050887948435,-11.6289246018884,-10.2349001218936));
#5182=CARTESIAN_POINT('',(27.0767621462132,-11.629,-10.2349998368323));
#5183=CARTESIAN_POINT('',(22.1050885793222,2.00004180840978,-10.2348888972708));
#5184=CARTESIAN_POINT('Origin',(22.1050887948448,-11.629,-7.29999983683228));
#5185=CARTESIAN_POINT('',(22.1050887948434,-11.6289161145406,-7.29999983683228));
#5186=CARTESIAN_POINT('',(19.5829674606391,-11.629,-7.29999983683228));
#5187=CARTESIAN_POINT('',(17.3025443974224,-11.629,-7.29999983683228));
#5188=CARTESIAN_POINT('',(22.1050887948434,-11.6289161145406,-8.03372210194191));
#5189=CARTESIAN_POINT('',(19.5829674606392,-11.629,-8.61408217672274));
#5190=CARTESIAN_POINT('Origin',(29.0179485970083,-7.74591611454058,-18.9000001456574));
#5191=CARTESIAN_POINT('',(39.09312359617,-7.74591611454057,-10.2348888972708));
#5192=CARTESIAN_POINT('',(34.0555360965891,-7.74591611454058,-10.2348888972708));
#5193=CARTESIAN_POINT('',(39.9579040711702,-7.74591611454058,-20.954666520984));
#5194=CARTESIAN_POINT('',(39.8401955890436,-7.74591611454058,-19.4955577768586));
#5195=CARTESIAN_POINT('',(41.9514277744271,-7.74591611454057,-20.7938459857508));
#5196=CARTESIAN_POINT('',(35.6023966678443,-7.74591611454058,-21.3060318098295));
#5197=CARTESIAN_POINT('',(42.,-7.74591611454058,-22.));
#5198=CARTESIAN_POINT('Origin',(27.,-7.74591611454058,-22.));
#5199=CARTESIAN_POINT('',(42.,-7.74591611454058,-20.4500000728287));
#5200=CARTESIAN_POINT('',(17.,-7.74591611454059,-16.0729469900052));
#5201=CARTESIAN_POINT('',(17.,-7.74591611454058,-16.7309952546553));
#5202=CARTESIAN_POINT('',(12.5,-7.74591611454059,-16.0729469900052));
#5203=CARTESIAN_POINT('',(17.,-7.74591611454058,-16.0729469900052));
#5204=CARTESIAN_POINT('',(12.5,-7.74591611454058,-15.9531734703526));
#5205=CARTESIAN_POINT('',(12.5,-7.74591611454057,-24.5000002272427));
#5206=CARTESIAN_POINT('',(16.0598838807468,-7.74591611454058,-15.9531734703526));
#5207=CARTESIAN_POINT('',(19.5829674606392,-7.74591611454058,-15.9531734703526));
#5208=CARTESIAN_POINT('',(19.5829674606392,-7.74591611454058,-11.9383624581457));
#5209=CARTESIAN_POINT('Origin',(26.9906869749992,-7.74591611454058,-21.9919932642008));
#5210=CARTESIAN_POINT('',(19.5829674606392,-7.74591611454058,-14.4140823311353));
#5211=CARTESIAN_POINT('',(21.2499999999939,-7.74591611454058,-22.0000000000002));
#5212=CARTESIAN_POINT('Origin',(27.,-7.74591611454058,-22.));
#5213=CARTESIAN_POINT('Origin',(39.09312359617,-7.62891611454058,-10.2348888972708));
#5214=CARTESIAN_POINT('',(22.7771856848261,-11.6289161145406,-10.2348888972708));
#5215=CARTESIAN_POINT('',(39.09312359617,-11.6289161145406,-10.2348888972708));
#5216=CARTESIAN_POINT('',(22.7771856848261,-9.49991611454057,-10.2348888972708));
#5217=CARTESIAN_POINT('',(22.7771856848261,-9.49991611454057,-10.2348888972708));
#5218=CARTESIAN_POINT('',(31.222814315174,-9.49991611454058,-10.2348888972708));
#5219=CARTESIAN_POINT('',(33.046561798085,-9.49991611454058,-10.2348888972708));
#5220=CARTESIAN_POINT('',(31.222814315174,-11.6289161145406,-10.2348888972708));
#5221=CARTESIAN_POINT('',(31.222814315174,-9.49991611454057,-10.2348888972708));
#5222=CARTESIAN_POINT('',(39.09312359617,-11.6289161145406,-10.2348888972708));
#5223=CARTESIAN_POINT('',(39.09312359617,-11.6289161145406,-10.2348888972708));
#5224=CARTESIAN_POINT('',(39.09312359617,-17.5644161145406,-10.2348888972708));
#5225=CARTESIAN_POINT('Origin',(29.3380455284046,11.629,-8.76744436705153));
#5226=CARTESIAN_POINT('',(22.7771856848261,11.629,-10.2348888972708));
#5227=CARTESIAN_POINT('',(39.09312359617,11.629,-10.2348888972708));
#5228=CARTESIAN_POINT('',(31.222814315174,11.629,-10.2348888972708));
#5229=CARTESIAN_POINT('Origin',(27.,11.629,-22.));
#5230=CARTESIAN_POINT('',(39.09312359617,11.629,-10.2348888972708));
#5231=CARTESIAN_POINT('',(39.09312359617,11.629,-10.2348888972708));
#5232=CARTESIAN_POINT('',(38.9935032748663,11.629,-9.00000013411045));
#5233=CARTESIAN_POINT('',(39.4351688306443,11.629,-14.47486535004));
#5234=CARTESIAN_POINT('',(33.8626453143882,11.629,-9.00000013411045));
#5235=CARTESIAN_POINT('',(26.1690229355656,11.629,-9.00000013411045));
#5236=CARTESIAN_POINT('',(27.0767621462132,11.629,-7.29999983683228));
#5237=CARTESIAN_POINT('Origin',(27.,11.629,-22.));
#5238=CARTESIAN_POINT('',(19.5829674606392,11.629,-7.29999983683228));
#5239=CARTESIAN_POINT('',(20.9190227642023,11.629,-7.29999983683228));
#5240=CARTESIAN_POINT('',(19.5829674606392,11.629,-8.61408217672274));
#5241=CARTESIAN_POINT('Origin',(39.09312359617,7.62900000000003,-10.2348888972708));
#5242=CARTESIAN_POINT('',(39.09312359617,7.74600000000003,-10.2348888972708));
#5243=CARTESIAN_POINT('',(34.0555360965891,7.74600000000003,-10.2348888972708));
#5244=CARTESIAN_POINT('',(39.09312359617,17.5645,-10.2348888972708));
#5245=CARTESIAN_POINT('',(31.222814315174,9.50000000000002,-10.2348888972708));
#5246=CARTESIAN_POINT('',(22.7771856848261,9.50000000000002,-10.2348888972708));
#5247=CARTESIAN_POINT('Origin',(12.5,2.22044604925031E-14,-22.));
#5248=CARTESIAN_POINT('',(12.5,3.00006223919091,-16.5171060049477));
#5249=CARTESIAN_POINT('',(12.5,3.00006223919091,-11.3729498249429));
#5250=CARTESIAN_POINT('',(12.5,3.00006223919091,-2.87294675158669));
#5251=CARTESIAN_POINT('',(12.5,5.00006655456105,-7.37294658841895));
#5252=CARTESIAN_POINT('Origin',(12.5,6.65545610537884E-5,-7.37294658841895));
#5253=CARTESIAN_POINT('',(12.5,5.00006655456105,-4.87294658841895));
#5254=CARTESIAN_POINT('',(12.5,5.00006655456105,-7.37294658841895));
#5255=CARTESIAN_POINT('',(12.5,6.5000666514186,-4.87294658841895));
#5256=CARTESIAN_POINT('',(12.5,6.65545610537884E-5,-4.87294658841895));
#5257=CARTESIAN_POINT('',(12.5,6.5000666514186,-14.2829474265254));
#5258=CARTESIAN_POINT('',(12.5,6.5000666514186,-7.37294658841895));
#5259=CARTESIAN_POINT('',(12.5,7.74600000000004,-16.0729469900052));
#5260=CARTESIAN_POINT('Origin',(12.5,13.6655273997055,-10.6240290308544));
#5261=CARTESIAN_POINT('',(12.5,7.74600000000003,-15.9531734703526));
#5262=CARTESIAN_POINT('',(12.5,7.74600000000002,-24.5000002272427));
#5263=CARTESIAN_POINT('',(12.5,23.4060964054159,-7.76977748906778));
#5264=CARTESIAN_POINT('Origin',(12.5,14.5657703119212,-9.9281645166132));
#5265=CARTESIAN_POINT('',(12.5,25.1289048410004,-7.76977748906778));
#5266=CARTESIAN_POINT('',(12.5,0.0644522342357022,-7.76977748906778));
#5267=CARTESIAN_POINT('',(12.5,25.1289048410004,-7.29999983683228));
#5268=CARTESIAN_POINT('',(12.5,25.1289048410004,-12.3848887445339));
#5269=CARTESIAN_POINT('',(12.5,25.6499997060746,-7.30000207080506));
#5270=CARTESIAN_POINT('',(12.5,20.5749996127561,-7.29999983683228));
#5271=CARTESIAN_POINT('',(12.4999994337559,25.6499997060746,-20.0124999761465));
#5272=CARTESIAN_POINT('',(12.5,5.99999999999999,-26.9053542175871));
#5273=CARTESIAN_POINT('',(12.5,6.,-23.1250000894069));
#5274=CARTESIAN_POINT('',(12.5,5.92135930143461,-27.0000004023314));
#5275=CARTESIAN_POINT('Origin',(12.5,1.4712708183923E-15,-22.));
#5276=CARTESIAN_POINT('',(12.5,3.74999946355813,-27.0000004023314));
#5277=CARTESIAN_POINT('',(12.5,3.00000000000003,-27.0000004023314));
#5278=CARTESIAN_POINT('Origin',(12.5,1.4712708183923E-15,-22.));
#5279=CARTESIAN_POINT('Origin',(12.5,2.22044604925031E-14,-22.));
#5280=CARTESIAN_POINT('',(12.5,-2.9999291300688,-11.3729867421337));
#5281=CARTESIAN_POINT('',(12.5,-2.9999291300688,-16.5170331740412));
#5282=CARTESIAN_POINT('',(12.5,-2.9999291300688,-2.87294675158669));
#5283=CARTESIAN_POINT('',(12.5,-6.25,-22.));
#5284=CARTESIAN_POINT('Origin',(12.5,1.4712708183923E-15,-22.));
#5285=CARTESIAN_POINT('',(12.5,-3.74994577620693,-27.0000406673854));
#5286=CARTESIAN_POINT('Origin',(12.5,1.4712708183923E-15,-22.));
#5287=CARTESIAN_POINT('',(12.5,-5.92127541597516,-27.0000004023314));
#5288=CARTESIAN_POINT('',(12.5,-2.99995805727024,-27.0000004023314));
#5289=CARTESIAN_POINT('',(12.5,-5.99991611454054,-26.9053542175871));
#5290=CARTESIAN_POINT('Origin',(12.5,1.4712708183923E-15,-22.));
#5291=CARTESIAN_POINT('',(12.5,-5.99991611454055,-23.1250000894069));
#5292=CARTESIAN_POINT('',(12.5,-25.6499158206151,-7.30000207080506));
#5293=CARTESIAN_POINT('',(12.4999994337559,-25.6499158206151,-20.0124999761465));
#5294=CARTESIAN_POINT('',(12.5,-25.1288209555409,-7.29999983683228));
#5295=CARTESIAN_POINT('',(12.5,-20.5749157272966,-7.29999983683228));
#5296=CARTESIAN_POINT('',(12.5,-25.1288209555409,-7.76977748906778));
#5297=CARTESIAN_POINT('',(12.5,-25.1288209555409,-12.3848887445339));
#5298=CARTESIAN_POINT('',(12.5,-23.4060125199564,-7.76977748906778));
#5299=CARTESIAN_POINT('',(12.5,-0.0643683487762494,-7.76977748906778));
#5300=CARTESIAN_POINT('Origin',(12.5,-14.5656864264617,-9.9281645166132));
#5301=CARTESIAN_POINT('',(12.5,-6.49998276595915,-14.2829474265254));
#5302=CARTESIAN_POINT('Origin',(12.5,-13.6654435142461,-10.6240290308544));
#5303=CARTESIAN_POINT('',(12.5,-6.49998276595915,-4.87294658841895));
#5304=CARTESIAN_POINT('',(12.5,-6.49998276595915,-7.37294658841895));
#5305=CARTESIAN_POINT('',(12.5,-4.9999826691016,-4.87294658841895));
#5306=CARTESIAN_POINT('',(12.5,1.7330898399082E-5,-4.87294658841895));
#5307=CARTESIAN_POINT('',(12.5,-4.9999826691016,-7.37294658841895));
#5308=CARTESIAN_POINT('',(12.5,-4.9999826691016,-7.37294658841895));
#5309=CARTESIAN_POINT('Origin',(12.5,1.7330898399082E-5,-7.37294658841895));
#5310=CARTESIAN_POINT('Origin',(16.5,6.66514186026067E-5,-4.87294658841894));
#5311=CARTESIAN_POINT('',(17.,5.0000666514186,-4.87294658841894));
#5312=CARTESIAN_POINT('',(17.,-4.9999333485814,-4.87294658841894));
#5313=CARTESIAN_POINT('Origin',(17.,6.66514186026067E-5,-4.87294658841894));
#5314=CARTESIAN_POINT('',(16.5,5.0000666514186,-4.87294658841895));
#5315=CARTESIAN_POINT('',(14.7159091571517,4.33019367034079,-7.37294658841895));
#5316=CARTESIAN_POINT('Ctrl Pts',(14.7159091571517,4.33019367034079,-7.37294658841895));
#5317=CARTESIAN_POINT('Ctrl Pts',(14.5172257637753,4.46240014037924,-7.14395826522303));
#5318=CARTESIAN_POINT('Ctrl Pts',(14.3087934554771,4.57531986434155,-6.90621747578145));
#5319=CARTESIAN_POINT('Ctrl Pts',(13.5696914437444,4.89677820077794,-6.06853873858882));
#5320=CARTESIAN_POINT('Ctrl Pts',(13.0128396635873,5.00006655456105,-5.44631875753505));
#5321=CARTESIAN_POINT('Ctrl Pts',(12.5,5.00006655456105,-4.87294658841894));
#5322=CARTESIAN_POINT('',(14.7159834211035,-4.33006036750359,-7.37294658841895));
#5323=CARTESIAN_POINT('Ctrl Pts',(14.7159361422451,-4.33004260472545,-7.37297735420075));
#5324=CARTESIAN_POINT('Ctrl Pts',(14.8557191502656,-4.23702642519232,-7.53408345956567));
#5325=CARTESIAN_POINT('Ctrl Pts',(14.9836421328411,-4.13021470121702,-7.69815119855308));
#5326=CARTESIAN_POINT('Ctrl Pts',(15.305697523784,-3.79836338870664,-8.14349074062699));
#5327=CARTESIAN_POINT('Ctrl Pts',(15.4762889780136,-3.54701328318136,-8.41766729835742));
#5328=CARTESIAN_POINT('Ctrl Pts',(15.8338784838209,-2.81953866784544,-9.04199929160512));
#5329=CARTESIAN_POINT('Ctrl Pts',(15.9805363850999,-2.30565747038456,-9.35096474340659));
#5330=CARTESIAN_POINT('Ctrl Pts',(16.1302918777018,-1.40475193872701,-9.68452030935791));
#5331=CARTESIAN_POINT('Ctrl Pts',(16.1668868276892,-1.05917800454052,-9.77247067910579));
#5332=CARTESIAN_POINT('Ctrl Pts',(16.2046745486761,-0.416167063429341,-9.86417983051877));
#5333=CARTESIAN_POINT('Ctrl Pts',(16.2109675782961,-0.122679623766119,-9.88002801344588));
#5334=CARTESIAN_POINT('Ctrl Pts',(16.202694832735,0.477021485247328,-9.85959949454962));
#5335=CARTESIAN_POINT('Ctrl Pts',(16.1871506908005,0.781977245050497,-9.8208812051755));
#5336=CARTESIAN_POINT('Ctrl Pts',(16.1209112465733,1.49129315370984,-9.66390816785733));
#5337=CARTESIAN_POINT('Ctrl Pts',(16.0595692625098,1.88588933842909,-9.52206170575952));
#5338=CARTESIAN_POINT('Ctrl Pts',(15.8408453210944,2.78904289665756,-9.0658204396147));
#5339=CARTESIAN_POINT('Ctrl Pts',(15.6565549052602,3.25499517974704,-8.70880622609997));
#5340=CARTESIAN_POINT('Ctrl Pts',(15.2104458643905,3.92110979643866,-8.00308189903045));
#5341=CARTESIAN_POINT('Ctrl Pts',(14.9849375064384,4.15117876730805,-7.68300949578367));
#5342=CARTESIAN_POINT('Ctrl Pts',(14.7159091571517,4.33019367034079,-7.37294658841895));
#5343=CARTESIAN_POINT('Ctrl Pts',(12.5,-4.9999333485814,-4.87294658841894));
#5344=CARTESIAN_POINT('Ctrl Pts',(12.5199739879982,-4.9999333485814,-4.89527832356886));
#5345=CARTESIAN_POINT('Ctrl Pts',(12.5745559335738,-4.9995655856704,-4.95536354917452));
#5346=CARTESIAN_POINT('Ctrl Pts',(12.629030899933,-4.99795043692767,-5.01552342087081));
#5347=CARTESIAN_POINT('Ctrl Pts',(13.2146634575234,-4.97613545181846,-5.67625728737637));
#5348=CARTESIAN_POINT('Ctrl Pts',(13.9816341052366,-4.81872941871517,-6.52654696367281));
#5349=CARTESIAN_POINT('Ctrl Pts',(14.7159834211781,-4.33006036745396,-7.37294658850491));
#5350=CARTESIAN_POINT('',(16.5,-4.9999333485814,-4.87294658841895));
#5351=CARTESIAN_POINT('Ctrl Pts',(12.5,-4.99993344543895,-7.37294658841895));
#5352=CARTESIAN_POINT('Ctrl Pts',(12.5,-4.99993344543895,-12.372946588419));
#5353=CARTESIAN_POINT('Ctrl Pts',(12.5,6.65545610537884E-5,-12.3729465884189));
#5354=CARTESIAN_POINT('Ctrl Pts',(12.5,5.00006655456105,-12.372946588419));
#5355=CARTESIAN_POINT('Ctrl Pts',(12.5,5.00006655456105,-7.37294658841895));
#5356=CARTESIAN_POINT('Ctrl Pts',(15.2023529415126,-4.99993344543895,-7.37294658841895));
#5357=CARTESIAN_POINT('Ctrl Pts',(15.2023529415126,-4.99993344543895,-12.372946588419));
#5358=CARTESIAN_POINT('Ctrl Pts',(15.2023529415126,6.65545610537884E-5,
-12.372946588419));
#5359=CARTESIAN_POINT('Ctrl Pts',(15.2023529415126,5.00006655456106,-12.372946588419));
#5360=CARTESIAN_POINT('Ctrl Pts',(15.2023529415126,5.00006655456106,-7.37294658841895));
#5361=CARTESIAN_POINT('Ctrl Pts',(16.2109541704371,-2.49285646586414,-7.37294658841895));
#5362=CARTESIAN_POINT('Ctrl Pts',(16.2109541704371,-2.49285646586414,-9.86586960884414));
#5363=CARTESIAN_POINT('Ctrl Pts',(16.2109541704371,6.65545610537884E-5,
-9.86586960884414));
#5364=CARTESIAN_POINT('Ctrl Pts',(16.2109541704371,2.49298957498625,-9.86586960884414));
#5365=CARTESIAN_POINT('Ctrl Pts',(16.2109541704371,2.49298957498625,-7.37294658841895));
#5366=CARTESIAN_POINT('Ctrl Pts',(12.5,3.00006223919091,-11.3729498249429));
#5367=CARTESIAN_POINT('Ctrl Pts',(12.8329555402419,3.0006269812216,-11.3725262693719));
#5368=CARTESIAN_POINT('Ctrl Pts',(13.1633240972252,2.94577814317085,-11.3616228243595));
#5369=CARTESIAN_POINT('Ctrl Pts',(13.8263374648583,2.71853553641612,-11.3186541250477));
#5370=CARTESIAN_POINT('Ctrl Pts',(14.149052170572,2.53621030227644,-11.2846812162192));
#5371=CARTESIAN_POINT('Ctrl Pts',(14.689102946473,2.08425418906428,-11.2071020708101));
#5372=CARTESIAN_POINT('Ctrl Pts',(14.9092917205112,1.82578467085826,-11.1649126838608));
#5373=CARTESIAN_POINT('Ctrl Pts',(15.211988584455,1.31814249487303,-11.0963438466951));
#5374=CARTESIAN_POINT('Ctrl Pts',(15.3141426763082,1.08371668821427,-11.0689996867657));
#5375=CARTESIAN_POINT('Ctrl Pts',(15.4271991402534,0.695446834416575,-11.0368061342812));
#5376=CARTESIAN_POINT('Ctrl Pts',(15.4582201801673,0.549073616439056,-11.0274041085918));
#5377=CARTESIAN_POINT('Ctrl Pts',(15.4881769414586,0.326797502097186,-11.0182042549736));
#5378=CARTESIAN_POINT('Ctrl Pts',(15.4953839858494,0.252475583697191,-11.0159554333924));
#5379=CARTESIAN_POINT('Ctrl Pts',(15.5024842534907,0.132921818913814,-11.0137350172959));
#5380=CARTESIAN_POINT('Ctrl Pts',(15.5041422848333,0.087866807574684,-11.013214086845));
#5381=CARTESIAN_POINT('Ctrl Pts',(15.5053539358347,0.00278275220225827,
-11.0128335794423));
#5382=CARTESIAN_POINT('Ctrl Pts',(15.5051234150564,-0.037222833469686,-11.0129060981142));
#5383=CARTESIAN_POINT('Ctrl Pts',(15.5028129355539,-0.126884864909135,-11.0136312575382));
#5384=CARTESIAN_POINT('Ctrl Pts',(15.5002996233033,-0.176505144129605,-11.0144200149259));
#5385=CARTESIAN_POINT('Ctrl Pts',(15.4894007126173,-0.320702179347116,-11.0178190054423));
#5386=CARTESIAN_POINT('Ctrl Pts',(15.4777638752317,-0.414895621676607,-11.0214347121067));
#5387=CARTESIAN_POINT('Ctrl Pts',(15.395398249924,-0.893873648655165,-11.0463849671763));
#5388=CARTESIAN_POINT('Ctrl Pts',(15.2545742771426,-1.26147146770125,-11.0877137710747));
#5389=CARTESIAN_POINT('Ctrl Pts',(14.840953712927,-1.92260793742167,-11.1791895127086));
#5390=CARTESIAN_POINT('Ctrl Pts',(14.5703163921665,-2.21094232163404,-11.2281122232452));
#5391=CARTESIAN_POINT('Ctrl Pts',(13.9319643459384,-2.66798303275703,-11.3087608636607));
#5392=CARTESIAN_POINT('Ctrl Pts',(13.5700024027648,-2.83219960363567,-11.3399722779209));
#5393=CARTESIAN_POINT('Ctrl Pts',(12.9609279456055,-2.97406033511805,-11.3673457684559));
#5394=CARTESIAN_POINT('Ctrl Pts',(12.7308882308509,-3.00032075078867,-11.3726561100632));
#5395=CARTESIAN_POINT('Ctrl Pts',(12.5,-2.9999291300688,-11.3729498249429));
#5396=CARTESIAN_POINT('Origin',(12.5,-0.999982669101601,-7.37294658841895));
#5397=CARTESIAN_POINT('Origin',(12.5,1.00006655456105,-7.37294658841895));
#5398=CARTESIAN_POINT('Origin',(12.5,1.00006655456105,-7.99794658841895));
#5399=CARTESIAN_POINT('Origin',(17.,5.00006655456105,-4.87294658841895));
#5400=CARTESIAN_POINT('',(17.,6.5000666514186,-4.87294658841895));
#5401=CARTESIAN_POINT('',(17.,6.5000666514186,-4.87294658841894));
#5402=CARTESIAN_POINT('',(17.,6.5000666514186,-4.87294658841895));
#5403=CARTESIAN_POINT('Origin',(-21.8949116125686,27.5,-22.0729470794122));
#5404=CARTESIAN_POINT('',(9.10508884936736,25.6499997060746,-22.0729470794122));
#5405=CARTESIAN_POINT('',(-21.8949116125686,25.6499997060746,-22.0729470794122));
#5406=CARTESIAN_POINT('',(-26.7084560894064,25.6499997060746,-22.0729470794122));
#5407=CARTESIAN_POINT('',(9.10508884936736,27.5,-22.0729470794122));
#5408=CARTESIAN_POINT('',(9.10508884936736,27.5,-22.0729470794122));
#5409=CARTESIAN_POINT('',(-21.8949116125686,27.5,-22.0729470794122));
#5410=CARTESIAN_POINT('',(-4.6974558062843,27.5,-22.0729470794122));
#5411=CARTESIAN_POINT('',(-21.8949116125686,27.5,-22.0729470794122));
#5412=CARTESIAN_POINT('Origin',(-21.8949116125686,27.5,-22.0729470794122));
#5413=CARTESIAN_POINT('',(9.10508884936735,-27.4999161145406,-22.0729470794122));
#5414=CARTESIAN_POINT('',(-21.8949116125686,-27.4999161145406,-22.0729470794122));
#5415=CARTESIAN_POINT('',(-4.6974558062843,-27.4999161145406,-22.0729470794122));
#5416=CARTESIAN_POINT('',(9.10508884936735,-25.6499158206151,-22.0729470794122));
#5417=CARTESIAN_POINT('',(9.10508884936736,27.5,-22.0729470794122));
#5418=CARTESIAN_POINT('',(-21.8949116125686,-25.6499158206151,-22.0729470794122));
#5419=CARTESIAN_POINT('',(-26.7084560894064,-25.6499158206151,-22.0729470794122));
#5420=CARTESIAN_POINT('',(-21.8949116125686,27.5,-22.0729470794122));
#5421=CARTESIAN_POINT('Origin',(9.10508884936736,27.5,-21.072947064511));
#5422=CARTESIAN_POINT('',(9.10508884936736,25.6499997060746,-20.0729470496099));
#5423=CARTESIAN_POINT('Origin',(9.10508884936736,25.6499997060746,-21.072947064511));
#5424=CARTESIAN_POINT('',(9.10508884936736,27.5,-20.0729470496099));
#5425=CARTESIAN_POINT('',(9.10508884936736,27.5,-20.0729470496099));
#5426=CARTESIAN_POINT('Origin',(9.10508884936736,27.5,-21.072947064511));
#5427=CARTESIAN_POINT('Origin',(9.10508884936736,27.5,-20.0729470496099));
#5428=CARTESIAN_POINT('',(-21.8949116125686,25.6499997060746,-20.0729470496099));
#5429=CARTESIAN_POINT('',(-11.2084558584384,25.6499997060746,-20.0729470496099));
#5430=CARTESIAN_POINT('',(-21.8949116125686,27.5,-20.0729470496099));
#5431=CARTESIAN_POINT('',(-21.8949116125686,27.5,-20.0729470496099));
#5432=CARTESIAN_POINT('',(10.8025444246837,27.5,-20.0729470496099));
#5433=CARTESIAN_POINT('Origin',(-21.8949116125686,27.5,-21.072947064511));
#5434=CARTESIAN_POINT('Origin',(-21.8949116125686,25.6499997060746,-21.072947064511));
#5435=CARTESIAN_POINT('Origin',(-21.8949116125686,27.5,-21.072947064511));
#5436=CARTESIAN_POINT('Origin',(-21.8949116125686,27.5,-21.072947064511));
#5437=CARTESIAN_POINT('',(-21.8949116125686,-27.4999161145406,-20.0729470496099));
#5438=CARTESIAN_POINT('Origin',(-21.8949116125686,-27.4999161145405,-21.072947064511));
#5439=CARTESIAN_POINT('',(-21.8949116125686,-25.6499158206151,-20.0729470496099));
#5440=CARTESIAN_POINT('Origin',(-21.8949116125686,-25.6499158206151,-21.072947064511));
#5441=CARTESIAN_POINT('',(-21.8949116125686,27.5,-20.0729470496099));
#5442=CARTESIAN_POINT('Origin',(9.10508884936736,27.5,-20.0729470496099));
#5443=CARTESIAN_POINT('',(9.10508884936735,-27.4999161145406,-20.0729470496099));
#5444=CARTESIAN_POINT('',(10.8025444246837,-27.4999161145406,-20.0729470496099));
#5445=CARTESIAN_POINT('',(9.10508884936735,-25.6499158206151,-20.0729470496099));
#5446=CARTESIAN_POINT('',(-11.2084558584384,-25.6499158206151,-20.0729470496099));
#5447=CARTESIAN_POINT('',(9.10508884936736,27.5,-20.0729470496099));
#5448=CARTESIAN_POINT('Origin',(9.10508884936736,27.5,-21.072947064511));
#5449=CARTESIAN_POINT('Origin',(9.10508884936735,-27.4999161145406,-21.072947064511));
#5450=CARTESIAN_POINT('Origin',(9.10508884936735,-25.6499158206151,-21.072947064511));
#5451=CARTESIAN_POINT('Origin',(16.5,24.,-27.0000002905726));
#5452=CARTESIAN_POINT('',(-30.5,27.5,-23.5000001266599));
#5453=CARTESIAN_POINT('',(-30.5,25.826082187954,-25.1739180170992));
#5454=CARTESIAN_POINT('',(14.590326369319,27.5,-23.5000001266599));
#5455=CARTESIAN_POINT('',(16.5,27.5,-23.5000001266599));
#5456=CARTESIAN_POINT('',(16.7006608273347,21.9166669492565,-29.0833334388832));
#5457=CARTESIAN_POINT('Origin',(27.,29.0000000564115,-22.));
#5458=CARTESIAN_POINT('',(16.094817324923,21.5000002809933,-29.5000001266599));
#5459=CARTESIAN_POINT('',(18.3720119693602,23.0661326265702,-27.9338677077376));
#5460=CARTESIAN_POINT('',(16.094817324923,24.25,-26.7500002788646));
#5461=CARTESIAN_POINT('Origin',(16.094817324923,27.5,-29.5000001266599));
#5462=CARTESIAN_POINT('',(16.094817324923,27.5,-29.5000001266599));
#5463=CARTESIAN_POINT('Origin',(16.7006608273347,27.5,-29.0833334388832));
#5464=CARTESIAN_POINT('',(16.7006608273347,9.50000000000002,-29.0833334388832));
#5465=CARTESIAN_POINT('Origin',(27.,9.50000000000002,-22.));
#5466=CARTESIAN_POINT('',(39.5,27.5,-22.));
#5467=CARTESIAN_POINT('Origin',(27.,27.5,-22.));
#5468=CARTESIAN_POINT('',(39.5,9.50000000000002,-22.));
#5469=CARTESIAN_POINT('',(19.5829674606392,23.4409784594225,-11.9383088742467));
#5470=CARTESIAN_POINT('',(19.5829674606392,9.50000000000002,-11.9383088742467));
#5471=CARTESIAN_POINT('Ctrl Pts',(19.5829674606392,23.4409784594225,-11.9383088742467));
#5472=CARTESIAN_POINT('Ctrl Pts',(19.0214921290823,23.3472355165148,-12.3522035915618));
#5473=CARTESIAN_POINT('Ctrl Pts',(18.5065525850643,23.2138636801252,-12.8052021508851));
#5474=CARTESIAN_POINT('Ctrl Pts',(17.6108544860277,22.8501227466205,-13.7244249609164));
#5475=CARTESIAN_POINT('Ctrl Pts',(17.1824621114256,22.6035613879972,-14.2372245795256));
#5476=CARTESIAN_POINT('Ctrl Pts',(16.4535610794666,21.9642506932428,-15.2607600943851));
#5477=CARTESIAN_POINT('Ctrl Pts',(16.1519828192536,21.5698055208749,-15.7696732532591));
#5478=CARTESIAN_POINT('Ctrl Pts',(15.4963058626595,20.3730777930022,-17.0240975644144));
#5479=CARTESIAN_POINT('Ctrl Pts',(15.2252518386379,19.3480156332529,-17.7714272731137));
#5480=CARTESIAN_POINT('Ctrl Pts',(14.9122066957591,17.0452699260763,-18.7734325669945));
#5481=CARTESIAN_POINT('Ctrl Pts',(14.8584105711121,15.7692311515959,-19.0281645166132));
#5482=CARTESIAN_POINT('Ctrl Pts',(14.8584105711121,13.3623094722464,-19.0281645166132));
#5483=CARTESIAN_POINT('Ctrl Pts',(14.9122066957591,12.086270697766,-18.7734325669945));
#5484=CARTESIAN_POINT('Ctrl Pts',(15.1374357988342,10.4294957500132,-18.0525117709015));
#5485=CARTESIAN_POINT('Ctrl Pts',(15.2269377347653,9.94673989904191,-17.7871564043753));
#5486=CARTESIAN_POINT('Ctrl Pts',(15.3428141891141,9.50000000000003,-17.4877922287997));
#5487=CARTESIAN_POINT('',(14.904,12.6072390811201,-18.8477335138031));
#5488=CARTESIAN_POINT('Ctrl Pts',(15.3281158082227,9.50000000000003,-17.5259504457662));
#5489=CARTESIAN_POINT('Ctrl Pts',(15.2150940914242,9.94150012963542,-17.8208010891571));
#5490=CARTESIAN_POINT('Ctrl Pts',(15.1276033476662,10.417861109478,-18.0823493114666));
#5491=CARTESIAN_POINT('Ctrl Pts',(14.9868575233304,11.4592452641725,-18.5364967745626));
#5492=CARTESIAN_POINT('Ctrl Pts',(14.9369750475279,12.0294330498797,-18.7212003743483));
#5493=CARTESIAN_POINT('Ctrl Pts',(14.9039999999998,12.6072390811237,-18.8477335138039));
#5494=CARTESIAN_POINT('',(14.8510530036432,14.5539077861795,-19.0583870275454));
#5495=CARTESIAN_POINT('Ctrl Pts',(14.9039999999998,12.6072390811237,-18.8477335138039));
#5496=CARTESIAN_POINT('Ctrl Pts',(14.8669376607444,13.2566647759794,-18.9899505686109));
#5497=CARTESIAN_POINT('Ctrl Pts',(14.8510530036432,13.9157689008022,-19.0583870275454));
#5498=CARTESIAN_POINT('Ctrl Pts',(14.8510530036432,14.5539077861795,-19.0583870275454));
#5499=CARTESIAN_POINT('',(14.6610372724409,14.5539077889414,-20.0000002980232));
#5500=CARTESIAN_POINT('Origin',(27.,14.5539077889414,-22.));
#5501=CARTESIAN_POINT('',(14.6610372724409,9.50000000000002,-20.0000002980232));
#5502=CARTESIAN_POINT('Origin',(16.5,-23.9999161145406,-27.0000002905726));
#5503=CARTESIAN_POINT('',(-30.5,-27.4999161145406,-23.5000001266599));
#5504=CARTESIAN_POINT('',(-30.5,-25.8259983024945,-25.1739180170992));
#5505=CARTESIAN_POINT('',(16.094817324923,-21.4999163955339,-29.5000001266599));
#5506=CARTESIAN_POINT('',(16.094817324923,-24.2499161145406,-26.7500002788646));
#5507=CARTESIAN_POINT('',(16.7006608273347,-21.9165830637971,-29.0833334388832));
#5508=CARTESIAN_POINT('',(18.3720119693602,-23.0660487411107,-27.9338677077376));
#5509=CARTESIAN_POINT('',(14.590326369319,-27.4999161145406,-23.5000001266599));
#5510=CARTESIAN_POINT('Origin',(27.,-28.9999161709521,-22.));
#5511=CARTESIAN_POINT('',(16.5,-27.4999161145406,-23.5000001266599));
#5512=CARTESIAN_POINT('Origin',(-30.5,-16.368868148681,-12.0646239302762));
#5513=CARTESIAN_POINT('',(-30.5,-27.4999161145406,-7.29999983683228));
#5514=CARTESIAN_POINT('',(-30.5,-27.4999161145406,-18.1594271260657));
#5515=CARTESIAN_POINT('',(-30.5,-25.6499158206151,-7.30000207080506));
#5516=CARTESIAN_POINT('',(-30.5,-21.4999156339781,-7.29999983683228));
#5517=CARTESIAN_POINT('',(-30.5,-25.6499158206151,-14.9123130005407));
#5518=CARTESIAN_POINT('',(-30.5,-22.9999830267295,-13.3947735797072));
#5519=CARTESIAN_POINT('',(-30.5,-22.9999830267295,-18.1573120545451));
#5520=CARTESIAN_POINT('',(-30.5,-13.1610984233467,-19.1424512577905));
#5521=CARTESIAN_POINT('Origin',(-30.5,-14.4368485125514,-10.0313337791321));
#5522=CARTESIAN_POINT('',(-30.5,-13.1610984233465,-14.5323120545451));
#5523=CARTESIAN_POINT('Origin',(12.5,-27.4999161145406,-7.29999983683228));
#5524=CARTESIAN_POINT('',(39.5,-27.4999161145406,-22.));
#5525=CARTESIAN_POINT('Origin',(27.,-27.4999161145406,-22.));
#5526=CARTESIAN_POINT('',(39.5,-27.4999161145406,-22.));
#5527=CARTESIAN_POINT('',(42.0000006258488,-27.4999161145406,-22.));
#5528=CARTESIAN_POINT('',(42.0000006258488,-27.4999161145406,-22.));
#5529=CARTESIAN_POINT('',(41.9514277744271,-27.4999161145406,-20.7938459857508));
#5530=CARTESIAN_POINT('Origin',(27.,-27.4999161145406,-22.));
#5531=CARTESIAN_POINT('',(39.9579040711702,-27.4999161145406,-20.954666520984));
#5532=CARTESIAN_POINT('',(27.8616926957144,-27.4999161145406,-21.9304859629685));
#5533=CARTESIAN_POINT('',(38.9935032748663,-27.4999161145406,-9.00000013411045));
#5534=CARTESIAN_POINT('',(39.3219252626693,-27.4999161145406,-13.071103469307));
#5535=CARTESIAN_POINT('',(33.8626453143882,-27.4999161145406,-9.00000013411045));
#5536=CARTESIAN_POINT('',(23.0000003427267,-27.4999161145406,-9.00000013411045));
#5537=CARTESIAN_POINT('',(27.0767621462133,-27.4999161145405,-7.29999983683228));
#5538=CARTESIAN_POINT('Origin',(27.,-27.4999161145405,-22.));
#5539=CARTESIAN_POINT('',(12.5,-27.4999161145406,-7.29999983683228));
#5540=CARTESIAN_POINT('Origin',(27.,-9.49991611454057,-22.));
#5541=CARTESIAN_POINT('',(16.7006608273347,-9.49991611454057,-29.0833334388832));
#5542=CARTESIAN_POINT('',(16.7006608273347,-9.49991611454057,-29.0833334388832));
#5543=CARTESIAN_POINT('',(14.6610372724409,-9.49991611454056,-20.0000002980232));
#5544=CARTESIAN_POINT('Origin',(27.,-9.49991611454057,-22.));
#5545=CARTESIAN_POINT('',(14.6610372724409,-14.5538239034819,-20.0000002980232));
#5546=CARTESIAN_POINT('',(14.6610372724409,-9.49991611454057,-20.0000002980232));
#5547=CARTESIAN_POINT('',(14.8510530036432,-14.5538239007201,-19.0583870275454));
#5548=CARTESIAN_POINT('Origin',(27.,-14.5538239034819,-22.));
#5549=CARTESIAN_POINT('',(14.904,-12.6071551956606,-18.8477335138031));
#5550=CARTESIAN_POINT('Ctrl Pts',(14.9039999999998,-12.6071551956642,-18.8477335138039));
#5551=CARTESIAN_POINT('Ctrl Pts',(14.8669376607444,-13.25658089052,-18.9899505686109));
#5552=CARTESIAN_POINT('Ctrl Pts',(14.8510530036432,-13.9156850153428,-19.0583870275454));
#5553=CARTESIAN_POINT('Ctrl Pts',(14.8510530036432,-14.5538239007201,-19.0583870275454));
#5554=CARTESIAN_POINT('',(15.3281158082227,-9.49991611454058,-17.5259504457662));
#5555=CARTESIAN_POINT('Ctrl Pts',(15.3281158082227,-9.49991611454057,-17.5259504457662));
#5556=CARTESIAN_POINT('Ctrl Pts',(15.2150940914242,-9.94141624417597,-17.8208010891571));
#5557=CARTESIAN_POINT('Ctrl Pts',(15.1276033476662,-10.4177772240185,-18.0823493114666));
#5558=CARTESIAN_POINT('Ctrl Pts',(14.9868575233304,-11.4591613787131,-18.5364967745626));
#5559=CARTESIAN_POINT('Ctrl Pts',(14.9369750475279,-12.0293491644203,-18.7212003743483));
#5560=CARTESIAN_POINT('Ctrl Pts',(14.9039999999998,-12.6071551956642,-18.8477335138039));
#5561=CARTESIAN_POINT('',(15.3428141891141,-9.49991611454058,-17.4877922287997));
#5562=CARTESIAN_POINT('Origin',(27.,-9.49991611454057,-22.));
#5563=CARTESIAN_POINT('',(19.5829674606392,-23.440894573963,-11.9383088742467));
#5564=CARTESIAN_POINT('Ctrl Pts',(19.5829674606392,-23.440894573963,-11.9383088742467));
#5565=CARTESIAN_POINT('Ctrl Pts',(19.0214921290823,-23.3471516310553,-12.3522035915618));
#5566=CARTESIAN_POINT('Ctrl Pts',(18.5065525850643,-23.2137797946657,-12.8052021508851));
#5567=CARTESIAN_POINT('Ctrl Pts',(17.6108544860277,-22.850038861161,-13.7244249609164));
#5568=CARTESIAN_POINT('Ctrl Pts',(17.1824621114256,-22.6034775025377,-14.2372245795256));
#5569=CARTESIAN_POINT('Ctrl Pts',(16.4535610794666,-21.9641668077833,-15.2607600943851));
#5570=CARTESIAN_POINT('Ctrl Pts',(16.1519828192536,-21.5697216354154,-15.7696732532591));
#5571=CARTESIAN_POINT('Ctrl Pts',(15.4963058626595,-20.3729939075428,-17.0240975644144));
#5572=CARTESIAN_POINT('Ctrl Pts',(15.2252518386379,-19.3479317477935,-17.7714272731137));
#5573=CARTESIAN_POINT('Ctrl Pts',(14.9122066957591,-17.0451860406168,-18.7734325669945));
#5574=CARTESIAN_POINT('Ctrl Pts',(14.8584105711121,-15.7691472661364,-19.0281645166132));
#5575=CARTESIAN_POINT('Ctrl Pts',(14.8584105711121,-13.362225586787,-19.0281645166132));
#5576=CARTESIAN_POINT('Ctrl Pts',(14.9122066957591,-12.0861868123066,-18.7734325669945));
#5577=CARTESIAN_POINT('Ctrl Pts',(15.1374357988342,-10.4294118645538,-18.0525117709015));
#5578=CARTESIAN_POINT('Ctrl Pts',(15.2269377347653,-9.94665601358245,-17.7871564043753));
#5579=CARTESIAN_POINT('Ctrl Pts',(15.3428141891141,-9.49991611454058,-17.4877922287997));
#5580=CARTESIAN_POINT('',(19.5829674606392,-9.49991611454057,-11.9383088742467));
#5581=CARTESIAN_POINT('',(19.5829674606392,-9.49991611454057,-11.9383088742467));
#5582=CARTESIAN_POINT('Origin',(27.,-9.49991611454057,-22.));
#5583=CARTESIAN_POINT('Origin',(27.,-11.6289161145406,-22.));
#5584=CARTESIAN_POINT('',(39.5,-9.49991611454058,-22.));
#5585=CARTESIAN_POINT('Origin',(27.,-9.49991611454057,-22.));
#5586=CARTESIAN_POINT('',(39.5,-9.49991611454057,-22.));
#5587=CARTESIAN_POINT('Origin',(20.5,8.38854594423233E-5,-22.));
#5588=CARTESIAN_POINT('',(12.5,4.19427297188024E-5,-28.2499999998593));
#5589=CARTESIAN_POINT('Origin',(12.5,1.4712708183923E-15,-22.));
#5590=CARTESIAN_POINT('',(0.500000000000029,4.19427297186636E-5,-28.2499999998593));
#5591=CARTESIAN_POINT('',(20.5,4.19427297186636E-5,-28.2499999998593));
#5592=CARTESIAN_POINT('',(0.500000000000029,-3.74991557809868,-27.0000004023314));
#5593=CARTESIAN_POINT('Origin',(0.500000000000029,8.38854594423233E-5,-22.));
#5594=CARTESIAN_POINT('',(20.5,-3.74991557809868,-27.0000004023314));
#5595=CARTESIAN_POINT('Origin',(12.5,-0.999982669101599,-7.99794658841895));
#5596=CARTESIAN_POINT('Origin',(-46.749999942258,-12.2499161145405,-17.0000001788139));
#5597=CARTESIAN_POINT('',(-41.5000005662441,-14.0354790466221,-17.0000001788139));
#5598=CARTESIAN_POINT('',(-41.5000005662441,-8.49991562280224,-17.0000001788139));
#5599=CARTESIAN_POINT('',(-41.5000005662441,-12.7055072689435,-17.0000001788139));
#5600=CARTESIAN_POINT('',(-51.232233985523,-23.767685383144,-17.0000001788139));
#5601=CARTESIAN_POINT('',(-51.232233985523,-23.767685383144,-17.0000001788139));
#5602=CARTESIAN_POINT('',(-55.4999993182719,-21.9999156228022,-17.0000001788139));
#5603=CARTESIAN_POINT('Origin',(-52.9999988265336,-21.9999156228022,-17.0000001788139));
#5604=CARTESIAN_POINT('',(-55.4999993182719,-9.202193742543,-17.0000001788139));
#5605=CARTESIAN_POINT('',(-55.4999993182719,-21.9999156228022,-17.0000001788139));
#5606=CARTESIAN_POINT('',(-52.8430242909277,-6.03573420827243,-17.0000001788139));
#5607=CARTESIAN_POINT('',(-54.1927107417153,-7.6442278848743,-17.0000001788139));
#5608=CARTESIAN_POINT('',(-51.6939576262492,-8.49991562280224,-17.0000001788139));
#5609=CARTESIAN_POINT('Origin',(-51.6939576262492,-6.99991562280224,-17.0000001788139));
#5610=CARTESIAN_POINT('',(-50.8750003809109,-8.49991562280224,-17.0000001788139));
#5611=CARTESIAN_POINT('',(-51.9999968484041,-21.9999156228022,-17.0000001788139));
#5612=CARTESIAN_POINT('Origin',(-52.9999988265336,-21.9999156228022,-17.0000001788139));
#5613=CARTESIAN_POINT('Origin',(-55.0000008195639,-8.49991562280224,-13.0000001788139));
#5614=CARTESIAN_POINT('',(-41.5000005662441,-8.49991562280224,-15.0000001788139));
#5615=CARTESIAN_POINT('',(-51.6939576262492,-8.49991562280224,-15.0000001788139));
#5616=CARTESIAN_POINT('Origin',(17.,-13.6654435142461,-10.6240290308544));
#5617=CARTESIAN_POINT('',(17.,-6.49998276595915,-14.2829474265254));
#5618=CARTESIAN_POINT('Origin',(17.,-13.6654435142461,-10.6240290308544));
#5619=CARTESIAN_POINT('',(17.,-6.49998276595915,-14.2829474265254));
#5620=CARTESIAN_POINT('Origin',(17.,-6.49998276595915,-7.37294658841895));
#5621=CARTESIAN_POINT('',(17.,-6.49998276595915,-4.87294658841895));
#5622=CARTESIAN_POINT('',(17.,-6.49998276595915,-7.37294658841895));
#5623=CARTESIAN_POINT('',(17.,-6.49998276595915,-4.87294658841895));
#5624=CARTESIAN_POINT('Origin',(-51.6939576262492,-6.99991562280224,-15.0000001788139));
#5625=CARTESIAN_POINT('',(-52.8430242909277,-6.03573420827243,-15.0000001788139));
#5626=CARTESIAN_POINT('Origin',(19.5829674606392,-14.5656864264617,-9.9281645166132));
#5627=CARTESIAN_POINT('',(16.216775132539,-23.4060125199564,-7.76977748906778));
#5628=CARTESIAN_POINT('',(19.5829674606392,-23.4060125199564,-7.76977748906778));
#5629=CARTESIAN_POINT('',(16.3448827705568,-23.2779048819386,-7.29999983683228));
#5630=CARTESIAN_POINT('Origin',(25.0571012260339,-14.5656864264617,-9.9281645166132));
#5631=CARTESIAN_POINT('',(19.5829674606392,-23.2779048819386,-7.29999983683228));
#5632=CARTESIAN_POINT('',(19.5829674606392,-23.2779048819386,-7.29999983683228));
#5633=CARTESIAN_POINT('Origin',(19.5829674606392,-14.5656864264617,-9.9281645166132));
#5634=CARTESIAN_POINT('',(19.5829674606392,-9.49991611454057,-17.4877922287997));
#5635=CARTESIAN_POINT('',(19.5829674606392,-9.49991611454057,-17.4877922287997));
#5636=CARTESIAN_POINT('',(19.5829674606392,-8.74591611454058,-16.9238970384069));
#5637=CARTESIAN_POINT('Origin',(19.5829674606392,-14.5656864264617,-9.9281645166132));
#5638=CARTESIAN_POINT('',(17.,-8.74591611454058,-16.9238970384069));
#5639=CARTESIAN_POINT('',(19.5829674606392,-8.74591611454058,-16.9238970384069));
#5640=CARTESIAN_POINT('',(17.,-7.78470543406355,-15.9967967167663));
#5641=CARTESIAN_POINT('Origin',(17.,-14.5656864264617,-9.9281645166132));
#5642=CARTESIAN_POINT('',(16.0358971940166,-7.78470543406361,-15.9967967167664));
#5643=CARTESIAN_POINT('',(19.5829674606392,-7.78470543406339,-15.9967967167661));
#5644=CARTESIAN_POINT('Ctrl Pts',(16.0598838807468,-7.74591611454059,-15.9531734703526));
#5645=CARTESIAN_POINT('Ctrl Pts',(16.0518397941638,-7.75877977849921,-15.9677339854059));
#5646=CARTESIAN_POINT('Ctrl Pts',(16.0438442155571,-7.7717096255792,-15.9822754329899));
#5647=CARTESIAN_POINT('Ctrl Pts',(16.0358971940166,-7.78470543406361,-15.9967967167664));
#5648=CARTESIAN_POINT('Origin',(-22.8949117764814,-22.9999830267295,-24.2500001788139));
#5649=CARTESIAN_POINT('',(-22.8949117764814,-22.9999830267295,-13.3947735797072));
#5650=CARTESIAN_POINT('',(-31.3949112847431,-22.9999830267295,-13.3947735797072));
#5651=CARTESIAN_POINT('',(-22.8949117764814,-22.9999830267295,-24.2500001788139));
#5652=CARTESIAN_POINT('Origin',(-22.8949117764814,-7.99998302672947,-24.2500001788139));
#5653=CARTESIAN_POINT('',(-22.8949117764814,-7.99998302672947,-16.6045189064075));
#5654=CARTESIAN_POINT('',(-22.8949117764814,-7.99998302672947,-24.2500001788139));
#5655=CARTESIAN_POINT('Origin',(-22.8949117764814,-14.4368485125514,-10.0313337791321));
#5656=CARTESIAN_POINT('Origin',(-31.3949112847431,-14.4368485125514,-10.0313337791321));
#5657=CARTESIAN_POINT('',(-32.8949117764814,-7.99998302672947,-16.6045189064075));
#5658=CARTESIAN_POINT('',(-31.3949112847431,-7.99998302672947,-16.6045189064075));
#5659=CARTESIAN_POINT('',(-32.8949117764814,-13.1610984233467,-19.1424512577905));
#5660=CARTESIAN_POINT('Origin',(-32.8949117764814,-14.4368485125514,-10.0313337791321));
#5661=CARTESIAN_POINT('',(-31.3949112847431,-13.1610984233465,-19.1424512577894));
#5662=CARTESIAN_POINT('Origin',(-32.8949117764814,-7.99998302672947,-24.2500001788139));
#5663=CARTESIAN_POINT('',(-32.8949117764814,-7.99998302672947,-24.2500001788139));
#5664=CARTESIAN_POINT('Origin',(-32.8949117764814,-13.1610984233465,-24.2500001788139));
#5665=CARTESIAN_POINT('',(-32.8949117764814,-13.1610984233465,-24.2500001788139));
#5666=CARTESIAN_POINT('Origin',(12.5,4.19427297534969E-5,-30.5000004544854));
#5667=CARTESIAN_POINT('',(17.,4.19427296999286E-5,-30.5000004544854));
#5668=CARTESIAN_POINT('',(12.5,4.19427297000201E-5,-30.5000004544854));
#5669=CARTESIAN_POINT('',(17.,-7.99998278831089,-30.5));
#5670=CARTESIAN_POINT('Origin',(41.9514277744271,-27.4999161145406,-20.7938459857508));
#5671=CARTESIAN_POINT('',(39.9579040711702,-9.49991611454057,-20.954666520984));
#5672=CARTESIAN_POINT('',(41.9514277744271,-9.49991611454057,-20.7938459857508));
#5673=CARTESIAN_POINT('Origin',(39.9579040711702,-27.4999161145406,-20.954666520984));
#5674=CARTESIAN_POINT('',(38.9935032748663,-11.6289161145406,-9.00000013411045));
#5675=CARTESIAN_POINT('',(39.4351688306443,-11.6289161145406,-14.47486535004));
#5676=CARTESIAN_POINT('',(38.9935032748663,-27.4999161145406,-9.00000013411045));
#5677=CARTESIAN_POINT('Origin',(27.,-9.49991611454057,-22.));
#5678=CARTESIAN_POINT('',(42.,-9.49991611454057,-22.));
#5679=CARTESIAN_POINT('Origin',(42.,-27.4999161145406,-22.));
#5680=CARTESIAN_POINT('Origin',(26.9906869749992,-7.74591611454058,-21.9919932642008));
#5681=CARTESIAN_POINT('',(16.0358971940166,-8.74591611454058,-15.9967967167664));
#5682=CARTESIAN_POINT('',(16.0358971940166,-7.74591611454058,-15.9967967167664));
#5683=CARTESIAN_POINT('',(19.5829674606392,-8.74591611454058,-11.9383624581457));
#5684=CARTESIAN_POINT('Origin',(26.9906869749992,-8.74591611454058,-21.9919932642008));
#5685=CARTESIAN_POINT('',(19.5829674606392,-7.74591611454058,-11.9383624581457));
#5686=CARTESIAN_POINT('Origin',(29.3380455284046,-11.6289161145406,-8.76744436705153));
#5687=CARTESIAN_POINT('',(27.0767621462132,-11.6289161145406,-7.29999983683228));
#5688=CARTESIAN_POINT('',(20.9190227642023,-11.6289161145406,-7.29999983683228));
#5689=CARTESIAN_POINT('',(33.8626453143882,-11.6289161145406,-9.00000013411045));
#5690=CARTESIAN_POINT('Origin',(27.,-11.6289161145406,-22.));
#5691=CARTESIAN_POINT('',(26.1690229355656,-11.6289161145406,-9.00000013411045));
#5692=CARTESIAN_POINT('Origin',(12.5,-21.4999156339781,-7.29999983683228));
#5693=CARTESIAN_POINT('',(19.5829674606392,-21.5901259354868,-7.29999983683228));
#5694=CARTESIAN_POINT('',(19.5829674606392,-7.74591611454058,-7.29999983683228));
#5695=CARTESIAN_POINT('',(19.5000000000001,-21.5901259354868,-7.29999983683228));
#5696=CARTESIAN_POINT('',(19.5829674606392,-21.5901259354868,-7.29999983683228));
#5697=CARTESIAN_POINT('',(19.5000000000001,-23.1734010137347,-7.29999983683228));
#5698=CARTESIAN_POINT('',(19.5000000000001,-24.4999158742593,-7.29999983683228));
#5699=CARTESIAN_POINT('',(19.5829674606392,-23.1734010137347,-7.29999983683228));
#5700=CARTESIAN_POINT('',(19.5829674606392,-23.1734010137347,-7.29999983683228));
#5701=CARTESIAN_POINT('',(19.5829674606392,-18.0328010302199,-7.29999983683228));
#5702=CARTESIAN_POINT('',(14.4939666969545,-25.1288209555409,-7.29999983683228));
#5703=CARTESIAN_POINT('',(14.9027013531066,-24.7200862993888,-7.29999983683228));
#5704=CARTESIAN_POINT('',(-11.5030165379013,-25.1288209555409,-7.29999983683228));
#5705=CARTESIAN_POINT('',(12.5,-25.6499158206151,-7.29999983683228));
#5706=CARTESIAN_POINT('',(27.0767621462133,-7.74591611454058,-7.29999983683228));
#5707=CARTESIAN_POINT('Origin',(27.,-27.4999161145405,-22.));
#5708=CARTESIAN_POINT('',(33.8626453143882,-27.4999161145405,-9.00000013411045));
#5709=CARTESIAN_POINT('Origin',(29.0179485970083,-8.74591611454058,-18.9000001456574));
#5710=CARTESIAN_POINT('',(19.5829674606392,-8.74591611454058,-14.4140823311353));
#5711=CARTESIAN_POINT('',(17.,-8.74591611454058,-15.9967967167663));
#5712=CARTESIAN_POINT('',(16.0358971940166,-8.74591611454058,-15.9967967167664));
#5713=CARTESIAN_POINT('',(17.,-8.74591611454058,-15.9967967167663));
#5714=CARTESIAN_POINT('Origin',(16.0358971940166,-7.74591611454058,-15.9967967167664));
#5715=CARTESIAN_POINT('',(17.,-7.74591611454058,-15.9967967167663));
#5716=CARTESIAN_POINT('Origin',(17.,-7.74591611454058,-15.9967967167663));
#5717=CARTESIAN_POINT('Origin',(23.0000003427267,-27.4999161145406,-9.00000013411045));
#5718=CARTESIAN_POINT('Origin',(-35.5060330758026,-25.1288209555409,-2.76977748906778));
#5719=CARTESIAN_POINT('',(14.4939666969545,-25.1288209555409,-7.76977748906778));
#5720=CARTESIAN_POINT('',(14.4939666969545,-25.1288209555409,-2.76977748906778));
#5721=CARTESIAN_POINT('',(-38.5060331205061,-25.1288209555409,-7.76977748906778));
#5722=CARTESIAN_POINT('Origin',(14.4939666969545,-25.1288209555409,-2.76977748906778));
#5723=CARTESIAN_POINT('',(17.9939670694837,-21.6288205830118,-7.76977748906778));
#5724=CARTESIAN_POINT('Origin',(-8.75603300315945,-0.12882058301191,-7.76977748906778));
#5725=CARTESIAN_POINT('Origin',(19.5829674606392,-14.5656864264617,-9.9281645166132));
#5726=CARTESIAN_POINT('',(19.5000000000001,-23.3896281981023,-11.699619176122));
#5727=CARTESIAN_POINT('Origin',(19.5000000000001,-14.5656864264617,-9.9281645166132));
#5728=CARTESIAN_POINT('',(19.5829674606392,-23.3896281981023,-11.699619176122));
#5729=CARTESIAN_POINT('',(19.5829674606392,-23.3896281981023,-11.699619176122));
#5730=CARTESIAN_POINT('Origin',(19.5829674606392,-14.5656864264617,-9.9281645166132));
#5731=CARTESIAN_POINT('Origin',(19.5829674606392,-21.8534809069136,-11.699619176122));
#5732=CARTESIAN_POINT('',(19.5000000000001,-21.8534809069136,-11.699619176122));
#5733=CARTESIAN_POINT('',(19.5000000000001,-24.6766985107271,-11.699619176122));
#5734=CARTESIAN_POINT('',(19.5829674606392,-21.8534809069136,-11.699619176122));
#5735=CARTESIAN_POINT('',(19.5829674606392,-21.8534809069136,-11.699619176122));
#5736=CARTESIAN_POINT('',(19.5829674606392,-21.8534809069136,-11.699619176122));
#5737=CARTESIAN_POINT('Origin',(19.5829674606392,-14.5656864264617,-9.9281645166132));
#5738=CARTESIAN_POINT('Origin',(19.5829674606392,-14.5656864264617,-9.9281645166132));
#5739=CARTESIAN_POINT('Origin',(19.5000000000001,-14.5656864264617,-9.9281645166132));
#5740=CARTESIAN_POINT('Origin',(19.5829674606392,-14.5656864264617,-9.9281645166132));
#5741=CARTESIAN_POINT('',(19.5829674606392,-9.49991611454057,-15.9640822583066));
#5742=CARTESIAN_POINT('Origin',(27.,-8.49991611454057,-22.));
#5743=CARTESIAN_POINT('',(21.25,-9.49991611454057,-22.));
#5744=CARTESIAN_POINT('',(21.25,-8.49991611454057,-22.));
#5745=CARTESIAN_POINT('Origin',(27.,-9.49991611454057,-22.));
#5746=CARTESIAN_POINT('Origin',(19.5000000000001,-27.4999161145405,-7.30000054244587));
#5747=CARTESIAN_POINT('Origin',(17.,-14.5538239007201,-9.95838702754541));
#5748=CARTESIAN_POINT('',(14.904,-9.49991611454057,-17.5259504457662));
#5749=CARTESIAN_POINT('Origin',(14.904,-14.5538239007201,-9.95838702754541));
#5750=CARTESIAN_POINT('',(17.,-9.49991611454057,-17.5259504457662));
#5751=CARTESIAN_POINT('Origin',(14.904,-10.4663222432469,-16.9779007921219));
#5752=CARTESIAN_POINT('',(14.904,-9.49991611454057,-20.0000002980232));
#5753=CARTESIAN_POINT('',(14.904,-9.49991611454057,-19.488950396061));
#5754=CARTESIAN_POINT('',(14.904,-14.5538239007201,-19.0583870275454));
#5755=CARTESIAN_POINT('Origin',(14.904,-14.5538239007201,-9.95838702754541));
#5756=CARTESIAN_POINT('',(14.904,-14.5538239034819,-20.0000002980232));
#5757=CARTESIAN_POINT('',(14.904,-14.5538239034819,-18.4889505450726));
#5758=CARTESIAN_POINT('',(14.904,-9.10610256357577,-20.0000002980232));
#5759=CARTESIAN_POINT('Origin',(12.5,-14.5538239007201,-9.95838702754541));
#5760=CARTESIAN_POINT('',(12.5,-14.5538239007201,-19.0583870275454));
#5761=CARTESIAN_POINT('Origin',(12.5,-14.5538239034819,-20.0000002980232));
#5762=CARTESIAN_POINT('',(12.5,-14.5538239034819,-20.0000002980232));
#5763=CARTESIAN_POINT('Origin',(12.5,-7.74588288390464,-20.0000002980232));
#5764=CARTESIAN_POINT('',(19.75,-9.49991611454057,-20.0000002980232));
#5765=CARTESIAN_POINT('Origin',(27.,-9.49991611454057,-22.));
#5766=CARTESIAN_POINT('',(16.094817324923,-9.49991611454056,-29.5000001266598));
#5767=CARTESIAN_POINT('',(14.6407929928016,-9.49991611454057,-30.5000001266599));
#5768=CARTESIAN_POINT('',(16.094817324923,-9.49991611454056,-29.5000001266598));
#5769=CARTESIAN_POINT('',(39.5,-9.49991611454058,-21.75));
#5770=CARTESIAN_POINT('Origin',(-31.5220005662441,-25.6499158206151,-24.2499994579703));
#5771=CARTESIAN_POINT('Origin',(16.7006608273347,-27.4999161145406,-29.0833334388832));
#5772=CARTESIAN_POINT('',(16.094817324923,-27.4999161145406,-29.5000001266599));
#5773=CARTESIAN_POINT('Origin',(-52.9999988265336,-21.9999156228022,-28.2500001788139));
#5774=CARTESIAN_POINT('',(-51.9999968484041,-21.9999156228022,-28.2500001788139));
#5775=CARTESIAN_POINT('Origin',(-38.0000005662441,-5.99991611454055,-24.2500001788139));
#5776=CARTESIAN_POINT('',(-41.5000005662441,-5.99991611454055,-27.0000004023314));
#5777=CARTESIAN_POINT('',(17.,-5.99991611454054,-27.0000004023313));
#5778=CARTESIAN_POINT('',(-38.0000005662441,-5.99991611454055,-27.0000004023314));
#5779=CARTESIAN_POINT('',(-41.5000005662441,-5.99991611454055,-26.2500001788139));
#5780=CARTESIAN_POINT('',(17.,-5.99991611454054,-26.9053542175871));
#5781=CARTESIAN_POINT('',(12.5,-5.99991611454055,-26.90545682057));
#5782=CARTESIAN_POINT('',(17.,-5.99991611454054,-24.2500001788139));
#5783=CARTESIAN_POINT('Origin',(-52.9999988265336,-21.9999156228022,-28.2500001788139));
#5784=CARTESIAN_POINT('',(-51.232233985523,-23.767685383144,-29.5000001788139));
#5785=CARTESIAN_POINT('Origin',(-40.6256175097445,-13.1610984233465,-28.2500001788139));
#5786=CARTESIAN_POINT('',(-40.6256175097445,-13.1610984233465,-28.2500001788139));
#5787=CARTESIAN_POINT('Origin',(16.094817324923,-27.4999161145406,-29.5000001266599));
#5788=CARTESIAN_POINT('Origin',(39.5,-7.49991611454058,-22.));
#5789=CARTESIAN_POINT('Origin',(-38.0000005662441,-13.1610984233465,-17.0000001788139));
#5790=CARTESIAN_POINT('Origin',(-42.499999050051,-4.99991611454055,-14.1));
#5791=CARTESIAN_POINT('',(-42.1644390651775,-14.699915696563,-14.1));
#5792=CARTESIAN_POINT('',(-41.499999050051,-14.0354775304332,-14.1));
#5793=CARTESIAN_POINT('',(-41.928921801395,-14.4643990881755,-14.1000001788139));
#5794=CARTESIAN_POINT('',(-41.499999050051,-14.699915696563,-14.1));
#5795=CARTESIAN_POINT('',(-41.499999050051,8.7000836909993,-14.1));
#5796=CARTESIAN_POINT('',(-42.499999050051,-14.699915696563,-14.1));
#5797=CARTESIAN_POINT('Origin',(-44.199999012053,-14.699915696563,-7.30000000000002));
#5798=CARTESIAN_POINT('',(-41.499999050051,-14.699915696563,-7.30000000000002));
#5799=CARTESIAN_POINT('',(-44.199999012053,-14.699915696563,-7.30000000000002));
#5800=CARTESIAN_POINT('',(-43.7749990215525,-14.699915696563,-7.30000000000002));
#5801=CARTESIAN_POINT('',(-44.199999012053,-14.699915696563,-14.1));
#5802=CARTESIAN_POINT('',(-44.199999012053,-14.699915696563,-7.30000000000002));
#5803=CARTESIAN_POINT('',(-44.6249994961545,-14.699915696563,-14.1000001788139));
#5804=CARTESIAN_POINT('',(-41.499999050051,-14.699915696563,-7.30000000000002));
#5805=CARTESIAN_POINT('Origin',(-44.199999012053,-4.99991611454055,-14.100000027262));
#5806=CARTESIAN_POINT('',(-44.199999012053,-4.99991611454055,-9.90000033036592));
#5807=CARTESIAN_POINT('',(-41.499999050051,-4.99991611454055,-9.90000033036592));
#5808=CARTESIAN_POINT('',(-44.199999012053,-4.99991611454055,-9.90000033036592));
#5809=CARTESIAN_POINT('',(-41.499999050051,-4.99991611454055,-14.1));
#5810=CARTESIAN_POINT('',(-41.499999050051,-4.99991611454055,-10.700000013631));
#5811=CARTESIAN_POINT('',(-44.199999012053,-4.99991611454055,-14.100000027262));
#5812=CARTESIAN_POINT('',(-44.199999012053,-4.99991611454055,-14.100000027262));
#5813=CARTESIAN_POINT('',(-44.199999012053,-4.99991611454055,-10.700000013631));
#5814=CARTESIAN_POINT('Origin',(-50.2956704856666,-2.99991615924403,-17.0000001788139));
#5815=CARTESIAN_POINT('',(-55.4999993182719,-9.202193742543,-14.1000001788139));
#5816=CARTESIAN_POINT('',(-55.4999993182719,-9.202193742543,-17.0000001788139));
#5817=CARTESIAN_POINT('',(-50.2956704856666,-2.99991615924403,-14.1000001788139));
#5818=CARTESIAN_POINT('',(-51.8405455747667,-4.84102659678832,-14.1000001788139));
#5819=CARTESIAN_POINT('',(-50.2956704856666,-2.99991615924403,-13.0000001788139));
#5820=CARTESIAN_POINT('Origin',(-53.0000007897615,8.38854594528704E-5,-17.0000001788139));
#5821=CARTESIAN_POINT('',(-49.0000007303768,4.19427297186636E-5,-14.1000001788139));
#5822=CARTESIAN_POINT('',(-49.0000007303768,4.19427297186636E-5,-17.0000001788139));
#5823=CARTESIAN_POINT('',(-50.3542494392722,-2.99991615924403,-14.1000001788139));
#5824=CARTESIAN_POINT('',(-50.3542494392722,-2.99991615924403,-13.0000001788139));
#5825=CARTESIAN_POINT('Origin',(-53.0000007897615,8.38854594528704E-5,-14.1000001788139));
#5826=CARTESIAN_POINT('Origin',(-50.3542494392722,-2.99991615924403,-17.0000001788139));
#5827=CARTESIAN_POINT('',(-48.5521246907651,-2.99991615924403,-14.1000001788139));
#5828=CARTESIAN_POINT('Origin',(-55.4999993182719,-21.9999156228022,-17.0000001788139));
#5829=CARTESIAN_POINT('',(-55.4999993182719,-21.9999156228022,-14.1000001788139));
#5830=CARTESIAN_POINT('',(-55.4999993182719,-17.1249158686714,-14.1000001788139));
#5831=CARTESIAN_POINT('',(-55.4999993182719,-21.9999156228022,-17.0000001788139));
#5832=CARTESIAN_POINT('Origin',(-52.9999988265336,-21.9999156228022,-17.0000001788139));
#5833=CARTESIAN_POINT('',(-51.9999968484041,-21.9999156228022,-14.1000001788139));
#5834=CARTESIAN_POINT('Origin',(-52.9999988265336,-21.9999156228022,-14.1000001788139));
#5835=CARTESIAN_POINT('',(-51.9999968484041,-21.9999156228022,-17.0000001788139));
#5836=CARTESIAN_POINT('Origin',(-40.6256175097445,-13.1610984233465,-17.0000001788139));
#5837=CARTESIAN_POINT('',(-41.5000005662441,-14.0354790466221,-17.0000001788139));
#5838=CARTESIAN_POINT('',(-51.232233985523,-23.767685383144,-14.1000001788139));
#5839=CARTESIAN_POINT('',(-41.928921801395,-14.4643990881755,-14.1000001788139));
#5840=CARTESIAN_POINT('',(-51.232233985523,-23.767685383144,-17.0000001788139));
#5841=CARTESIAN_POINT('Origin',(-52.9999988265336,-21.9999156228022,-17.0000001788139));
#5842=CARTESIAN_POINT('Origin',(-52.9999988265336,-21.9999156228022,-14.1000001788139));
#5843=CARTESIAN_POINT('Origin',(12.5,1.4712708183923E-15,-22.));
#5844=CARTESIAN_POINT('',(17.,-5.92127541597516,-27.0000004023314));
#5845=CARTESIAN_POINT('',(12.5,-5.92135930143461,-27.0000004023314));
#5846=CARTESIAN_POINT('Origin',(17.,1.4712708183923E-15,-22.));
#5847=CARTESIAN_POINT('Origin',(17.,0.125033336885174,-22.3750002272427));
#5848=CARTESIAN_POINT('',(17.,-6.49998276595915,-4.87294658841894));
#5849=CARTESIAN_POINT('',(17.,8.00006667377034,-30.5));
#5850=CARTESIAN_POINT('',(17.,7.74600000000004,-16.0729469900052));
#5851=CARTESIAN_POINT('',(17.,7.74600000000003,-16.7309952546553));
#5852=CARTESIAN_POINT('',(17.,6.5000666514186,-14.2829474265254));
#5853=CARTESIAN_POINT('Origin',(17.,13.6655273997055,-10.6240290308544));
#5854=CARTESIAN_POINT('',(17.,6.5000666514186,-7.37294658841895));
#5855=CARTESIAN_POINT('',(17.,-5.99991611454054,-27.0000004023313));
#5856=CARTESIAN_POINT('',(17.,-3.74994577620693,-27.0000406673854));
#5857=CARTESIAN_POINT('',(17.,-6.24999999999999,-22.));
#5858=CARTESIAN_POINT('Origin',(17.,1.4712708183923E-15,-22.));
#5859=CARTESIAN_POINT('Origin',(17.,1.4712708183923E-15,-22.));
#5860=CARTESIAN_POINT('',(17.,5.99999999999999,-26.9053542175871));
#5861=CARTESIAN_POINT('',(17.,5.99999999999999,-27.0000004023313));
#5862=CARTESIAN_POINT('',(17.,5.99999999999999,-24.2500001788139));
#5863=CARTESIAN_POINT('',(17.,5.92135930143461,-27.0000004023314));
#5864=CARTESIAN_POINT('',(17.,5.99999999999999,-27.0000004023313));
#5865=CARTESIAN_POINT('Origin',(17.,1.4712708183923E-15,-22.));
#5866=CARTESIAN_POINT('Origin',(17.,5.00006655456105,-4.87294658841895));
#5867=CARTESIAN_POINT('Origin',(-46.749999942258,12.25,-17.0000001788139));
#5868=CARTESIAN_POINT('',(-41.5000005662441,14.0355629320816,-17.0000001788139));
#5869=CARTESIAN_POINT('',(-41.5000005662441,8.49999950826169,-17.0000001788139));
#5870=CARTESIAN_POINT('',(-41.5000005662441,12.705591154403,-17.0000001788139));
#5871=CARTESIAN_POINT('',(-51.6939576262492,8.49999950826169,-17.0000001788139));
#5872=CARTESIAN_POINT('',(-50.8750003809109,8.49999950826169,-17.0000001788139));
#5873=CARTESIAN_POINT('',(-52.8430242909277,6.03581809373188,-17.0000001788139));
#5874=CARTESIAN_POINT('Origin',(-51.6939576262492,6.99999950826169,-17.0000001788139));
#5875=CARTESIAN_POINT('',(-55.4999993182719,9.20227762800245,-17.0000001788139));
#5876=CARTESIAN_POINT('',(-54.1927107417153,7.64431177033376,-17.0000001788139));
#5877=CARTESIAN_POINT('',(-55.4999993182719,21.9999995082617,-17.0000001788139));
#5878=CARTESIAN_POINT('',(-55.4999993182719,21.9999995082617,-17.0000001788139));
#5879=CARTESIAN_POINT('',(-51.232233985523,23.7677692686034,-17.0000001788139));
#5880=CARTESIAN_POINT('Origin',(-52.9999988265336,21.9999995082617,-17.0000001788139));
#5881=CARTESIAN_POINT('',(-51.232233985523,23.7677692686034,-17.0000001788139));
#5882=CARTESIAN_POINT('',(-51.9999968484041,21.9999995082617,-17.0000001788139));
#5883=CARTESIAN_POINT('Origin',(-52.9999988265336,21.9999995082617,-17.0000001788139));
#5884=CARTESIAN_POINT('Origin',(-55.0000008195639,8.49999950826169,-13.0000001788139));
#5885=CARTESIAN_POINT('',(-41.5000005662441,8.49999950826169,-15.0000001788139));
#5886=CARTESIAN_POINT('',(-51.6939576262492,8.49999950826169,-15.0000001788139));
#5887=CARTESIAN_POINT('Origin',(17.,13.6655273997055,-10.6240290308544));
#5888=CARTESIAN_POINT('',(17.,7.74600000000003,-16.0729469900052));
#5889=CARTESIAN_POINT('',(17.,6.5000666514186,-14.2829474265254));
#5890=CARTESIAN_POINT('Origin',(17.,6.5000666514186,-7.37294658841895));
#5891=CARTESIAN_POINT('Origin',(29.0179485970083,7.74600000000003,-18.9000001456574));
#5892=CARTESIAN_POINT('',(19.5829674606392,7.74600000000003,-11.9383624581457));
#5893=CARTESIAN_POINT('',(19.5829674606392,7.74600000000003,-14.4140823311353));
#5894=CARTESIAN_POINT('',(16.0598838807468,7.74600000000004,-15.9531734703526));
#5895=CARTESIAN_POINT('Origin',(26.9906869749992,7.74600000000003,-21.9919932642008));
#5896=CARTESIAN_POINT('',(19.5829674606392,7.74600000000004,-15.9531734703526));
#5897=CARTESIAN_POINT('',(42.,7.74600000000003,-22.));
#5898=CARTESIAN_POINT('',(42.,7.74600000000003,-20.4500000728287));
#5899=CARTESIAN_POINT('',(41.9514277744271,7.74600000000003,-20.7938459857508));
#5900=CARTESIAN_POINT('Origin',(27.,7.74600000000003,-22.));
#5901=CARTESIAN_POINT('',(39.9579040711702,7.74600000000003,-20.954666520984));
#5902=CARTESIAN_POINT('',(35.6023966678443,7.74600000000003,-21.3060318098295));
#5903=CARTESIAN_POINT('',(39.8401955890436,7.74600000000003,-19.4955577768586));
#5904=CARTESIAN_POINT('Origin',(12.5050884380953,6.65545610521418E-5,-2.87294675158669));
#5905=CARTESIAN_POINT('Ctrl Pts',(12.5,-2.9999291300688,-16.5170331740412));
#5906=CARTESIAN_POINT('Ctrl Pts',(12.5016965363026,-2.99993200764626,-16.5170347484677));
#5907=CARTESIAN_POINT('Ctrl Pts',(12.5033926839635,-2.99993344543895,-16.5170355351382));
#5908=CARTESIAN_POINT('Ctrl Pts',(12.5050884380953,-2.99993344543895,-16.5170355351382));
#5909=CARTESIAN_POINT('Ctrl Pts',(12.8892258864355,-2.99993344543895,-16.5170355351382));
#5910=CARTESIAN_POINT('Ctrl Pts',(13.2935445088227,-2.92186549940877,-16.4723715200936));
#5911=CARTESIAN_POINT('Ctrl Pts',(14.0301832754127,-2.61401820827023,-16.3203098186421));
#5912=CARTESIAN_POINT('Ctrl Pts',(14.3632151110171,-2.3844477365201,-16.2159530538386));
#5913=CARTESIAN_POINT('Ctrl Pts',(14.8890082167854,-1.85865407761081,-16.0262373118371));
#5914=CARTESIAN_POINT('Ctrl Pts',(15.1190189246597,-1.52541582878002,-15.9274048675633));
#5915=CARTESIAN_POINT('Ctrl Pts',(15.4272176876977,-0.787899267179175,-15.788517093495));
#5916=CARTESIAN_POINT('Ctrl Pts',(15.5050884380953,-0.383200339380304,-15.7499959190488));
#5917=CARTESIAN_POINT('Ctrl Pts',(15.5050884380953,0.383335099324397,-15.7500040816775));
#5918=CARTESIAN_POINT('Ctrl Pts',(15.4272170847328,0.788034806364116,-15.7885341805202));
#5919=CARTESIAN_POINT('Ctrl Pts',(15.1190173243514,1.52555178024412,-15.9274389102669));
#5920=CARTESIAN_POINT('Ctrl Pts',(14.8890062519666,1.85878970407911,-16.0262794176527));
#5921=CARTESIAN_POINT('Ctrl Pts',(14.3632134833715,2.38458191950631,-16.2160083191103));
#5922=CARTESIAN_POINT('Ctrl Pts',(14.0301824389277,2.61415171664003,-16.32037121442));
#5923=CARTESIAN_POINT('Ctrl Pts',(13.2935447099566,2.92199847480205,-16.472441758593));
#5924=CARTESIAN_POINT('Ctrl Pts',(12.8892262689412,3.00006655456105,-16.5171083661808));
#5925=CARTESIAN_POINT('Ctrl Pts',(12.5033926839517,3.00006655456105,-16.5171083661808));
#5926=CARTESIAN_POINT('Ctrl Pts',(12.5016965362909,3.00006511676834,-16.517107579465));
#5927=CARTESIAN_POINT('Ctrl Pts',(12.5,3.00006223919091,-16.5171060049477));
#5928=CARTESIAN_POINT('Origin',(-51.6939576262492,6.99999950826169,-15.0000001788139));
#5929=CARTESIAN_POINT('',(-52.8430242909277,6.03581809373188,-15.0000001788139));
#5930=CARTESIAN_POINT('Origin',(19.5829674606392,14.5657703119212,-9.9281645166132));
#5931=CARTESIAN_POINT('',(16.0358971940166,7.78478931952306,-15.9967967167664));
#5932=CARTESIAN_POINT('Ctrl Pts',(16.0598838807468,7.74600000000004,-15.9531734703526));
#5933=CARTESIAN_POINT('Ctrl Pts',(16.0518397941638,7.75886366395866,-15.9677339854059));
#5934=CARTESIAN_POINT('Ctrl Pts',(16.0438442155571,7.77179351103865,-15.9822754329899));
#5935=CARTESIAN_POINT('Ctrl Pts',(16.0358971940166,7.78478931952306,-15.9967967167664));
#5936=CARTESIAN_POINT('',(17.,7.784789319523,-15.9967967167663));
#5937=CARTESIAN_POINT('',(19.5829674606392,7.78478931952284,-15.9967967167661));
#5938=CARTESIAN_POINT('',(17.,8.74600000000003,-16.9238970384069));
#5939=CARTESIAN_POINT('Origin',(17.,14.5657703119212,-9.9281645166132));
#5940=CARTESIAN_POINT('',(19.5829674606392,8.74600000000003,-16.9238970384069));
#5941=CARTESIAN_POINT('',(19.5829674606392,8.74600000000003,-16.9238970384069));
#5942=CARTESIAN_POINT('Origin',(19.5829674606392,14.5657703119212,-9.9281645166132));
#5943=CARTESIAN_POINT('',(19.5829674606392,23.277988767398,-7.29999983683228));
#5944=CARTESIAN_POINT('Origin',(19.5829674606392,14.5657703119212,-9.9281645166132));
#5945=CARTESIAN_POINT('',(16.3448827705568,23.277988767398,-7.29999983683228));
#5946=CARTESIAN_POINT('',(19.5829674606392,23.277988767398,-7.29999983683228));
#5947=CARTESIAN_POINT('',(16.216775132539,23.4060964054159,-7.76977748906778));
#5948=CARTESIAN_POINT('Origin',(25.0571012260339,14.5657703119212,-9.9281645166132));
#5949=CARTESIAN_POINT('',(19.5829674606392,23.4060964054159,-7.76977748906778));
#5950=CARTESIAN_POINT('Origin',(-22.8949117764814,23.0000669121889,-24.2500001788139));
#5951=CARTESIAN_POINT('',(-22.8949117764814,23.0000669121889,-13.3947735797072));
#5952=CARTESIAN_POINT('',(-30.5,23.0000669121889,-13.3947735797072));
#5953=CARTESIAN_POINT('',(-31.3949112847431,23.0000669121889,-13.3947735797072));
#5954=CARTESIAN_POINT('',(-22.8949117764814,23.0000669121889,-24.2500001788139));
#5955=CARTESIAN_POINT('',(-30.5,23.0000669121889,-18.1573120545451));
#5956=CARTESIAN_POINT('Origin',(-22.8949117764814,8.00006691218893,-24.2500001788139));
#5957=CARTESIAN_POINT('',(-22.8949117764814,8.00006691218893,-16.6045189064075));
#5958=CARTESIAN_POINT('',(-22.8949117764814,8.00006691218892,-24.2500001788139));
#5959=CARTESIAN_POINT('Origin',(-22.8949117764814,14.4369323980109,-10.0313337791321));
#5960=CARTESIAN_POINT('Origin',(-31.3949112847431,14.4369323980109,-10.0313337791321));
#5961=CARTESIAN_POINT('',(-30.5,13.1611823088061,-19.1424512577905));
#5962=CARTESIAN_POINT('Origin',(-30.5,14.4369323980109,-10.0313337791321));
#5963=CARTESIAN_POINT('',(-32.8949117764814,13.1611823088061,-19.1424512577905));
#5964=CARTESIAN_POINT('',(-31.3949112847431,13.161182308806,-19.1424512577894));
#5965=CARTESIAN_POINT('',(-32.8949117764814,8.00006691218893,-16.6045189064075));
#5966=CARTESIAN_POINT('Origin',(-32.8949117764814,14.4369323980109,-10.0313337791321));
#5967=CARTESIAN_POINT('',(-31.3949112847431,8.00006691218893,-16.6045189064075));
#5968=CARTESIAN_POINT('Origin',(-30.5,16.3689520341405,-12.0646239302762));
#5969=CARTESIAN_POINT('',(-30.5,13.161182308806,-14.5323120545451));
#5970=CARTESIAN_POINT('',(-30.5,25.6499997060746,-7.30000207080506));
#5971=CARTESIAN_POINT('',(-30.5,25.6499997060746,-14.9123130005407));
#5972=CARTESIAN_POINT('',(-30.5,27.5,-7.29999983683228));
#5973=CARTESIAN_POINT('',(-30.5,21.4999995194376,-7.29999983683228));
#5974=CARTESIAN_POINT('',(-30.5,27.5,-18.1594271260657));
#5975=CARTESIAN_POINT('Origin',(-32.8949117764814,8.00006691218893,-24.2500001788139));
#5976=CARTESIAN_POINT('',(-32.8949117764814,8.00006691218892,-24.2500001788139));
#5977=CARTESIAN_POINT('Origin',(-32.8949117764814,13.161182308806,-24.2500001788139));
#5978=CARTESIAN_POINT('',(-32.8949117764814,13.161182308806,-24.2500001788139));
#5979=CARTESIAN_POINT('Origin',(12.5,1.4712708183923E-15,-22.));
#5980=CARTESIAN_POINT('',(12.5,5.99999999999999,-26.9053542175871));
#5981=CARTESIAN_POINT('',(12.5,5.92135930143461,-27.0000004023314));
#5982=CARTESIAN_POINT('Origin',(12.5,4.19427296993735E-5,-30.5000004544854));
#5983=CARTESIAN_POINT('Origin',(41.9514277744271,27.5,-20.7938459857508));
#5984=CARTESIAN_POINT('',(39.9579040711702,27.5,-20.954666520984));
#5985=CARTESIAN_POINT('',(39.9579040711702,9.50000000000002,-20.954666520984));
#5986=CARTESIAN_POINT('',(41.9514277744271,27.5,-20.7938459857508));
#5987=CARTESIAN_POINT('',(41.9514277744271,9.50000000000002,-20.7938459857508));
#5988=CARTESIAN_POINT('',(27.8616926957144,27.5,-21.9304859629685));
#5989=CARTESIAN_POINT('Origin',(39.9579040711702,27.5,-20.954666520984));
#5990=CARTESIAN_POINT('',(38.9935032748663,27.5,-9.00000013411045));
#5991=CARTESIAN_POINT('',(39.3219252626693,27.5,-13.071103469307));
#5992=CARTESIAN_POINT('',(38.9935032748663,27.5,-9.00000013411045));
#5993=CARTESIAN_POINT('Origin',(27.,9.50000000000002,-22.));
#5994=CARTESIAN_POINT('',(42.0000006258488,27.5,-22.));
#5995=CARTESIAN_POINT('',(42.,9.50000000000002,-22.));
#5996=CARTESIAN_POINT('Origin',(27.,27.5,-22.));
#5997=CARTESIAN_POINT('Origin',(42.,27.5,-22.));
#5998=CARTESIAN_POINT('',(42.0000006258488,27.5,-22.));
#5999=CARTESIAN_POINT('Origin',(26.9906869749992,7.74600000000003,-21.9919932642008));
#6000=CARTESIAN_POINT('',(19.5829674606392,8.74600000000003,-11.9383624581457));
#6001=CARTESIAN_POINT('',(19.5829674606392,7.74600000000003,-11.9383624581457));
#6002=CARTESIAN_POINT('',(16.0358971940166,8.74600000000003,-15.9967967167664));
#6003=CARTESIAN_POINT('Origin',(26.9906869749992,8.74600000000003,-21.9919932642008));
#6004=CARTESIAN_POINT('',(16.0358971940166,7.74600000000003,-15.9967967167664));
#6005=CARTESIAN_POINT('Origin',(12.5,21.4999995194376,-7.29999983683228));
#6006=CARTESIAN_POINT('',(27.0767621462133,27.5,-7.29999983683228));
#6007=CARTESIAN_POINT('',(27.0767621462133,7.74600000000003,-7.29999983683228));
#6008=CARTESIAN_POINT('',(12.5,27.5,-7.29999983683228));
#6009=CARTESIAN_POINT('',(12.5,25.6499997060746,-7.29999983683228));
#6010=CARTESIAN_POINT('',(14.4939666969545,25.1289048410004,-7.29999983683228));
#6011=CARTESIAN_POINT('',(-11.5030165379013,25.1289048410004,-7.29999983683228));
#6012=CARTESIAN_POINT('',(14.9027013531066,24.7201701848483,-7.29999983683228));
#6013=CARTESIAN_POINT('',(19.5829674606392,23.1734848991941,-7.29999983683228));
#6014=CARTESIAN_POINT('',(19.5829674606392,18.0328849156794,-7.29999983683228));
#6015=CARTESIAN_POINT('',(19.5000000000001,23.1734848991941,-7.29999983683228));
#6016=CARTESIAN_POINT('',(19.5829674606392,23.1734848991941,-7.29999983683228));
#6017=CARTESIAN_POINT('',(19.5000000000001,21.5902098209462,-7.29999983683228));
#6018=CARTESIAN_POINT('',(19.5000000000001,24.4999997597188,-7.29999983683228));
#6019=CARTESIAN_POINT('',(19.5829674606392,21.5902098209462,-7.29999983683228));
#6020=CARTESIAN_POINT('',(19.5829674606392,21.5902098209462,-7.29999983683228));
#6021=CARTESIAN_POINT('',(19.5829674606392,7.74600000000003,-7.29999983683228));
#6022=CARTESIAN_POINT('Origin',(27.,27.5,-22.));
#6023=CARTESIAN_POINT('',(33.8626453143882,27.5,-9.00000013411045));
#6024=CARTESIAN_POINT('',(33.8626453143882,27.5,-9.00000013411045));
#6025=CARTESIAN_POINT('Origin',(27.,27.5,-22.));
#6026=CARTESIAN_POINT('Origin',(29.0179485970083,8.74600000000003,-18.9000001456574));
#6027=CARTESIAN_POINT('',(19.5829674606392,8.74600000000003,-14.4140823311353));
#6028=CARTESIAN_POINT('',(17.,8.74600000000003,-15.9967967167663));
#6029=CARTESIAN_POINT('',(17.,8.74600000000003,-15.9967967167663));
#6030=CARTESIAN_POINT('',(16.0358971940166,8.74600000000003,-15.9967967167664));
#6031=CARTESIAN_POINT('Origin',(16.0358971940166,7.74600000000003,-15.9967967167664));
#6032=CARTESIAN_POINT('',(17.,7.74600000000003,-15.9967967167663));
#6033=CARTESIAN_POINT('Origin',(17.,7.74600000000003,-15.9967967167663));
#6034=CARTESIAN_POINT('Origin',(23.0000003427267,27.5,-9.00000013411045));
#6035=CARTESIAN_POINT('',(23.0000003427267,27.5,-9.00000013411045));
#6036=CARTESIAN_POINT('Origin',(-35.5060330758026,25.1289048410004,-2.76977748906778));
#6037=CARTESIAN_POINT('',(14.4939666969545,25.1289048410004,-7.76977748906778));
#6038=CARTESIAN_POINT('',(-38.5060331205061,25.1289048410004,-7.76977748906778));
#6039=CARTESIAN_POINT('',(14.4939666969545,25.1289048410004,-2.76977748906778));
#6040=CARTESIAN_POINT('Origin',(14.4939666969545,25.1289048410004,-2.76977748906778));
#6041=CARTESIAN_POINT('',(17.9939670694837,21.6289044684712,-7.76977748906778));
#6042=CARTESIAN_POINT('Origin',(-8.75603300315945,0.128904468471362,-7.76977748906778));
#6043=CARTESIAN_POINT('Origin',(19.5829674606392,14.5657703119212,-9.9281645166132));
#6044=CARTESIAN_POINT('',(19.5000000000001,23.3897120835618,-11.699619176122));
#6045=CARTESIAN_POINT('Origin',(19.5000000000001,14.5657703119212,-9.9281645166132));
#6046=CARTESIAN_POINT('',(19.5829674606392,23.3897120835618,-11.699619176122));
#6047=CARTESIAN_POINT('Origin',(19.5829674606392,14.5657703119212,-9.9281645166132));
#6048=CARTESIAN_POINT('',(19.5829674606392,23.3897120835618,-11.699619176122));
#6049=CARTESIAN_POINT('Origin',(19.5829674606392,21.853564792373,-11.699619176122));
#6050=CARTESIAN_POINT('',(19.5000000000001,21.853564792373,-11.699619176122));
#6051=CARTESIAN_POINT('',(19.5000000000001,24.6767823961865,-11.699619176122));
#6052=CARTESIAN_POINT('',(19.5829674606392,21.853564792373,-11.699619176122));
#6053=CARTESIAN_POINT('',(19.5829674606392,21.853564792373,-11.699619176122));
#6054=CARTESIAN_POINT('',(19.5829674606392,21.853564792373,-11.699619176122));
#6055=CARTESIAN_POINT('Origin',(19.5829674606392,14.5657703119212,-9.9281645166132));
#6056=CARTESIAN_POINT('Origin',(19.5000000000001,14.5657703119212,-9.9281645166132));
#6057=CARTESIAN_POINT('Origin',(19.5829674606392,14.5657703119212,-9.9281645166132));
#6058=CARTESIAN_POINT('Origin',(19.5829674606392,14.5657703119212,-9.9281645166132));
#6059=CARTESIAN_POINT('Origin',(19.5000000000001,27.5,-7.30000054244587));
#6060=CARTESIAN_POINT('Origin',(17.,14.5539077861795,-9.95838702754541));
#6061=CARTESIAN_POINT('Origin',(14.904,14.5539077861795,-9.95838702754541));
#6062=CARTESIAN_POINT('Origin',(14.904,10.4664061287064,-16.9779007921219));
#6063=CARTESIAN_POINT('',(14.904,14.5539077889414,-20.0000002980232));
#6064=CARTESIAN_POINT('',(14.904,9.10618644903522,-20.0000002980232));
#6065=CARTESIAN_POINT('',(14.904,14.5539077861795,-19.0583870275454));
#6066=CARTESIAN_POINT('',(14.904,14.5539077889414,-18.4889505450726));
#6067=CARTESIAN_POINT('Origin',(14.904,14.5539077861795,-9.95838702754541));
#6068=CARTESIAN_POINT('Origin',(12.5,14.5539077861795,-9.95838702754541));
#6069=CARTESIAN_POINT('',(12.5,14.5539077861795,-19.0583870275454));
#6070=CARTESIAN_POINT('Origin',(12.5,14.5539077889414,-20.0000002980232));
#6071=CARTESIAN_POINT('',(12.5,14.5539077889414,-20.0000002980232));
#6072=CARTESIAN_POINT('Origin',(12.5,7.74596676936409,-20.0000002980232));
#6073=CARTESIAN_POINT('Origin',(12.5,27.5,-7.29999983683228));
#6074=CARTESIAN_POINT('',(39.5,27.5,-22.));
#6075=CARTESIAN_POINT('Origin',(-31.5220005662441,25.6499997060746,-24.2499994579703));
#6076=CARTESIAN_POINT('Origin',(-38.0000005662441,6.,-27.0000004023314));
#6077=CARTESIAN_POINT('',(0.500000000000029,3.74999946355813,-27.0000004023314));
#6078=CARTESIAN_POINT('',(0.500000000000029,3.00000000000001,-27.0000004023314));
#6079=CARTESIAN_POINT('',(20.5,3.74999946355813,-27.0000004023314));
#6080=CARTESIAN_POINT('',(-41.5000005662441,6.,-27.0000004023314));
#6081=CARTESIAN_POINT('',(-38.0000005662441,6.,-27.0000004023314));
#6082=CARTESIAN_POINT('',(-41.5000005662441,-2.99991611454055,-27.0000004023314));
#6083=CARTESIAN_POINT('Origin',(0.500000000000029,1.11022302462516E-14,
-22.));
#6084=CARTESIAN_POINT('Origin',(0.500000000000029,1.0547118733939E-14,-22.));
#6085=CARTESIAN_POINT('Origin',(20.5,1.0547118733939E-14,-22.));
#6086=CARTESIAN_POINT('',(20.5,-6.24999999999999,-22.));
#6087=CARTESIAN_POINT('Origin',(-52.9999988265336,21.9999995082617,-28.2500001788139));
#6088=CARTESIAN_POINT('',(-51.9999968484041,21.9999995082617,-28.2500001788139));
#6089=CARTESIAN_POINT('Origin',(-38.0000005662441,6.,-24.2500001788139));
#6090=CARTESIAN_POINT('',(-41.5000005662441,6.,-26.2500001788139));
#6091=CARTESIAN_POINT('Origin',(-52.9999988265336,21.9999995082617,-28.2500001788139));
#6092=CARTESIAN_POINT('',(-51.232233985523,23.7677692686034,-29.5000001788139));
#6093=CARTESIAN_POINT('Origin',(-40.6256175097445,13.161182308806,-28.2500001788139));
#6094=CARTESIAN_POINT('',(-40.6256175097445,13.161182308806,-28.2500001788139));
#6095=CARTESIAN_POINT('Origin',(39.5,7.50000000000003,-22.));
#6096=CARTESIAN_POINT('Origin',(-38.0000005662441,13.161182308806,-17.0000001788139));
#6097=CARTESIAN_POINT('Origin',(-42.499999050051,5.,-14.1));
#6098=CARTESIAN_POINT('',(-42.1644390651775,14.6999995820224,-14.1));
#6099=CARTESIAN_POINT('',(-41.499999050051,14.0355614158927,-14.1));
#6100=CARTESIAN_POINT('',(-41.928921801395,14.4644829736349,-14.1000001788139));
#6101=CARTESIAN_POINT('',(-41.499999050051,14.6999995820224,-14.1));
#6102=CARTESIAN_POINT('',(-42.499999050051,14.6999995820224,-14.1));
#6103=CARTESIAN_POINT('',(-41.499999050051,-8.69999980553985,-14.1));
#6104=CARTESIAN_POINT('Origin',(-44.199999012053,14.6999995820224,-7.30000000000002));
#6105=CARTESIAN_POINT('',(-41.499999050051,14.6999995820224,-7.30000000000002));
#6106=CARTESIAN_POINT('',(-44.199999012053,14.6999995820224,-7.30000000000002));
#6107=CARTESIAN_POINT('',(-43.7749990215525,14.6999995820224,-7.30000000000002));
#6108=CARTESIAN_POINT('',(-41.499999050051,14.6999995820224,-7.30000000000002));
#6109=CARTESIAN_POINT('',(-44.199999012053,14.6999995820224,-14.1));
#6110=CARTESIAN_POINT('',(-44.6249994961545,14.6999995820224,-14.1000001788139));
#6111=CARTESIAN_POINT('',(-44.199999012053,14.6999995820224,-7.30000000000002));
#6112=CARTESIAN_POINT('Origin',(-43.349999031052,4.99999988824129,-7.30000000000002));
#6113=CARTESIAN_POINT('',(-41.499999050051,-8.69999980553985,-7.30000000000002));
#6114=CARTESIAN_POINT('',(-44.199999012053,8.7000836909993,-7.30000000000002));
#6115=CARTESIAN_POINT('Origin',(-44.199999012053,-8.69999980553985,-7.30000000000002));
#6116=CARTESIAN_POINT('',(-44.199999012053,5.,-14.100000027262));
#6117=CARTESIAN_POINT('',(-44.199999012053,1.77500009723008,-14.1000001788139));
#6118=CARTESIAN_POINT('',(-44.199999012053,5.,-9.90000033036592));
#6119=CARTESIAN_POINT('',(-44.199999012053,5.,-10.700000013631));
#6120=CARTESIAN_POINT('',(-44.199999012053,1.85008378822938,-9.90000033036592));
#6121=CARTESIAN_POINT('',(-44.199999012053,-1.77491621177062,-14.1000001788139));
#6122=CARTESIAN_POINT('Origin',(-44.199999012053,5.,-14.100000027262));
#6123=CARTESIAN_POINT('',(-41.499999050051,5.,-9.90000033036592));
#6124=CARTESIAN_POINT('',(-44.199999012053,5.,-9.90000033036592));
#6125=CARTESIAN_POINT('',(-41.499999050051,5.,-14.1));
#6126=CARTESIAN_POINT('',(-44.199999012053,5.,-14.100000027262));
#6127=CARTESIAN_POINT('',(-41.499999050051,5.,-10.700000013631));
#6128=CARTESIAN_POINT('Origin',(-46.749999942258,12.25,-14.1000001788139));
#6129=CARTESIAN_POINT('',(-41.5000005662441,6.125,-14.1000001788139));
#6130=CARTESIAN_POINT('',(-51.232233985523,23.7677692686034,-14.1000001788139));
#6131=CARTESIAN_POINT('',(-41.928921801395,14.4644829736349,-14.1000001788139));
#6132=CARTESIAN_POINT('',(-55.4999993182719,21.9999995082617,-14.1000001788139));
#6133=CARTESIAN_POINT('Origin',(-52.9999988265336,21.9999995082617,-14.1000001788139));
#6134=CARTESIAN_POINT('',(-55.4999993182719,9.20227762800245,-14.1000001788139));
#6135=CARTESIAN_POINT('',(-55.4999993182719,17.1249997541308,-14.1000001788139));
#6136=CARTESIAN_POINT('',(-50.2956704856666,3.00000004470348,-14.1000001788139));
#6137=CARTESIAN_POINT('',(-51.8405455747667,4.84111048224777,-14.1000001788139));
#6138=CARTESIAN_POINT('',(-50.3542494392722,3.00000004470348,-14.1000001788139));
#6139=CARTESIAN_POINT('',(-48.5521246907651,3.00000004470348,-14.1000001788139));
#6140=CARTESIAN_POINT('Origin',(-53.0000007897615,0.,-14.1000001788139));
#6141=CARTESIAN_POINT('',(-51.9999968484041,21.9999995082617,-14.1000001788139));
#6142=CARTESIAN_POINT('Origin',(-52.9999988265336,21.9999995082617,-14.1000001788139));
#6143=CARTESIAN_POINT('Origin',(-50.2956704856666,3.00000004470348,-17.0000001788139));
#6144=CARTESIAN_POINT('',(-50.2956704856666,3.00000004470348,-13.0000001788139));
#6145=CARTESIAN_POINT('',(-55.4999993182719,9.20227762800246,-17.0000001788139));
#6146=CARTESIAN_POINT('Origin',(-53.0000007897615,0.,-17.0000001788139));
#6147=CARTESIAN_POINT('',(-50.3542494392722,3.00000004470348,-13.0000001788139));
#6148=CARTESIAN_POINT('Origin',(-50.3542494392722,3.00000004470348,-17.0000001788139));
#6149=CARTESIAN_POINT('Origin',(-55.4999993182719,21.9999995082617,-17.0000001788139));
#6150=CARTESIAN_POINT('',(-55.4999993182719,21.9999995082617,-17.0000001788139));
#6151=CARTESIAN_POINT('Origin',(-52.9999988265336,21.9999995082617,-17.0000001788139));
#6152=CARTESIAN_POINT('',(-51.9999968484041,21.9999995082617,-17.0000001788139));
#6153=CARTESIAN_POINT('Origin',(-40.6256175097445,13.161182308806,-17.0000001788139));
#6154=CARTESIAN_POINT('',(-41.5000005662441,14.0355629320816,-17.0000001788139));
#6155=CARTESIAN_POINT('',(-51.232233985523,23.7677692686034,-17.0000001788139));
#6156=CARTESIAN_POINT('Origin',(-52.9999988265336,21.9999995082617,-17.0000001788139));
#6157=CARTESIAN_POINT('Origin',(-44.199999012053,5.,-9.90000033036592));
#6158=CARTESIAN_POINT('',(-41.499999050051,-11.8499159055518,-9.90000033036592));
#6159=CARTESIAN_POINT('Origin',(-41.499999050051,18.6999995820224,-7.30000000000002));
#6160=UNCERTAINTY_MEASURE_WITH_UNIT(LENGTH_MEASURE(0.01),#6164,
'DISTANCE_ACCURACY_VALUE',
'Maximum model space distance between geometric entities at asserted c
onnectivities');
#6161=UNCERTAINTY_MEASURE_WITH_UNIT(LENGTH_MEASURE(0.01),#6164,
'DISTANCE_ACCURACY_VALUE',
'Maximum model space distance between geometric entities at asserted c
onnectivities');
#6162=(
GEOMETRIC_REPRESENTATION_CONTEXT(3)
GLOBAL_UNCERTAINTY_ASSIGNED_CONTEXT((#6160))
GLOBAL_UNIT_ASSIGNED_CONTEXT((#6164,#6166,#6167))
REPRESENTATION_CONTEXT('','3D')
);
#6163=(
GEOMETRIC_REPRESENTATION_CONTEXT(3)
GLOBAL_UNCERTAINTY_ASSIGNED_CONTEXT((#6161))
GLOBAL_UNIT_ASSIGNED_CONTEXT((#6164,#6166,#6167))
REPRESENTATION_CONTEXT('','3D')
);
#6164=(
LENGTH_UNIT()
NAMED_UNIT(*)
SI_UNIT(.MILLI.,.METRE.)
);
#6165=(
LENGTH_UNIT()
NAMED_UNIT(*)
SI_UNIT($,.METRE.)
);
#6166=(
NAMED_UNIT(*)
PLANE_ANGLE_UNIT()
SI_UNIT($,.RADIAN.)
);
#6167=(
NAMED_UNIT(*)
SI_UNIT($,.STERADIAN.)
SOLID_ANGLE_UNIT()
);
#6168=SHAPE_DEFINITION_REPRESENTATION(#6169,#6170);
#6169=PRODUCT_DEFINITION_SHAPE('',$,#6172);
#6170=SHAPE_REPRESENTATION('',(#3679),#6162);
#6171=PRODUCT_DEFINITION_CONTEXT('part definition',#6176,'design');
#6172=PRODUCT_DEFINITION('Frame Unibody','Frame Unibody',#6173,#6171);
#6173=PRODUCT_DEFINITION_FORMATION('',$,#6178);
#6174=PRODUCT_RELATED_PRODUCT_CATEGORY('Frame Unibody','Frame Unibody',
(#6178));
#6175=APPLICATION_PROTOCOL_DEFINITION('international standard',
'automotive_design',2009,#6176);
#6176=APPLICATION_CONTEXT(
'Core Data for Automotive Mechanical Design Process');
#6177=PRODUCT_CONTEXT('part definition',#6176,'mechanical');
#6178=PRODUCT('Frame Unibody','Frame Unibody',$,(#6177));
#6179=PRESENTATION_STYLE_ASSIGNMENT((#6180));
#6180=SURFACE_STYLE_USAGE(.BOTH.,#6181);
#6181=SURFACE_SIDE_STYLE('',(#6182));
#6182=SURFACE_STYLE_FILL_AREA(#6183);
#6183=FILL_AREA_STYLE('Steel - Satin',(#6184));
#6184=FILL_AREA_STYLE_COLOUR('Steel - Satin',#6185);
#6185=COLOUR_RGB('Steel - Satin',0.627450980392157,0.627450980392157,0.627450980392157);
ENDSEC;
END-ISO-10303-21;
