                                                                        S      1
,,17HWheel complete v2,17HWheel complete v2,7Hunknown,7Hunknown,32,38,7,G      1
99,15,,1.,2,2HMM,1,0.08,15H20250822.210858,0.01,10000.,7Hunknown,7HunknoG      2
wn,11,0,;                                                               G      3
     408       1                                                00000001D      1
     408       0               1       0                               0D      2
     408       2                                                00000001D      3
     408       0               1       0                               0D      4
     308       3                                                00010200D      5
     308       0               1       0                               0D      6
     308       4                                                00010200D      7
     308       0               1       0                               0D      8
     186       5                                                00010000D      9
     186            -401       1       0                               0D     10
     186       6                                                00010000D     11
     186            -403       1       0                               0D     12
     514       7                                                00010000D     13
     514                       1       1                               0D     14
     514       8                                                00010000D     15
     514                       3       1                               0D     16
     510      11                                                00010000D     17
     510            -401       1       1                               0D     18
     510      12                                                00010000D     19
     510            -401       1       1                               0D     20
     510      13                                                00010000D     21
     510            -401       1       1                               0D     22
     510      14                                                00010000D     23
     510            -401       1       1                               0D     24
     510      15                                                00010000D     25
     510            -401       1       1                               0D     26
     510      16                                                00010000D     27
     510            -401       1       1                               0D     28
     510      17                                                00010000D     29
     510            -403       1       1                               0D     30
     510      18                                                00010000D     31
     510            -403       1       1                               0D     32
     510      19                                                00010000D     33
     510            -403       1       1                               0D     34
     510      20                                                00010000D     35
     510            -403       1       1                               0D     36
     510      21                                                00010000D     37
     510            -403       1       1                               0D     38
     510      22                                                00010000D     39
     510            -403       1       1                               0D     40
     510      23                                                00010000D     41
     510            -403       1       1                               0D     42
     510      24                                                00010000D     43
     510            -403       1       1                               0D     44
     510      25                                                00010000D     45
     510            -403       1       1                               0D     46
     510      26                                                00010000D     47
     510            -403       1       1                               0D     48
     510      27                                                00010000D     49
     510            -403       1       1                               0D     50
     510      28                                                00010000D     51
     510            -403       1       1                               0D     52
     510      29                                                00010000D     53
     510            -403       1       1                               0D     54
     510      30                                                00010000D     55
     510            -403       1       1                               0D     56
     510      31                                                00010000D     57
     510            -403       1       1                               0D     58
     510      32                                                00010000D     59
     510            -403       1       1                               0D     60
     510      33                                                00010000D     61
     510            -403       1       1                               0D     62
     510      34                                                00010000D     63
     510            -403       1       1                               0D     64
     510      35                                                00010000D     65
     510            -403       1       1                               0D     66
     510      36                                                00010000D     67
     510            -403       1       1                               0D     68
     510      37                                                00010000D     69
     510            -403       1       1                               0D     70
     510      38                                                00010000D     71
     510            -403       1       1                               0D     72
     510      39                                                00010000D     73
     510            -403       1       1                               0D     74
     510      40                                                00010000D     75
     510            -403       1       1                               0D     76
     510      41                                                00010000D     77
     510            -403       1       1                               0D     78
     510      42                                                00010000D     79
     510            -403       1       1                               0D     80
     510      43                                                00010000D     81
     510            -403       1       1                               0D     82
     508      44                                                00010000D     83
     508                       2       1                               0D     84
     508      46                                                00010000D     85
     508                       2       1                               0D     86
     508      48                                                00010000D     87
     508                       1       1                               0D     88
     508      49                                                00010000D     89
     508                       1       1                               0D     90
     508      50                                                00010000D     91
     508                       2       1                               0D     92
     508      52                                                00010000D     93
     508                       1       1                               0D     94
     508      53                                                00010000D     95
     508                       1       1                               0D     96
     508      54                                                00010000D     97
     508                       1       1                               0D     98
     508      55                                                00010000D     99
     508                       1       1                               0D    100
     508      56                                                00010000D    101
     508                       1       1                               0D    102
     508      57                                                00010000D    103
     508                       4       1                               0D    104
     508      61                                                00010000D    105
     508                       1       1                               0D    106
     508      62                                                00010000D    107
     508                       1       1                               0D    108
     508      63                                                00010000D    109
     508                       1       1                               0D    110
     508      64                                                00010000D    111
     508                       1       1                               0D    112
     508      65                                                00010000D    113
     508                       1       1                               0D    114
     508      66                                                00010000D    115
     508                       1       1                               0D    116
     508      67                                                00010000D    117
     508                       1       1                               0D    118
     508      68                                                00010000D    119
     508                       1       1                               0D    120
     508      69                                                00010000D    121
     508                       1       1                               0D    122
     508      70                                                00010000D    123
     508                       1       1                               0D    124
     508      71                                                00010000D    125
     508                       4       1                               0D    126
     508      75                                                00010000D    127
     508                       1       1                               0D    128
     508      76                                                00010000D    129
     508                       1       1                               0D    130
     508      77                                                00010000D    131
     508                       1       1                               0D    132
     508      78                                                00010000D    133
     508                       1       1                               0D    134
     508      79                                                00010000D    135
     508                       1       1                               0D    136
     508      80                                                00010000D    137
     508                       1       1                               0D    138
     508      81                                                00010000D    139
     508                       1       1                               0D    140
     508      82                                                00010000D    141
     508                       1       1                               0D    142
     508      83                                                00010000D    143
     508                       1       1                               0D    144
     508      84                                                00010000D    145
     508                       1       1                               0D    146
     508      85                                                00010000D    147
     508                       1       1                               0D    148
     508      86                                                00010000D    149
     508                       1       1                               0D    150
     508      87                                                00010000D    151
     508                       1       1                               0D    152
     508      88                                                00010000D    153
     508                       1       1                               0D    154
     508      89                                                00010000D    155
     508                       1       1                               0D    156
     508      90                                                00010000D    157
     508                       1       1                               0D    158
     508      91                                                00010000D    159
     508                       1       1                               0D    160
     126      92                                                00010000D    161
     126       0               5       0                               0D    162
     126      97                                                00010000D    163
     126       0               3       0                               0D    164
     126     100                                                00010000D    165
     126       0               5       0                               0D    166
     126     105                                                00010000D    167
     126       0               8       0                               0D    168
     126     113                                                00010000D    169
     126       0               7       0                               0D    170
     126     120                                                00010000D    171
     126       0               3       0                               0D    172
     126     123                                                00010000D    173
     126       0               5       0                               0D    174
     126     128                                                00010000D    175
     126       0               8       0                               0D    176
     126     136                                                00010000D    177
     126       0               9       0                               0D    178
     126     145                                                00010000D    179
     126       0               5       0                               0D    180
     126     150                                                00010000D    181
     126       0               3       0                               0D    182
     126     153                                                00010000D    183
     126       0               8       0                               0D    184
     126     161                                                00010000D    185
     126       0              10       0                               0D    186
     126     171                                                00010000D    187
     126       0               2       0                               0D    188
     126     173                                                00010000D    189
     126       0              12       0                               0D    190
     126     185                                                00010000D    191
     126       0               3       0                               0D    192
     126     188                                                00010000D    193
     126       0              12       0                               0D    194
     126     200                                                00010000D    195
     126       0               6       0                               0D    196
     126     206                                                00010000D    197
     126       0               4       0                               0D    198
     126     210                                                00010000D    199
     126       0               5       0                               0D    200
     126     215                                                00010000D    201
     126       0               4       0                               0D    202
     126     219                                                00010000D    203
     126       0               6       0                               0D    204
     126     225                                                00010000D    205
     126       0               4       0                               0D    206
     126     229                                                00010000D    207
     126       0               6       0                               0D    208
     126     235                                                00010000D    209
     126       0               4       0                               0D    210
     126     239                                                00010000D    211
     126       0               6       0                               0D    212
     126     245                                                00010000D    213
     126       0               4       0                               0D    214
     126     249                                                00010000D    215
     126       0               5       0                               0D    216
     126     254                                                00010000D    217
     126       0               4       0                               0D    218
     126     258                                                00010000D    219
     126       0               6       0                               0D    220
     126     264                                                00010000D    221
     126       0               4       0                               0D    222
     126     268                                                00010000D    223
     126       0               5       0                               0D    224
     126     273                                                00010000D    225
     126       0               5       0                               0D    226
     126     278                                                00010000D    227
     126       0               3       0                               0D    228
     126     281                                                00010000D    229
     126       0               4       0                               0D    230
     126     285                                                00010000D    231
     126       0               3       0                               0D    232
     126     288                                                00010000D    233
     126       0               3       0                               0D    234
     126     291                                                00010000D    235
     126       0               5       0                               0D    236
     126     296                                                00010000D    237
     126       0               3       0                               0D    238
     126     299                                                00010000D    239
     126       0               4       0                               0D    240
     126     303                                                00010000D    241
     126       0               3       0                               0D    242
     126     306                                                00010000D    243
     126       0               6       0                               0D    244
     126     312                                                00010000D    245
     126       0               3       0                               0D    246
     126     315                                                00010000D    247
     126       0               4       0                               0D    248
     126     319                                                00010000D    249
     126       0               3       0                               0D    250
     126     322                                                00010000D    251
     126       0               6       0                               0D    252
     126     328                                                00010000D    253
     126       0               3       0                               0D    254
     126     331                                                00010000D    255
     126       0               4       0                               0D    256
     126     335                                                00010000D    257
     126       0               3       0                               0D    258
     126     338                                                00010000D    259
     126       0               6       0                               0D    260
     126     344                                                00010000D    261
     126       0              12       0                               0D    262
     126     356                                                00010000D    263
     126       0               3       0                               0D    264
     126     359                                                00010000D    265
     126       0              13       0                               0D    266
     126     372                                                00010000D    267
     126       0               6       0                               0D    268
     126     378                                                00010000D    269
     126       0               4       0                               0D    270
     126     382                                                00010000D    271
     126       0               5       0                               0D    272
     126     387                                                00010000D    273
     126       0               5       0                               0D    274
     126     392                                                00010000D    275
     126       0               6       0                               0D    276
     126     398                                                00010000D    277
     126       0               4       0                               0D    278
     126     402                                                00010000D    279
     126       0               5       0                               0D    280
     126     407                                                00010000D    281
     126       0               5       0                               0D    282
     126     412                                                00010000D    283
     126       0               3       0                               0D    284
     126     415                                                00010000D    285
     126       0               3       0                               0D    286
     126     418                                                00010000D    287
     126       0               3       0                               0D    288
     126     421                                                00010000D    289
     126       0               3       0                               0D    290
     126     424                                                00010000D    291
     126       0               3       0                               0D    292
     126     427                                                00010000D    293
     126       0               3       0                               0D    294
     126     430                                                00010000D    295
     126       0               3       0                               0D    296
     126     433                                                00010000D    297
     126       0              10       0                               0D    298
     126     443                                                00010000D    299
     126       0               3       0                               0D    300
     126     446                                                00010000D    301
     126       0              10       0                               0D    302
     126     456                                                00010000D    303
     126       0               3       0                               0D    304
     126     459                                                00010000D    305
     126       0              10       0                               0D    306
     126     469                                                00010000D    307
     126       0               3       0                               0D    308
     126     472                                                00010000D    309
     126       0               9       0                               0D    310
     126     481                                                00010000D    311
     126       0               9       0                               0D    312
     126     490                                                00010000D    313
     126       0               3       0                               0D    314
     126     493                                                00010000D    315
     126       0              10       0                               0D    316
     126     503                                                00010000D    317
     126       0               3       0                               0D    318
     128     506                                                00010000D    319
     128       0    -401      17       0                               0D    320
     128     523                                                00010000D    321
     128       0    -401      12       0                               0D    322
     128     535                                                00010000D    323
     128       0    -401       3       0                               0D    324
     128     538                                                00010000D    325
     128       0    -401      17       0                               0D    326
     128     555                                                00010000D    327
     128       0    -401       3       0                               0D    328
     128     558                                                00010000D    329
     128       0    -401      12       0                               0D    330
     128     570                                                00010000D    331
     128       0    -403      18       0                               0D    332
     128     588                                                00010000D    333
     128       0    -403       7       0                               0D    334
     128     595                                                00010000D    335
     128       0    -403       6       0                               0D    336
     128     601                                                00010000D    337
     128       0    -403      10       0                               0D    338
     128     611                                                00010000D    339
     128       0    -403       6       0                               0D    340
     128     617                                                00010000D    341
     128       0    -403      10       0                               0D    342
     128     627                                                00010000D    343
     128       0    -403       6       0                               0D    344
     128     633                                                00010000D    345
     128       0    -403      10       0                               0D    346
     128     643                                                00010000D    347
     128       0    -403       6       0                               0D    348
     128     649                                                00010000D    349
     128       0    -403      10       0                               0D    350
     128     659                                                00010000D    351
     128       0    -403      18       0                               0D    352
     128     677                                                00010000D    353
     128       0    -403       7       0                               0D    354
     128     684                                                00010000D    355
     128       0    -403       9       0                               0D    356
     128     693                                                00010000D    357
     128       0    -403       6       0                               0D    358
     128     699                                                00010000D    359
     128       0    -403       9       0                               0D    360
     128     708                                                00010000D    361
     128       0    -403       6       0                               0D    362
     128     714                                                00010000D    363
     128       0    -403      10       0                               0D    364
     128     724                                                00010000D    365
     128       0    -403       6       0                               0D    366
     128     730                                                00010000D    367
     128       0    -403       9       0                               0D    368
     128     739                                                00010000D    369
     128       0    -403       6       0                               0D    370
     128     745                                                00010000D    371
     128       0    -403      13       0                               0D    372
     128     758                                                00010000D    373
     128       0    -403      13       0                               0D    374
     128     771                                                00010000D    375
     128       0    -403      13       0                               0D    376
     128     784                                                00010000D    377
     128       0    -403      13       0                               0D    378
     128     797                                                00010000D    379
     128       0    -403       3       0                               0D    380
     128     800                                                00010000D    381
     128       0    -403      13       0                               0D    382
     128     813                                                00010000D    383
     128       0    -403       3       0                               0D    384
     502     816                                                00010000D    385
     502                       4       1                               0D    386
     502     820                                                00010000D    387
     502                      28       1                               0D    388
     504     848                                                00010001D    389
     504                       4       1                               0D    390
     504     852                                                00010001D    391
     504                      19       1                               0D    392
     406     871                                                00000000D    393
     406                       1      15                               0D    394
     406     872                                                00000000D    395
     406                       1      15                               0D    396
     406     873                                                00000000D    397
     406                       1      15                               0D    398
     406     874                                                00000000D    399
     406                       1      15                               0D    400
     314     875                                                00000200D    401
     314                       2       0                               0D    402
     314     877                                                00000200D    403
     314                       2       0                               0D    404
408,5,0.,0.,0.,1.,0,1,395;                                             1P      1
408,7,0.,0.,0.,1.,0,1,399;                                             3P      2
308,0,10HComponent2,1,9;                                               5P      3
308,0,14HWheel inner v7,1,11;                                          7P      4
186,13,1,0,0,1,393;                                                    9P      5
186,15,1,0,0,1,397;                                                   11P      6
514,6,17,1,19,1,21,1,23,1,25,1,27,1;                                  13P      7
514,27,29,1,31,1,33,1,35,1,37,1,39,1,41,1,43,1,45,1,47,1,49,1,        15P      8
51,1,53,1,55,1,57,1,59,1,61,1,63,1,65,1,67,1,69,1,71,1,73,1,75,       15P      9
1,77,1,79,1,81,1;                                                     15P     10
510,319,1,1,83;                                                       17P     11
510,321,1,1,85;                                                       19P     12
510,323,2,1,87,89;                                                    21P     13
510,325,1,1,91;                                                       23P     14
510,327,2,1,93,95;                                                    25P     15
510,329,1,1,97;                                                       27P     16
510,331,1,1,99;                                                       29P     17
510,333,2,1,101,103;                                                  31P     18
510,335,1,1,105;                                                      33P     19
510,337,1,1,107;                                                      35P     20
510,339,1,1,109;                                                      37P     21
510,341,1,1,111;                                                      39P     22
510,343,1,1,113;                                                      41P     23
510,345,1,1,115;                                                      43P     24
510,347,1,1,117;                                                      45P     25
510,349,1,1,119;                                                      47P     26
510,351,1,1,121;                                                      49P     27
510,353,2,1,123,125;                                                  51P     28
510,355,1,1,127;                                                      53P     29
510,357,1,1,129;                                                      55P     30
510,359,1,1,131;                                                      57P     31
510,361,1,1,133;                                                      59P     32
510,363,1,1,135;                                                      61P     33
510,365,1,1,137;                                                      63P     34
510,367,1,1,139;                                                      65P     35
510,369,1,1,141;                                                      67P     36
510,371,1,1,143;                                                      69P     37
510,373,1,1,145;                                                      71P     38
510,375,1,1,147;                                                      73P     39
510,377,1,1,149;                                                      75P     40
510,379,2,1,151,153;                                                  77P     41
510,381,1,1,155;                                                      79P     42
510,383,2,1,157,159;                                                  81P     43
508,6,0,389,1,1,0,0,389,2,1,0,0,389,3,1,0,0,389,4,1,0,0,389,2,0,      83P     44
0,0,389,5,1,0;                                                        83P     45
508,6,0,389,4,0,0,0,389,6,1,0,0,389,7,0,0,0,389,8,0,0,0,389,6,0,      85P     46
0,0,389,3,0,0;                                                        85P     47
508,2,0,389,1,0,0,0,389,5,0,0;                                        87P     48
508,1,0,389,9,1,0;                                                    89P     49
508,6,0,389,10,1,0,0,389,11,1,0,0,389,7,1,0,0,389,8,1,0,0,389,        91P     50
11,0,0,0,389,12,1,0;                                                  91P     51
508,2,0,389,10,0,0,0,389,12,0,0;                                      93P     52
508,1,0,389,13,1,0;                                                   95P     53
508,4,0,389,9,0,0,0,389,14,1,0,0,389,13,0,0,0,389,14,0,0;             97P     54
508,4,0,391,1,0,0,0,391,2,1,0,0,391,3,1,0,0,391,2,0,0;                99P     55
508,1,0,391,3,0,0;                                                   101P     56
508,16,0,391,4,0,0,0,391,5,0,0,0,391,6,0,0,0,391,7,0,0,0,391,8,      103P     57
0,0,0,391,9,0,0,0,391,10,0,0,0,391,11,0,0,0,391,12,0,0,0,391,13,     103P     58
0,0,0,391,14,0,0,0,391,15,0,0,0,391,16,0,0,0,391,17,0,0,0,391,       103P     59
18,0,0,0,391,19,0,0;                                                 103P     60
508,4,0,391,11,1,0,0,391,20,0,0,0,391,21,1,0,0,391,22,1,0;           105P     61
508,4,0,391,10,1,0,0,391,23,0,0,0,391,24,1,0,0,391,20,1,0;           107P     62
508,4,0,391,9,1,0,0,391,25,0,0,0,391,26,1,0,0,391,23,1,0;            109P     63
508,4,0,391,8,1,0,0,391,27,0,0,0,391,28,1,0,0,391,25,1,0;            111P     64
508,4,0,391,7,1,0,0,391,29,0,0,0,391,30,1,0,0,391,27,1,0;            113P     65
508,4,0,391,6,1,0,0,391,31,0,0,0,391,32,1,0,0,391,29,1,0;            115P     66
508,4,0,391,5,1,0,0,391,33,0,0,0,391,34,1,0,0,391,31,1,0;            117P     67
508,4,0,391,4,1,0,0,391,35,0,0,0,391,36,1,0,0,391,33,1,0;            119P     68
508,4,0,391,37,0,0,0,391,38,1,0,0,391,39,1,0,0,391,38,0,0;           121P     69
508,1,0,391,39,0,0;                                                  123P     70
508,16,0,391,40,0,0,0,391,41,0,0,0,391,42,0,0,0,391,43,0,0,0,        125P     71
391,44,0,0,0,391,21,0,0,0,391,24,0,0,0,391,26,0,0,0,391,28,0,0,      125P     72
0,391,30,0,0,0,391,32,0,0,0,391,34,0,0,0,391,36,0,0,0,391,45,0,      125P     73
0,0,391,46,0,0,0,391,47,0,0;                                         125P     74
508,4,0,391,12,1,0,0,391,22,0,0,0,391,44,1,0,0,391,48,1,0;           127P     75
508,4,0,391,13,1,0,0,391,48,0,0,0,391,43,1,0,0,391,49,1,0;           129P     76
508,4,0,391,14,1,0,0,391,49,0,0,0,391,42,1,0,0,391,50,1,0;           131P     77
508,4,0,391,15,1,0,0,391,50,0,0,0,391,41,1,0,0,391,51,1,0;           133P     78
508,4,0,391,16,1,0,0,391,51,0,0,0,391,40,1,0,0,391,52,1,0;           135P     79
508,4,0,391,17,1,0,0,391,52,0,0,0,391,47,1,0,0,391,53,1,0;           137P     80
508,4,0,391,18,1,0,0,391,53,0,0,0,391,46,1,0,0,391,54,1,0;           139P     81
508,4,0,391,19,1,0,0,391,54,0,0,0,391,45,1,0,0,391,35,1,0;           141P     82
508,4,0,391,55,1,0,0,391,56,1,0,0,391,57,0,0,0,391,56,0,0;           143P     83
508,4,0,391,55,0,0,0,391,58,1,0,0,391,59,0,0,0,391,58,0,0;           145P     84
508,4,0,391,59,1,0,0,391,60,1,0,0,391,61,0,0,0,391,60,0,0;           147P     85
508,4,0,391,62,0,0,0,391,63,1,0,0,391,61,1,0,0,391,63,0,0;           149P     86
508,1,0,391,64,1,0;                                                  151P     87
508,1,0,391,37,1,0;                                                  153P     88
508,4,0,391,57,1,0,0,391,65,1,0,0,391,64,0,0,0,391,65,0,0;           155P     89
508,1,0,391,62,1,0;                                                  157P     90
508,1,0,391,1,1,0;                                                   159P     91
126,2,2,0,0,0,0,-3.14159265358979,-3.14159265358979,                 161P     92
-3.14159265358979,-1.5707963267949,-1.5707963267949,                 161P     93
-1.5707963267949,1.,0.707106781186548,1.,-9.,6.,                     161P     94
-1.10218211923262D-15,-9.,6.,-9.,5.51091059616309D-16,6.,-9.,        161P     95
-3.14159265358979,-1.5707963267949,0.,0.,0.;                         161P     96
126,2,2,0,0,0,0,-1.5707963267949,-1.5707963267949,                   163P     97
-1.5707963267949,0.,0.,0.,1.,0.707106781186545,1.,0.,6.,-9.,0.,      163P     98
6.,-10.5,0.,4.5,-10.5,-1.5707963267949,0.,0.,0.,0.;                  163P     99
126,2,2,0,0,0,0,1.5707963267949,1.5707963267949,1.5707963267949,     165P    100
3.14159265358979,3.14159265358979,3.14159265358979,1.,               165P    101
0.707106781186548,1.,6.42939569552361D-16,4.5,-10.5,-10.5,4.5,       165P    102
-10.5,-10.5,4.5,-1.28587913910472D-15,1.5707963267949,               165P    103
3.14159265358979,0.,0.,0.;                                           165P    104
126,6,2,0,0,0,0,-3.14159265358979,-3.14159265358979,                 167P    105
-3.14159265358979,-1.5707963267949,-1.5707963267949,0.,0.,           167P    106
1.5707963267949,1.5707963267949,1.5707963267949,1.,                  167P    107
0.707106781186548,1.,0.707106781186548,1.,0.707106781186548,1.,      167P    108
-10.5,4.5,1.28587913910472D-15,-10.5,4.5,10.5,                       167P    109
6.42939569552361D-16,4.5,10.5,10.5,4.5,10.5,10.5,4.5,0.,10.5,        167P    110
4.5,-10.5,6.42939569552361D-16,4.5,-10.5,-3.14159265358979,          167P    111
1.5707963267949,0.,0.,0.;                                            167P    112
126,6,2,0,0,0,0,-1.5707963267949,-1.5707963267949,                   169P    113
-1.5707963267949,0.,0.,1.5707963267949,1.5707963267949,              169P    114
3.14159265358979,3.14159265358979,3.14159265358979,1.,               169P    115
0.707106781186548,1.,0.707106781186548,1.,0.707106781186548,1.,      169P    116
5.51091059616309D-16,6.,-9.,9.,6.,-9.,9.,6.,0.,9.,6.,9.,             169P    117
5.51091059616309D-16,6.,9.,-9.,6.,9.,-9.,6.,                         169P    118
1.10218211923262D-15,-1.5707963267949,3.14159265358979,0.,0.,0.;     169P    119
126,1,1,0,0,1,0,-1.,-1.,-0.142857142857143,-0.142857142857143,       171P    120
1.,1.,-10.5,4.5,0.,-10.5,-4.5,0.,-1.,-0.142857142857143,0.,0.,       171P    121
0.;                                                                  171P    122
126,2,2,0,0,0,0,1.5707963267949,1.5707963267949,1.5707963267949,     173P    123
3.14159265358979,3.14159265358979,3.14159265358979,1.,               173P    124
0.707106781186548,1.,6.42939569552361D-16,-4.5,10.5,-10.5,-4.5,      173P    125
10.5,-10.5,-4.5,1.28587913910472D-15,1.5707963267949,                173P    126
3.14159265358979,0.,0.,0.;                                           173P    127
126,6,2,0,0,0,0,-3.14159265358979,-3.14159265358979,                 175P    128
-3.14159265358979,-1.5707963267949,-1.5707963267949,0.,0.,           175P    129
1.5707963267949,1.5707963267949,1.5707963267949,1.,                  175P    130
0.707106781186548,1.,0.707106781186548,1.,0.707106781186548,1.,      175P    131
-10.5,-4.5,-1.28587913910472D-15,-10.5,-4.5,-10.5,                   175P    132
6.42939569552361D-16,-4.5,-10.5,10.5,-4.5,-10.5,10.5,-4.5,0.,        175P    133
10.5,-4.5,10.5,6.42939569552361D-16,-4.5,10.5,-3.14159265358979,     175P    134
1.5707963267949,0.,0.,0.;                                            175P    135
126,8,2,0,1,0,0,-3.14159265358979,-3.14159265358979,                 177P    136
-3.14159265358979,-1.5707963267949,-1.5707963267949,0.,0.,           177P    137
1.5707963267949,1.5707963267949,3.14159265358979,                    177P    138
3.14159265358979,3.14159265358979,1.,0.707106781186548,1.,           177P    139
0.707106781186548,1.,0.707106781186548,1.,0.707106781186548,1.,      177P    140
-5.5,6.,-6.73555739531044D-16,-5.5,6.,-5.5,3.36777869765522D-16,     177P    141
6.,-5.5,5.5,6.,-5.5,5.5,6.,0.,5.5,6.,5.5,3.36777869765522D-16,       177P    142
6.,5.5,-5.5,6.,5.5,-5.5,6.,6.73555739531044D-16,                     177P    143
-3.14159265358979,3.14159265358979,0.,0.,0.;                         177P    144
126,2,2,0,0,0,0,-3.14159265358979,-3.14159265358979,                 179P    145
-3.14159265358979,-1.5707963267949,-1.5707963267949,                 179P    146
-1.5707963267949,1.,0.707106781186548,1.,-9.,-6.,                    179P    147
1.10218211923262D-15,-9.,-6.,9.,5.51091059616309D-16,-6.,9.,         179P    148
-3.14159265358979,-1.5707963267949,0.,0.,0.;                         179P    149
126,2,2,0,0,0,0,-1.5707963267949,-1.5707963267949,                   181P    150
-1.5707963267949,0.,0.,0.,1.,0.707106781186545,1.,0.,-6.,9.,0.,      181P    151
-6.,10.5,0.,-4.5,10.5,-1.5707963267949,0.,0.,0.,0.;                  181P    152
126,6,2,0,0,0,0,-1.5707963267949,-1.5707963267949,                   183P    153
-1.5707963267949,0.,0.,1.5707963267949,1.5707963267949,              183P    154
3.14159265358979,3.14159265358979,3.14159265358979,1.,               183P    155
0.707106781186548,1.,0.707106781186548,1.,0.707106781186548,1.,      183P    156
5.51091059616309D-16,-6.,9.,9.,-6.,9.,9.,-6.,0.,9.,-6.,-9.,          183P    157
5.51091059616309D-16,-6.,-9.,-9.,-6.,-9.,-9.,-6.,                    183P    158
-1.10218211923262D-15,-1.5707963267949,3.14159265358979,0.,0.,       183P    159
0.;                                                                  183P    160
126,8,2,0,1,0,0,-3.14159265358979,-3.14159265358979,                 185P    161
-3.14159265358979,-1.5707963267949,-1.5707963267949,0.,0.,           185P    162
1.5707963267949,1.5707963267949,3.14159265358979,                    185P    163
3.14159265358979,3.14159265358979,1.,0.707106781186548,1.,           185P    164
0.707106781186548,1.,0.707106781186548,1.,0.707106781186548,1.,      185P    165
-5.5,-6.,6.73555739531044D-16,-5.5,-6.,5.5,3.36777869765522D-16,     185P    166
-6.,5.5,5.5,-6.,5.5,5.5,-6.,0.,5.5,-6.,-5.5,                         185P    167
3.36777869765522D-16,-6.,-5.5,-5.5,-6.,-5.5,-5.5,-6.,                185P    168
-6.73555739531044D-16,-3.14159265358979,3.14159265358979,0.,0.,      185P    169
0.;                                                                  185P    170
126,1,1,0,0,1,0,-2.18181818181818,-2.18181818181818,0.,0.,1.,1.,     187P    171
-5.5,6.,0.,-5.5,-6.,0.,-2.18181818181818,0.,0.,0.,0.;                187P    172
126,8,2,0,1,0,0,-3.14159265358979,-3.14159265358979,                 189P    173
-3.14159265358979,-1.5707963267949,-1.5707963267949,0.,0.,           189P    174
1.5707963267949,1.5707963267949,3.14159265358979,                    189P    175
3.14159265358979,3.14159265358979,1.,0.707106781186548,1.,           189P    176
0.707106781186548,1.,0.707106781186548,1.,0.707106781186548,1.,      189P    177
3.50000005215406,6.,4.28626386088604D-16,3.50000005215406,6.,        189P    178
3.50000005215406,-2.14313193044302D-16,6.,3.50000005215406,          189P    179
-3.50000005215406,6.,3.50000005215406,-3.50000005215406,6.,0.,       189P    180
-3.50000005215406,6.,-3.50000005215406,-2.14313193044302D-16,6.,     189P    181
-3.50000005215406,3.50000005215406,6.,-3.50000005215406,             189P    182
3.50000005215406,6.,-4.28626386088604D-16,-3.14159265358979,         189P    183
3.14159265358979,0.,0.,0.;                                           189P    184
126,1,1,0,0,1,0,0.,0.,0.142857140728406,0.142857140728406,1.,1.,     191P    185
3.50000005215406,6.,0.,3.50000005215406,5.5,0.,0.,                   191P    186
0.142857140728406,0.,0.,0.;                                          191P    187
126,8,2,0,1,0,0,-3.14159265358979,-3.14159265358979,                 193P    188
-3.14159265358979,-1.5707963267949,-1.5707963267949,0.,0.,           193P    189
1.5707963267949,1.5707963267949,3.14159265358979,                    193P    190
3.14159265358979,3.14159265358979,1.,0.707106781186548,1.,           193P    191
0.707106781186548,1.,0.707106781186548,1.,0.707106781186548,1.,      193P    192
3.50000005215406,5.5,4.28626386088604D-16,3.50000005215406,5.5,      193P    193
3.50000005215406,-2.14313193044302D-16,5.5,3.50000005215406,         193P    194
-3.50000005215406,5.5,3.50000005215406,-3.50000005215406,5.5,0.,     193P    195
-3.50000005215406,5.5,-3.50000005215406,-2.14313193044302D-16,       193P    196
5.5,-3.50000005215406,3.50000005215406,5.5,-3.50000005215406,        193P    197
3.50000005215406,5.5,-4.28626386088604D-16,-3.14159265358979,        193P    198
3.14159265358979,0.,0.,0.;                                           193P    199
126,2,2,0,0,0,0,1.17279230733132,1.17279230733132,                   195P    200
1.17279230733132,1.96880034625953,1.96880034625953,                  195P    201
1.96880034625953,1.,0.921836430193879,1.,0.949568912608295,5.5,      195P    202
-2.2584992539755,-1.40221168010157D-12,5.5,-2.65773831425248,        195P    203
-0.949568912610678,5.5,-2.2584992539745,1.17279230733132,            195P    204
1.96880034625953,0.,0.,0.;                                           195P    205
126,1,1,0,0,1,0,0.0724784450716212,0.0724784450716212,               197P    206
0.153371480325929,0.153371480325929,1.,1.,0.949568912608293,5.5,     197P    207
-1.44956890143242,0.949568912608295,5.5,-2.2584992539755,            197P    208
0.0724784450716212,0.153371480325929,0.,0.,0.;                       197P    209
126,2,2,0,0,0,0,1.5707963267949,1.5707963267949,1.5707963267949,     199P    210
3.14159265358979,3.14159265358979,3.14159265358979,1.,               199P    211
0.707106781186548,1.,1.44956890143242,5.5,-0.949568912608294,        199P    212
0.949568912608293,5.5,-0.949568912608293,0.949568912608293,5.5,      199P    213
-1.44956890143242,1.5707963267949,3.14159265358979,0.,0.,0.;         199P    214
126,1,1,0,0,1,0,-0.112924962698861,-0.112924962698861,               201P    215
-0.032031927444648,-0.032031927444648,1.,1.,2.25849925397455,        201P    216
5.5,-0.949568912610542,1.44956890143242,5.5,-0.949568912608294,      201P    217
-0.112924962698861,-0.032031927444648,0.,0.,0.;                      201P    218
126,2,2,0,0,0,0,-0.398004019463575,-0.398004019463575,               203P    219
-0.398004019463575,0.398004019464576,0.398004019464576,              203P    220
0.398004019464576,1.,0.921836430193888,1.,2.2584992539755,5.5,       203P    221
0.949568912608294,2.65773831425245,5.5,-1.33011657243998D-12,        203P    222
2.25849925397455,5.5,-0.949568912610555,-0.398004019463575,          203P    223
0.398004019464576,0.,0.,0.;                                          203P    224
126,1,1,0,0,1,0,0.0724784450716212,0.0724784450716212,               205P    225
0.153371480325929,0.153371480325929,1.,1.,1.44956890143242,5.5,      205P    226
0.949568912608293,2.2584992539755,5.5,0.949568912608295,             205P    227
0.0724784450716212,0.153371480325929,0.,0.,0.;                       205P    228
126,2,2,0,0,0,0,-3.14159265358979,-3.14159265358979,                 207P    229
-3.14159265358979,-1.5707963267949,-1.5707963267949,                 207P    230
-1.5707963267949,1.,0.707106781186548,1.,0.949568912608293,5.5,      207P    231
1.44956890143242,0.949568912608293,5.5,0.949568912608293,            207P    232
1.44956890143242,5.5,0.949568912608293,-3.14159265358979,            207P    233
-1.5707963267949,0.,0.,0.;                                           207P    234
126,1,1,0,0,1,0,-0.112924962698863,-0.112924962698863,               209P    235
-0.0320319274446527,-0.0320319274446527,1.,1.,0.949568912610621,     209P    236
5.5,2.25849925397453,0.949568912608293,5.5,1.44956890143242,         209P    237
-0.112924962698863,-0.0320319274446527,0.,0.,0.;                     209P    238
126,2,2,0,0,0,0,-1.96880034625847,-1.96880034625847,                 211P    239
-1.96880034625847,-1.17279230733029,-1.17279230733029,               211P    240
-1.17279230733029,1.,0.921836430193881,1.,-0.949568912608293,        211P    241
5.5,2.2584992539755,1.3702927681436D-12,5.5,2.65773831425246,        211P    242
0.949568912610622,5.5,2.25849925397452,-1.96880034625847,            211P    243
-1.17279230733029,0.,0.,0.;                                          211P    244
126,1,1,0,0,1,0,0.0724784450716212,0.0724784450716212,               213P    245
0.153371480325929,0.153371480325929,1.,1.,-0.949568912608293,        213P    246
5.5,1.44956890143242,-0.949568912608295,5.5,2.2584992539755,         213P    247
0.0724784450716212,0.153371480325929,0.,0.,0.;                       213P    248
126,2,2,0,0,0,0,-1.5707963267949,-1.5707963267949,                   215P    249
-1.5707963267949,0.,0.,0.,1.,0.707106781186548,1.,                   215P    250
-1.44956890143242,5.5,0.949568912608293,-0.949568912608293,5.5,      215P    251
0.949568912608293,-0.949568912608293,5.5,1.44956890143242,           215P    252
-1.5707963267949,0.,0.,0.,0.;                                        215P    253
126,1,1,0,0,1,0,-0.112924962698867,-0.112924962698867,               217P    254
-0.0320319274446612,-0.0320319274446612,1.,1.,-2.25849925397448,     217P    255
5.5,0.9495689126107,-1.44956890143242,5.5,0.949568912608293,         217P    256
-0.112924962698867,-0.0320319274446612,0.,0.,0.;                     217P    257
126,2,2,0,0,0,0,2.74358863412622,2.74358863412622,                   219P    258
2.74358863412622,3.53959667305444,3.53959667305444,                  219P    259
3.53959667305444,1.,0.921836430193874,1.,-2.2584992539755,5.5,       219P    260
-0.949568912608292,-2.65773831425249,5.5,1.42663658664333D-12,       219P    261
-2.25849925397448,5.5,0.949568912610717,2.74358863412622,            219P    262
3.53959667305444,0.,0.,0.;                                           219P    263
126,1,1,0,0,1,0,0.0724784450716213,0.0724784450716213,               221P    264
0.153371480325929,0.153371480325929,1.,1.,-1.44956890143242,5.5,     221P    265
-0.949568912608293,-2.2584992539755,5.5,-0.949568912608295,          221P    266
0.0724784450716213,0.153371480325929,0.,0.,0.;                       221P    267
126,2,2,0,0,0,0,0.,0.,0.,1.5707963267949,1.5707963267949,            223P    268
1.5707963267949,1.,0.707106781186548,1.,-0.949568912608294,5.5,      223P    269
-1.44956890143242,-0.949568912608294,5.5,-0.949568912608293,         223P    270
-1.44956890143242,5.5,-0.949568912608293,0.,1.5707963267949,0.,      223P    271
0.,0.;                                                               223P    272
126,1,1,0,0,1,0,-0.112924962698868,-0.112924962698868,               225P    273
-0.0320319274446605,-0.0320319274446605,1.,1.,                       225P    274
-0.949568912610621,5.5,-2.2584992539745,-0.949568912608294,5.5,      225P    275
-1.44956890143242,-0.112924962698868,-0.0320319274446605,0.,0.,      225P    276
0.;                                                                  225P    277
126,1,1,0,0,1,0,0.05,0.05,1.15,1.15,1.,1.,0.949568912608293,         227P    278
-5.5,1.44956890143242,0.949568912608293,5.5,1.44956890143242,        227P    279
0.05,1.15,0.,0.,0.;                                                  227P    280
126,1,1,0,0,1,0,0.0320319274446526,0.0320319274446526,               229P    281
0.112924962698863,0.112924962698863,1.,1.,0.949568912608293,         229P    282
-5.5,1.44956890143242,0.949568912610621,-5.5,2.25849925397452,       229P    283
0.0320319274446526,0.112924962698863,0.,0.,0.;                       229P    284
126,1,1,0,0,1,0,0.05,0.05,1.15,1.15,1.,1.,0.949568912610621,         231P    285
-5.5,2.25849925397452,0.949568912610621,5.5,2.25849925397452,        231P    286
0.05,1.15,0.,0.,0.;                                                  231P    287
126,1,1,0,0,1,0,0.05,0.05,1.15,1.15,1.,1.,1.44956890143242,-5.5,     233P    288
0.949568912608293,1.44956890143242,5.5,0.949568912608293,0.05,       233P    289
1.15,0.,0.,0.;                                                       233P    290
126,2,2,0,0,0,0,1.5707963267949,1.5707963267949,1.5707963267949,     235P    291
3.14159265358979,3.14159265358979,3.14159265358979,1.,               235P    292
0.707106781186548,1.,1.44956890143242,-5.5,0.949568912608293,        235P    293
0.949568912608293,-5.5,0.949568912608293,0.949568912608293,-5.5,     235P    294
1.44956890143242,1.5707963267949,3.14159265358979,0.,0.,0.;          235P    295
126,1,1,0,0,1,0,0.05,0.05,1.15,1.15,1.,1.,2.2584992539755,-5.5,      237P    296
0.949568912608295,2.2584992539755,5.5,0.949568912608295,0.05,        237P    297
1.15,0.,0.,0.;                                                       237P    298
126,1,1,0,0,1,0,-0.153371480325929,-0.153371480325929,               239P    299
-0.0724784450716212,-0.0724784450716212,1.,1.,2.2584992539755,       239P    300
-5.5,0.949568912608295,1.44956890143242,-5.5,0.949568912608293,      239P    301
-0.153371480325929,-0.0724784450716212,0.,0.,0.;                     239P    302
126,1,1,0,0,1,0,0.05,0.05,1.15,1.15,1.,1.,2.25849925397452,-5.5,     241P    303
-0.949568912610542,2.25849925397452,5.5,-0.949568912610542,0.05,     241P    304
1.15,0.,0.,0.;                                                       241P    305
126,2,2,0,0,0,0,-0.398004019464576,-0.398004019464576,               243P    306
-0.398004019464576,0.398004019463576,0.398004019463576,              243P    307
0.398004019463576,1.,0.921836430193888,1.,2.25849925397455,-5.5,     243P    308
-0.949568912610554,2.65773831425245,-5.5,-1.32949207198862D-12,      243P    309
2.2584992539755,-5.5,0.949568912608295,-0.398004019464576,           243P    310
0.398004019463576,0.,0.,0.;                                          243P    311
126,1,1,0,0,1,0,0.05,0.05,1.15,1.15,1.,1.,1.44956890143242,-5.5,     245P    312
-0.949568912608294,1.44956890143242,5.5,-0.949568912608294,0.05,     245P    313
1.15,0.,0.,0.;                                                       245P    314
126,1,1,0,0,1,0,0.032031927444648,0.032031927444648,                 247P    315
0.112924962698858,0.112924962698858,1.,1.,1.44956890143242,-5.5,     247P    316
-0.949568912608294,2.25849925397452,-5.5,-0.949568912610542,         247P    317
0.032031927444648,0.112924962698858,0.,0.,0.;                        247P    318
126,1,1,0,0,1,0,0.05,0.05,1.15,1.15,1.,1.,0.949568912608293,         249P    319
-5.5,-1.44956890143242,0.949568912608293,5.5,-1.44956890143242,      249P    320
0.05,1.15,0.,0.,0.;                                                  249P    321
126,2,2,0,0,0,0,-3.14159265358979,-3.14159265358979,                 251P    322
-3.14159265358979,-1.5707963267949,-1.5707963267949,                 251P    323
-1.5707963267949,1.,0.707106781186548,1.,0.949568912608293,-5.5,     251P    324
-1.44956890143242,0.949568912608293,-5.5,-0.949568912608293,         251P    325
1.44956890143242,-5.5,-0.949568912608294,-3.14159265358979,          251P    326
-1.5707963267949,0.,0.,0.;                                           251P    327
126,1,1,0,0,1,0,0.05,0.05,1.15,1.15,1.,1.,0.949568912608295,         253P    328
-5.5,-2.2584992539755,0.949568912608295,5.5,-2.2584992539755,        253P    329
0.05,1.15,0.,0.,0.;                                                  253P    330
126,1,1,0,0,1,0,-0.153371480325929,-0.153371480325929,               255P    331
-0.0724784450716212,-0.0724784450716212,1.,1.,0.949568912608295,     255P    332
-5.5,-2.2584992539755,0.949568912608293,-5.5,-1.44956890143242,      255P    333
-0.153371480325929,-0.0724784450716212,0.,0.,0.;                     255P    334
126,1,1,0,0,1,0,0.05,0.05,1.15,1.15,1.,1.,-0.949568912610621,        257P    335
-5.5,-2.25849925397437,-0.949568912610621,5.5,-2.25849925397437,     257P    336
0.05,1.15,0.,0.,0.;                                                  257P    337
126,2,2,0,0,0,0,-1.96880034625953,-1.96880034625953,                 259P    338
-1.96880034625953,-1.17279230733132,-1.17279230733132,               259P    339
-1.17279230733132,1.,0.921836430193878,1.,-0.949568912610678,        259P    340
-5.5,-2.2584992539745,-1.40276679161389D-12,-5.5,                    259P    341
-2.65773831425248,0.949568912608294,-5.5,-2.2584992539755,           259P    342
-1.96880034625953,-1.17279230733132,0.,0.,0.;                        259P    343
126,8,2,0,1,0,0,-3.14159265358979,-3.14159265358979,                 261P    344
-3.14159265358979,-1.5707963267949,-1.5707963267949,0.,0.,           261P    345
1.5707963267949,1.5707963267949,3.14159265358979,                    261P    346
3.14159265358979,3.14159265358979,1.,0.707106781186548,1.,           261P    347
0.707106781186548,1.,0.707106781186548,1.,0.707106781186548,1.,      261P    348
-3.50000005215406,-6.,4.28626386088604D-16,-3.50000005215406,        261P    349
-6.,3.50000005215406,2.14313193044302D-16,-6.,3.50000005215406,      261P    350
3.50000005215406,-6.,3.50000005215406,3.50000005215406,-6.,0.,       261P    351
3.50000005215406,-6.,-3.50000005215406,2.14313193044302D-16,-6.,     261P    352
-3.50000005215406,-3.50000005215406,-6.,-3.50000005215406,           261P    353
-3.50000005215406,-6.,-4.28626386088604D-16,-3.14159265358979,       261P    354
3.14159265358979,0.,0.,0.;                                           261P    355
126,1,1,0,0,1,0,0.,0.,0.142857140728406,0.142857140728406,1.,1.,     263P    356
-3.50000005215406,-6.,0.,-3.50000005215406,-5.5,0.,0.,               263P    357
0.142857140728406,0.,0.,0.;                                          263P    358
126,8,2,0,1,0,0,-3.14159265358979,-3.14159265358979,                 265P    359
-3.14159265358979,-1.5707963267949,-1.5707963267949,0.,0.,           265P    360
1.5707963267949,1.5707963267949,3.14159265358979,                    265P    361
3.14159265358979,3.14159265358979,1.,0.707106781186548,1.,           265P    362
0.707106781186548,1.,0.707106781186548,1.,0.707106781186548,1.,      265P    363
-3.50000005215406,-5.5,4.28626386088604D-16,-3.50000005215406,       265P    364
-5.5,3.50000005215406,2.14313193044302D-16,-5.5,                     265P    365
3.50000005215406,3.50000005215406,-5.5,3.50000005215406,             265P    366
3.50000005215406,-5.5,0.,3.50000005215406,-5.5,                      265P    367
-3.50000005215406,2.14313193044302D-16,-5.5,-3.50000005215406,       265P    368
-3.50000005215406,-5.5,-3.50000005215406,-3.50000005215406,-5.5,     265P    369
-4.28626386088604D-16,-3.14159265358979,3.14159265358979,0.,0.,      265P    370
0.;                                                                  265P    371
126,2,2,0,0,0,0,2.74358863412515,2.74358863412515,                   267P    372
2.74358863412515,3.53959667305337,3.53959667305337,                  267P    373
3.53959667305337,1.,0.921836430193874,1.,-2.25849925397448,-5.5,     267P    374
0.949568912610717,-2.65773831425249,-5.5,1.42559575255774D-12,       267P    375
-2.2584992539755,-5.5,-0.949568912608294,2.74358863412515,           267P    376
3.53959667305337,0.,0.,0.;                                           267P    377
126,1,1,0,0,1,0,0.0320319274446612,0.0320319274446612,               269P    378
0.112924962698864,0.112924962698864,1.,1.,-1.44956890143242,         269P    379
-5.5,0.949568912608293,-2.25849925397445,-5.5,0.9495689126107,       269P    380
0.0320319274446612,0.112924962698864,0.,0.,0.;                       269P    381
126,2,2,0,0,0,0,0.,0.,0.,1.5707963267949,1.5707963267949,            271P    382
1.5707963267949,1.,0.707106781186548,1.,-0.949568912608293,-5.5,     271P    383
1.44956890143242,-0.949568912608293,-5.5,0.949568912608293,          271P    384
-1.44956890143242,-5.5,0.949568912608293,0.,1.5707963267949,0.,      271P    385
0.,0.;                                                               271P    386
126,1,1,0,0,1,0,-0.153371480325929,-0.153371480325929,               273P    387
-0.0724784450716212,-0.0724784450716212,1.,1.,                       273P    388
-0.949568912608295,-5.5,2.2584992539755,-0.949568912608293,-5.5,     273P    389
1.44956890143242,-0.153371480325929,-0.0724784450716212,0.,0.,       273P    390
0.;                                                                  273P    391
126,2,2,0,0,0,0,1.17279230733029,1.17279230733029,                   275P    392
1.17279230733029,1.96880034625847,1.96880034625847,                  275P    393
1.96880034625847,1.,0.921836430193882,1.,0.949568912610621,-5.5,     275P    394
2.25849925397452,1.3690437672409D-12,-5.5,2.65773831425246,          275P    395
-0.949568912608295,-5.5,2.2584992539755,1.17279230733029,            275P    396
1.96880034625847,0.,0.,0.;                                           275P    397
126,1,1,0,0,1,0,0.0320319274446605,0.0320319274446605,               277P    398
0.112924962698855,0.112924962698855,1.,1.,-0.949568912608294,        277P    399
-5.5,-1.44956890143242,-0.949568912610621,-5.5,                      277P    400
-2.25849925397437,0.0320319274446605,0.112924962698855,0.,0.,0.;     277P    401
126,2,2,0,0,0,0,-1.5707963267949,-1.5707963267949,                   279P    402
-1.5707963267949,0.,0.,0.,1.,0.707106781186548,1.,                   279P    403
-1.44956890143242,-5.5,-0.949568912608293,-0.949568912608294,        279P    404
-5.5,-0.949568912608293,-0.949568912608294,-5.5,                     279P    405
-1.44956890143242,-1.5707963267949,0.,0.,0.,0.;                      279P    406
126,1,1,0,0,1,0,-0.153371480325929,-0.153371480325929,               281P    407
-0.0724784450716213,-0.0724784450716213,1.,1.,-2.2584992539755,      281P    408
-5.5,-0.949568912608295,-1.44956890143242,-5.5,                      281P    409
-0.949568912608293,-0.153371480325929,-0.0724784450716213,0.,0.,     281P    410
0.;                                                                  281P    411
126,1,1,0,0,1,0,0.05,0.05,1.15,1.15,1.,1.,-0.949568912608295,        283P    412
-5.5,2.2584992539755,-0.949568912608295,5.5,2.2584992539755,         283P    413
0.05,1.15,0.,0.,0.;                                                  283P    414
126,1,1,0,0,1,0,0.05,0.05,1.15,1.15,1.,1.,-0.949568912608293,        285P    415
-5.5,1.44956890143242,-0.949568912608293,5.5,1.44956890143242,       285P    416
0.05,1.15,0.,0.,0.;                                                  285P    417
126,1,1,0,0,1,0,0.05,0.05,1.15,1.15,1.,1.,-1.44956890143242,         287P    418
-5.5,0.949568912608293,-1.44956890143242,5.5,0.949568912608293,      287P    419
0.05,1.15,0.,0.,0.;                                                  287P    420
126,1,1,0,0,1,0,0.05,0.05,1.15,1.15,1.,1.,-2.25849925397445,         289P    421
-5.5,0.9495689126107,-2.25849925397445,5.5,0.9495689126107,0.05,     289P    422
1.15,0.,0.,0.;                                                       289P    423
126,1,1,0,0,1,0,0.05,0.05,1.15,1.15,1.,1.,-2.2584992539755,-5.5,     291P    424
-0.949568912608295,-2.2584992539755,5.5,-0.949568912608295,0.05,     291P    425
1.15,0.,0.,0.;                                                       291P    426
126,1,1,0,0,1,0,0.05,0.05,1.15,1.15,1.,1.,-1.44956890143242,         293P    427
-5.5,-0.949568912608293,-1.44956890143242,5.5,                       293P    428
-0.949568912608293,0.05,1.15,0.,0.,0.;                               293P    429
126,1,1,0,0,1,0,0.05,0.05,1.15,1.15,1.,1.,-0.949568912608294,        295P    430
-5.5,-1.44956890143242,-0.949568912608294,5.5,-1.44956890143242,     295P    431
0.05,1.15,0.,0.,0.;                                                  295P    432
126,8,2,0,1,0,0,-3.14159265358979,-3.14159265358979,                 297P    433
-3.14159265358979,-1.5707963267949,-1.5707963267949,0.,0.,           297P    434
1.5707963267949,1.5707963267949,3.14159265358979,                    297P    435
3.14159265358979,3.14159265358979,1.,0.707106781186548,1.,           297P    436
0.707106781186548,1.,0.707106781186548,1.,0.707106781186548,1.,      297P    437
-4.5,-0.5,-5.51091059616309D-16,-4.5,-0.5,-4.5,                      297P    438
2.75545529808154D-16,-0.5,-4.5,4.5,-0.5,-4.5,4.5,-0.5,0.,4.5,        297P    439
-0.5,4.5,2.75545529808154D-16,-0.5,4.5,-4.5,-0.5,4.5,-4.5,-0.5,      297P    440
5.51091059616309D-16,-3.14159265358979,3.14159265358979,0.,0.,       297P    441
0.;                                                                  297P    442
126,1,1,0,0,1,0,-0.111803398874989,-0.111803398874989,               299P    443
0.11180339887499,0.11180339887499,1.,1.,-4.5,-0.5,0.,-5.5,-1.,       299P    444
0.,-0.111803398874989,0.11180339887499,0.,0.,0.;                     299P    445
126,8,2,0,1,0,0,-3.14159265358979,-3.14159265358979,                 301P    446
-3.14159265358979,-1.5707963267949,-1.5707963267949,0.,0.,           301P    447
1.5707963267949,1.5707963267949,3.14159265358979,                    301P    448
3.14159265358979,3.14159265358979,1.,0.707106781186548,1.,           301P    449
0.707106781186548,1.,0.707106781186548,1.,0.707106781186548,1.,      301P    450
-5.5,-1.,-6.73555739531044D-16,-5.5,-1.,-5.5,                        301P    451
3.36777869765522D-16,-1.,-5.5,5.5,-1.,-5.5,5.5,-1.,0.,5.5,-1.,       301P    452
5.5,3.36777869765522D-16,-1.,5.5,-5.5,-1.,5.5,-5.5,-1.,              301P    453
6.73555739531044D-16,-3.14159265358979,3.14159265358979,0.,0.,       301P    454
0.;                                                                  301P    455
126,1,1,0,0,1,0,-0.111111111111111,-0.111111111111111,               303P    456
0.111111111111111,0.111111111111111,1.,1.,-4.5,-0.5,0.,-4.5,0.5,     303P    457
0.,-0.111111111111111,0.111111111111111,0.,0.,0.;                    303P    458
126,8,2,0,1,0,0,-3.14159265358979,-3.14159265358979,                 305P    459
-3.14159265358979,-1.5707963267949,-1.5707963267949,0.,0.,           305P    460
1.5707963267949,1.5707963267949,3.14159265358979,                    305P    461
3.14159265358979,3.14159265358979,1.,0.707106781186548,1.,           305P    462
0.707106781186548,1.,0.707106781186548,1.,0.707106781186548,1.,      305P    463
-4.5,0.5,5.51091059616309D-16,-4.5,0.5,4.5,2.75545529808154D-16,     305P    464
0.5,4.5,4.5,0.5,4.5,4.5,0.5,0.,4.5,0.5,-4.5,                         305P    465
2.75545529808154D-16,0.5,-4.5,-4.5,0.5,-4.5,-4.5,0.5,                305P    466
-5.51091059616309D-16,-3.14159265358979,3.14159265358979,0.,0.,      305P    467
0.;                                                                  305P    468
126,1,1,0,0,1,0,-0.111803398874989,-0.111803398874989,               307P    469
0.11180339887499,0.11180339887499,1.,1.,-4.5,0.5,0.,-5.5,1.,0.,      307P    470
-0.111803398874989,0.11180339887499,0.,0.,0.;                        307P    471
126,8,2,0,1,0,0,-3.14159265358979,-3.14159265358979,                 309P    472
-3.14159265358979,-1.5707963267949,-1.5707963267949,0.,0.,           309P    473
1.5707963267949,1.5707963267949,3.14159265358979,                    309P    474
3.14159265358979,3.14159265358979,1.,0.707106781186548,1.,           309P    475
0.707106781186548,1.,0.707106781186548,1.,0.707106781186548,1.,      309P    476
-5.5,1.,6.73555739531044D-16,-5.5,1.,5.5,3.36777869765522D-16,       309P    477
1.,5.5,5.5,1.,5.5,5.5,1.,0.,5.5,1.,-5.5,3.36777869765522D-16,1.,     309P    478
-5.5,-5.5,1.,-5.5,-5.5,1.,-6.73555739531044D-16,                     309P    479
-3.14159265358979,3.14159265358979,0.,0.,0.;                         309P    480
126,8,2,0,1,0,0,-3.14159265358979,-3.14159265358979,                 311P    481
-3.14159265358979,-1.5707963267949,-1.5707963267949,0.,0.,           311P    482
1.5707963267949,1.5707963267949,3.14159265358979,                    311P    483
3.14159265358979,3.14159265358979,1.,0.707106781186548,1.,           311P    484
0.707106781186548,1.,0.707106781186548,1.,0.707106781186548,1.,      311P    485
-5.5,6.,6.73555739531044D-16,-5.5,6.,5.5,3.36777869765522D-16,       311P    486
6.,5.5,5.5,6.,5.5,5.5,6.,0.,5.5,6.,-5.5,3.36777869765522D-16,6.,     311P    487
-5.5,-5.5,6.,-5.5,-5.5,6.,-6.73555739531044D-16,                     311P    488
-3.14159265358979,3.14159265358979,0.,0.,0.;                         311P    489
126,1,1,0,0,1,0,-1.09090909090909,-1.09090909090909,                 313P    490
-0.181818181818182,-0.181818181818182,1.,1.,-5.5,6.,0.,-5.5,1.,      313P    491
0.,-1.09090909090909,-0.181818181818182,0.,0.,0.;                    313P    492
126,8,2,0,1,0,0,-3.14159265358979,-3.14159265358979,                 315P    493
-3.14159265358979,-1.5707963267949,-1.5707963267949,0.,0.,           315P    494
1.5707963267949,1.5707963267949,3.14159265358979,                    315P    495
3.14159265358979,3.14159265358979,1.,0.707106781186548,1.,           315P    496
0.707106781186548,1.,0.707106781186548,1.,0.707106781186548,1.,      315P    497
-5.5,-6.,-6.73555739531044D-16,-5.5,-6.,-5.5,                        315P    498
3.36777869765522D-16,-6.,-5.5,5.5,-6.,-5.5,5.5,-6.,0.,5.5,-6.,       315P    499
5.5,3.36777869765522D-16,-6.,5.5,-5.5,-6.,5.5,-5.5,-6.,              315P    500
6.73555739531044D-16,-3.14159265358979,3.14159265358979,0.,0.,       315P    501
0.;                                                                  315P    502
126,1,1,0,0,1,0,0.181818181818182,0.181818181818182,                 317P    503
1.09090909090909,1.09090909090909,1.,1.,-5.5,-1.,0.,-5.5,-6.,0.,     317P    504
0.181818181818182,1.09090909090909,0.,0.,0.;                         317P    505
128,2,8,2,2,0,1,0,0,1,0.,0.,0.,1.5707963267949,1.5707963267949,      319P    506
1.5707963267949,-3.14159265358979,-3.14159265358979,                 319P    507
-3.14159265358979,-1.5707963267949,-1.5707963267949,0.,0.,           319P    508
1.5707963267949,1.5707963267949,3.14159265358979,                    319P    509
3.14159265358979,3.14159265358979,1.,0.707106781186545,1.,           319P    510
0.707106781186548,0.499999999999998,0.707106781186548,1.,            319P    511
0.707106781186545,1.,0.707106781186548,0.499999999999998,            319P    512
0.707106781186548,1.,0.707106781186545,1.,0.707106781186548,         319P    513
0.499999999999998,0.707106781186548,1.,0.707106781186545,1.,         319P    514
0.707106781186548,0.499999999999998,0.707106781186548,1.,            319P    515
0.707106781186545,1.,0.,6.,-9.,0.,6.,-10.5,0.,4.5,-10.5,-9.,6.,      319P    516
-9.,-10.5,6.,-10.5,-10.5,4.5,-10.5,-9.,6.,0.,-10.5,6.,0.,-10.5,      319P    517
4.5,0.,-9.,6.,9.,-10.5,6.,10.5,-10.5,4.5,10.5,0.,6.,9.,0.,6.,        319P    518
10.5,0.,4.5,10.5,9.,6.,9.,10.5,6.,10.5,10.5,4.5,10.5,9.,6.,0.,       319P    519
10.5,6.,0.,10.5,4.5,0.,9.,6.,-9.,10.5,6.,-10.5,10.5,4.5,-10.5,       319P    520
0.,6.,-9.,0.,6.,-10.5,0.,4.5,-10.5,0.,1.5707963267949,               319P    521
-3.14159265358979,3.14159265358979;                                  319P    522
128,1,8,1,2,0,1,0,0,1,0.142857142857143,0.142857142857143,1.,1.,     321P    523
-3.14159265358979,-3.14159265358979,-3.14159265358979,               321P    524
-1.5707963267949,-1.5707963267949,0.,0.,1.5707963267949,             321P    525
1.5707963267949,3.14159265358979,3.14159265358979,                   321P    526
3.14159265358979,1.,1.,0.707106781186548,0.707106781186548,1.,       321P    527
1.,0.707106781186548,0.707106781186548,1.,1.,0.707106781186548,      321P    528
0.707106781186548,1.,1.,0.707106781186548,0.707106781186548,1.,      321P    529
1.,-10.5,4.5,0.,-10.5,-4.5,0.,-10.5,4.5,10.5,-10.5,-4.5,10.5,0.,     321P    530
4.5,10.5,0.,-4.5,10.5,10.5,4.5,10.5,10.5,-4.5,10.5,10.5,4.5,0.,      321P    531
10.5,-4.5,0.,10.5,4.5,-10.5,10.5,-4.5,-10.5,0.,4.5,-10.5,0.,         321P    532
-4.5,-10.5,-10.5,4.5,-10.5,-10.5,-4.5,-10.5,-10.5,4.5,0.,-10.5,      321P    533
-4.5,0.,0.142857142857143,1.,-3.14159265358979,3.14159265358979;     321P    534
128,1,1,1,1,0,0,1,0,0,-0.901,-0.901,0.901,0.901,-0.901,-0.901,       323P    535
0.901,0.901,1.,1.,1.,1.,9.01,6.,-9.01,-9.01,6.,-9.01,9.01,6.,        323P    536
9.01,-9.01,6.,9.01,-0.901,0.901,-0.901,0.901;                        323P    537
128,2,8,2,2,0,1,0,0,1,0.,0.,0.,1.5707963267949,1.5707963267949,      325P    538
1.5707963267949,-3.14159265358979,-3.14159265358979,                 325P    539
-3.14159265358979,-1.5707963267949,-1.5707963267949,0.,0.,           325P    540
1.5707963267949,1.5707963267949,3.14159265358979,                    325P    541
3.14159265358979,3.14159265358979,1.,0.707106781186545,1.,           325P    542
0.707106781186548,0.499999999999998,0.707106781186548,1.,            325P    543
0.707106781186545,1.,0.707106781186548,0.499999999999998,            325P    544
0.707106781186548,1.,0.707106781186545,1.,0.707106781186548,         325P    545
0.499999999999998,0.707106781186548,1.,0.707106781186545,1.,         325P    546
0.707106781186548,0.499999999999998,0.707106781186548,1.,            325P    547
0.707106781186545,1.,0.,-6.,9.,0.,-6.,10.5,0.,-4.5,10.5,-9.,-6.,     325P    548
9.,-10.5,-6.,10.5,-10.5,-4.5,10.5,-9.,-6.,0.,-10.5,-6.,0.,-10.5,     325P    549
-4.5,0.,-9.,-6.,-9.,-10.5,-6.,-10.5,-10.5,-4.5,-10.5,0.,-6.,-9.,     325P    550
0.,-6.,-10.5,0.,-4.5,-10.5,9.,-6.,-9.,10.5,-6.,-10.5,10.5,-4.5,      325P    551
-10.5,9.,-6.,0.,10.5,-6.,0.,10.5,-4.5,0.,9.,-6.,9.,10.5,-6.,         325P    552
10.5,10.5,-4.5,10.5,0.,-6.,9.,0.,-6.,10.5,0.,-4.5,10.5,0.,           325P    553
1.5707963267949,-3.14159265358979,3.14159265358979;                  325P    554
128,1,1,1,1,0,0,1,0,0,-0.901,-0.901,0.901,0.901,-0.901,-0.901,       327P    555
0.901,0.901,1.,1.,1.,1.,-9.01,-6.,-9.01,9.01,-6.,-9.01,-9.01,        327P    556
-6.,9.01,9.01,-6.,9.01,-0.901,0.901,-0.901,0.901;                    327P    557
128,1,8,1,2,0,1,0,0,1,0.,0.,2.18181818181818,2.18181818181818,       329P    558
-3.14159265358979,-3.14159265358979,-3.14159265358979,               329P    559
-1.5707963267949,-1.5707963267949,0.,0.,1.5707963267949,             329P    560
1.5707963267949,3.14159265358979,3.14159265358979,                   329P    561
3.14159265358979,1.,1.,0.707106781186548,0.707106781186548,1.,       329P    562
1.,0.707106781186548,0.707106781186548,1.,1.,0.707106781186548,      329P    563
0.707106781186548,1.,1.,0.707106781186548,0.707106781186548,1.,      329P    564
1.,-5.5,-6.,0.,-5.5,6.,0.,-5.5,-6.,5.5,-5.5,6.,5.5,0.,-6.,5.5,       329P    565
0.,6.,5.5,5.5,-6.,5.5,5.5,6.,5.5,5.5,-6.,0.,5.5,6.,0.,5.5,-6.,       329P    566
-5.5,5.5,6.,-5.5,0.,-6.,-5.5,0.,6.,-5.5,-5.5,-6.,-5.5,-5.5,6.,       329P    567
-5.5,-5.5,-6.,0.,-5.5,6.,0.,0.,2.18181818181818,                     329P    568
-3.14159265358979,3.14159265358979;                                  329P    569
128,1,8,1,2,0,1,0,0,1,0.,0.,0.142857140728406,0.142857140728406,     331P    570
-3.14159265358979,-3.14159265358979,-3.14159265358979,               331P    571
-1.5707963267949,-1.5707963267949,0.,0.,1.5707963267949,             331P    572
1.5707963267949,3.14159265358979,3.14159265358979,                   331P    573
3.14159265358979,1.,1.,0.707106781186548,0.707106781186548,1.,       331P    574
1.,0.707106781186548,0.707106781186548,1.,1.,0.707106781186548,      331P    575
0.707106781186548,1.,1.,0.707106781186548,0.707106781186548,1.,      331P    576
1.,3.50000005215406,6.,0.,3.50000005215406,5.5,0.,                   331P    577
3.50000005215406,6.,3.50000005215406,3.50000005215406,5.5,           331P    578
3.50000005215406,0.,6.,3.50000005215406,0.,5.5,3.50000005215406,     331P    579
-3.50000005215406,6.,3.50000005215406,-3.50000005215406,5.5,         331P    580
3.50000005215406,-3.50000005215406,6.,0.,-3.50000005215406,5.5,      331P    581
0.,-3.50000005215406,6.,-3.50000005215406,-3.50000005215406,5.5,     331P    582
-3.50000005215406,0.,6.,-3.50000005215406,0.,5.5,                    331P    583
-3.50000005215406,3.50000005215406,6.,-3.50000005215406,             331P    584
3.50000005215406,5.5,-3.50000005215406,3.50000005215406,6.,0.,       331P    585
3.50000005215406,5.5,0.,0.,0.142857140728406,-3.14159265358979,      331P    586
3.14159265358979;                                                    331P    587
128,1,1,1,1,0,0,1,0,0,-0.351000005215406,-0.351000005215406,         333P    588
0.351000005215406,0.351000005215406,-0.351000005215406,              333P    589
-0.351000005215406,0.351000005215406,0.351000005215406,1.,1.,1.,     333P    590
1.,3.51000005215406,5.5,-3.51000005215406,-3.51000005215406,5.5,     333P    591
-3.51000005215406,3.51000005215406,5.5,3.51000005215406,             333P    592
-3.51000005215406,5.5,3.51000005215406,-0.351000005215406,           333P    593
0.351000005215406,-0.351000005215406,0.351000005215406;              333P    594
128,1,1,1,1,0,0,1,0,0,-0.00100000000000014,-0.00100000000000014,     335P    595
0.0818930352542102,0.0818930352542102,0.049,0.049,1.151,1.151,       335P    596
1.,1.,1.,1.,0.949568912608265,-5.51,1.43956890143242,                335P    597
0.94956891261065,-5.51,2.26849925397453,0.949568912608265,5.51,      335P    598
1.43956890143242,0.94956891261065,5.51,2.26849925397453,             335P    599
-0.00100000000000014,0.0818930352542102,0.049,1.151;                 335P    600
128,1,2,1,2,0,0,0,0,0,1.00000002235174,1.00000002235174,             337P    601
23.0000005140901,23.0000005140901,1.5707963267949,                   337P    602
1.5707963267949,1.5707963267949,3.14159265358979,                    337P    603
3.14159265358979,3.14159265358979,1.,1.,0.707106781186547,           337P    604
0.707106781186547,1.,1.,1.44956890143242,5.5,0.949568912608293,      337P    605
1.44956890143242,-5.5,0.949568912608293,0.949568912608293,5.5,       337P    606
0.949568912608293,0.949568912608293,-5.5,0.949568912608293,          337P    607
0.949568912608293,5.5,1.44956890143242,0.949568912608293,-5.5,       337P    608
1.44956890143242,1.00000002235174,23.0000005140901,                  337P    609
1.5707963267949,3.14159265358979;                                    337P    610
128,1,1,1,1,0,0,1,0,0,-0.001,-0.001,0.0818930352543081,              339P    611
0.0818930352543081,0.049,0.049,1.151,1.151,1.,1.,1.,1.,              339P    612
2.2684992539755,-5.51,0.949568912608295,1.43956890143242,-5.51,      339P    613
0.949568912608293,2.2684992539755,5.51,0.949568912608295,            339P    614
1.43956890143242,5.51,0.949568912608293,-0.001,                      339P    615
0.0818930352543081,0.049,1.151;                                      339P    616
128,1,2,1,2,0,0,0,0,0,0.204081632653061,0.204081632653061,           341P    617
4.69387755102041,4.69387755102041,-0.398004019463576,                341P    618
-0.398004019463576,-0.398004019463576,0.398004019464576,             341P    619
0.398004019464576,0.398004019464576,1.,1.,0.921836430193889,         341P    620
0.921836430193889,1.,1.,2.2584992539755,-5.5,0.949568912608295,      341P    621
2.2584992539755,5.5,0.949568912608295,2.65773831425245,-5.5,0.,      341P    622
2.65773831425245,5.5,0.,2.25849925397455,-5.5,                       341P    623
-0.949568912610555,2.25849925397455,5.5,-0.949568912610555,          341P    624
0.204081632653061,4.69387755102041,-0.398004019463576,               341P    625
0.398004019464576;                                                   341P    626
128,1,1,1,1,0,0,1,0,0,-0.00100000000000286,-0.00100000000000286,     343P    627
0.0818930352542102,0.0818930352542102,0.049,0.049,1.151,1.151,       343P    628
1.,1.,1.,1.,1.43956890143242,-5.51,-0.949568912608266,               343P    629
2.26849925397455,-5.51,-0.94956891261057,1.43956890143242,5.51,      343P    630
-0.949568912608266,2.26849925397455,5.51,-0.94956891261057,          343P    631
-0.00100000000000286,0.0818930352542102,0.049,1.151;                 343P    632
128,1,2,1,2,0,0,0,0,0,1.00000002235174,1.00000002235174,             345P    633
23.0000005140901,23.0000005140901,-3.14159265358979,                 345P    634
-3.14159265358979,-3.14159265358979,-1.5707963267949,                345P    635
-1.5707963267949,-1.5707963267949,1.,1.,0.707106781186547,           345P    636
0.707106781186547,1.,1.,0.949568912608293,5.5,-1.44956890143242,     345P    637
0.949568912608293,-5.5,-1.44956890143242,0.949568912608293,5.5,      345P    638
-0.949568912608294,0.949568912608293,-5.5,-0.949568912608294,        345P    639
1.44956890143242,5.5,-0.949568912608294,1.44956890143242,-5.5,       345P    640
-0.949568912608294,1.00000002235174,23.0000005140901,                345P    641
-3.14159265358979,-1.5707963267949;                                  345P    642
128,1,1,1,1,0,0,1,0,0,-0.001,-0.001,0.0818930352543081,              347P    643
0.0818930352543081,0.049,0.049,1.151,1.151,1.,1.,1.,1.,              347P    644
0.949568912608295,-5.51,-2.2684992539755,0.949568912608293,          347P    645
-5.51,-1.43956890143242,0.949568912608295,5.51,-2.2684992539755,     347P    646
0.949568912608293,5.51,-1.43956890143242,-0.001,                     347P    647
0.0818930352543081,0.049,1.151;                                      347P    648
128,1,2,1,2,0,0,0,0,0,0.204081632653061,0.204081632653061,           349P    649
4.69387755102041,4.69387755102041,1.17279230733132,                  349P    650
1.17279230733132,1.17279230733132,1.96880034625953,                  349P    651
1.96880034625953,1.96880034625953,1.,1.,0.921836430193878,           349P    652
0.921836430193878,1.,1.,0.949568912608295,-5.5,-2.2584992539755,     349P    653
0.949568912608295,5.5,-2.2584992539755,0.,-5.5,                      349P    654
-2.65773831425248,0.,5.5,-2.65773831425248,-0.949568912610678,       349P    655
-5.5,-2.2584992539745,-0.949568912610678,5.5,-2.2584992539745,       349P    656
0.204081632653061,4.69387755102041,1.17279230733132,                 349P    657
1.96880034625953;                                                    349P    658
128,1,8,1,2,0,1,0,0,1,0.,0.,0.142857140728406,0.142857140728406,     351P    659
-3.14159265358979,-3.14159265358979,-3.14159265358979,               351P    660
-1.5707963267949,-1.5707963267949,0.,0.,1.5707963267949,             351P    661
1.5707963267949,3.14159265358979,3.14159265358979,                   351P    662
3.14159265358979,1.,1.,0.707106781186548,0.707106781186548,1.,       351P    663
1.,0.707106781186548,0.707106781186548,1.,1.,0.707106781186548,      351P    664
0.707106781186548,1.,1.,0.707106781186548,0.707106781186548,1.,      351P    665
1.,-3.50000005215406,-6.,0.,-3.50000005215406,-5.5,0.,               351P    666
-3.50000005215406,-6.,3.50000005215406,-3.50000005215406,-5.5,       351P    667
3.50000005215406,0.,-6.,3.50000005215406,0.,-5.5,                    351P    668
3.50000005215406,3.50000005215406,-6.,3.50000005215406,              351P    669
3.50000005215406,-5.5,3.50000005215406,3.50000005215406,-6.,0.,      351P    670
3.50000005215406,-5.5,0.,3.50000005215406,-6.,-3.50000005215406,     351P    671
3.50000005215406,-5.5,-3.50000005215406,0.,-6.,                      351P    672
-3.50000005215406,0.,-5.5,-3.50000005215406,-3.50000005215406,       351P    673
-6.,-3.50000005215406,-3.50000005215406,-5.5,-3.50000005215406,      351P    674
-3.50000005215406,-6.,0.,-3.50000005215406,-5.5,0.,0.,               351P    675
0.142857140728406,-3.14159265358979,3.14159265358979;                351P    676
128,1,1,1,1,0,0,1,0,0,-0.351000005215406,-0.351000005215406,         353P    677
0.351000005215406,0.351000005215406,-0.351000005215406,              353P    678
-0.351000005215406,0.351000005215406,0.351000005215406,1.,1.,1.,     353P    679
1.,-3.51000005215406,-5.5,-3.51000005215406,3.51000005215406,        353P    680
-5.5,-3.51000005215406,-3.51000005215406,-5.5,3.51000005215406,      353P    681
3.51000005215406,-5.5,3.51000005215406,-0.351000005215406,           353P    682
0.351000005215406,-0.351000005215406,0.351000005215406;              353P    683
128,1,2,1,2,0,0,0,0,0,0.204081632653061,0.204081632653061,           355P    684
4.69387755102041,4.69387755102041,-1.96880034625847,                 355P    685
-1.96880034625847,-1.96880034625847,-1.17279230733029,               355P    686
-1.17279230733029,-1.17279230733029,1.,1.,0.921836430193883,         355P    687
0.921836430193883,1.,1.,-0.949568912608295,-5.5,2.2584992539755,     355P    688
-0.949568912608295,5.5,2.2584992539755,0.,-5.5,2.65773831425246,     355P    689
0.,5.5,2.65773831425246,0.949568912610622,-5.5,2.25849925397452,     355P    690
0.949568912610622,5.5,2.25849925397452,0.204081632653061,            355P    691
4.69387755102041,-1.96880034625847,-1.17279230733029;                355P    692
128,1,1,1,1,0,0,1,0,0,-0.001,-0.001,0.0818930352543081,              357P    693
0.0818930352543081,0.049,0.049,1.151,1.151,1.,1.,1.,1.,              357P    694
-0.949568912608295,-5.51,2.2684992539755,-0.949568912608293,         357P    695
-5.51,1.43956890143242,-0.949568912608295,5.51,2.2684992539755,      357P    696
-0.949568912608293,5.51,1.43956890143242,-0.001,                     357P    697
0.0818930352543081,0.049,1.151;                                      357P    698
128,1,2,1,2,0,0,0,0,0,1.00000002235174,1.00000002235174,             359P    699
23.0000005140901,23.0000005140901,0.,0.,0.,1.5707963267949,          359P    700
1.5707963267949,1.5707963267949,1.,1.,0.707106781186548,             359P    701
0.707106781186548,1.,1.,-0.949568912608293,5.5,1.44956890143242,     359P    702
-0.949568912608293,-5.5,1.44956890143242,-0.949568912608293,5.5,     359P    703
0.949568912608294,-0.949568912608293,-5.5,0.949568912608294,         359P    704
-1.44956890143242,5.5,0.949568912608293,-1.44956890143242,-5.5,      359P    705
0.949568912608293,1.00000002235174,23.0000005140901,0.,              359P    706
1.5707963267949;                                                     359P    707
128,1,1,1,1,0,0,1,0,0,-0.00100000000000397,-0.00100000000000397,     361P    708
0.0818930352542023,0.0818930352542023,0.049,0.049,1.151,1.151,       361P    709
1.,1.,1.,1.,-1.43956890143242,-5.51,0.949568912608264,               361P    710
-2.26849925397448,-5.51,0.94956891261073,-1.43956890143242,5.51,     361P    711
0.949568912608264,-2.26849925397448,5.51,0.94956891261073,           361P    712
-0.00100000000000397,0.0818930352542023,0.049,1.151;                 361P    713
128,1,2,1,2,0,0,0,0,0,0.204081632653061,0.204081632653061,           363P    714
4.69387755102041,4.69387755102041,2.74358863412622,                  363P    715
2.74358863412622,2.74358863412622,3.53959667305444,                  363P    716
3.53959667305444,3.53959667305444,1.,1.,0.921836430193875,           363P    717
0.921836430193875,1.,1.,-2.2584992539755,-5.5,                       363P    718
-0.949568912608294,-2.2584992539755,5.5,-0.949568912608294,          363P    719
-2.65773831425249,-5.5,0.,-2.65773831425249,5.5,0.,                  363P    720
-2.25849925397448,-5.5,0.949568912610717,-2.25849925397448,5.5,      363P    721
0.949568912610717,0.204081632653061,4.69387755102041,                363P    722
2.74358863412622,3.53959667305444;                                   363P    723
128,1,1,1,1,0,0,1,0,0,-0.001,-0.001,0.0818930352543081,              365P    724
0.0818930352543081,0.049,0.049,1.151,1.151,1.,1.,1.,1.,              365P    725
-2.2684992539755,-5.51,-0.949568912608295,-1.43956890143242,         365P    726
-5.51,-0.949568912608293,-2.2684992539755,5.51,                      365P    727
-0.949568912608295,-1.43956890143242,5.51,-0.949568912608293,        365P    728
-0.001,0.0818930352543081,0.049,1.151;                               365P    729
128,1,2,1,2,0,0,0,0,0,1.00000002235174,1.00000002235174,             367P    730
23.0000005140901,23.0000005140901,-1.5707963267949,                  367P    731
-1.5707963267949,-1.5707963267949,0.,0.,0.,1.,1.,                    367P    732
0.707106781186548,0.707106781186548,1.,1.,-1.44956890143242,5.5,     367P    733
-0.949568912608293,-1.44956890143242,-5.5,-0.949568912608293,        367P    734
-0.949568912608294,5.5,-0.949568912608293,-0.949568912608294,        367P    735
-5.5,-0.949568912608293,-0.949568912608294,5.5,                      367P    736
-1.44956890143242,-0.949568912608294,-5.5,-1.44956890143242,         367P    737
1.00000002235174,23.0000005140901,-1.5707963267949,0.;               367P    738
128,1,1,1,1,0,0,1,0,0,-0.00100000000001335,-0.00100000000001335,     369P    739
0.0818930352541944,0.0818930352541944,0.049,0.049,1.151,1.151,       369P    740
1.,1.,1.,1.,-0.949568912608265,-5.51,-1.43956890143242,              369P    741
-0.94956891261065,-5.51,-2.2684992539745,-0.949568912608265,         369P    742
5.51,-1.43956890143242,-0.94956891261065,5.51,-2.2684992539745,      369P    743
-0.00100000000001335,0.0818930352541944,0.049,1.151;                 369P    744
128,1,8,1,2,0,1,0,0,1,-0.11180339887499,-0.11180339887499,           371P    745
0.111803398874989,0.111803398874989,-3.14159265358979,               371P    746
-3.14159265358979,-3.14159265358979,-1.5707963267949,                371P    747
-1.5707963267949,0.,0.,1.5707963267949,1.5707963267949,              371P    748
3.14159265358979,3.14159265358979,3.14159265358979,1.,1.,            371P    749
0.707106781186548,0.707106781186548,1.,1.,0.707106781186548,         371P    750
0.707106781186548,1.,1.,0.707106781186548,0.707106781186548,1.,      371P    751
1.,0.707106781186548,0.707106781186548,1.,1.,-4.5,-0.5,0.,-5.5,      371P    752
-1.,0.,-4.5,-0.5,4.5,-5.5,-1.,5.5,0.,-0.5,4.5,0.,-1.,5.5,4.5,        371P    753
-0.5,4.5,5.5,-1.,5.5,4.5,-0.5,0.,5.5,-1.,0.,4.5,-0.5,-4.5,5.5,       371P    754
-1.,-5.5,0.,-0.5,-4.5,0.,-1.,-5.5,-4.5,-0.5,-4.5,-5.5,-1.,-5.5,      371P    755
-4.5,-0.5,0.,-5.5,-1.,0.,-0.11180339887499,0.111803398874989,        371P    756
-3.14159265358979,3.14159265358979;                                  371P    757
128,1,8,1,2,0,1,0,0,1,-0.111111111111111,-0.111111111111111,         373P    758
0.111111111111111,0.111111111111111,-3.14159265358979,               373P    759
-3.14159265358979,-3.14159265358979,-1.5707963267949,                373P    760
-1.5707963267949,0.,0.,1.5707963267949,1.5707963267949,              373P    761
3.14159265358979,3.14159265358979,3.14159265358979,1.,1.,            373P    762
0.707106781186548,0.707106781186548,1.,1.,0.707106781186548,         373P    763
0.707106781186548,1.,1.,0.707106781186548,0.707106781186548,1.,      373P    764
1.,0.707106781186548,0.707106781186548,1.,1.,-4.5,0.5,0.,-4.5,       373P    765
-0.5,0.,-4.5,0.5,4.5,-4.5,-0.5,4.5,0.,0.5,4.5,0.,-0.5,4.5,4.5,       373P    766
0.5,4.5,4.5,-0.5,4.5,4.5,0.5,0.,4.5,-0.5,0.,4.5,0.5,-4.5,4.5,        373P    767
-0.5,-4.5,0.,0.5,-4.5,0.,-0.5,-4.5,-4.5,0.5,-4.5,-4.5,-0.5,-4.5,     373P    768
-4.5,0.5,0.,-4.5,-0.5,0.,-0.111111111111111,0.111111111111111,       373P    769
-3.14159265358979,3.14159265358979;                                  373P    770
128,1,8,1,2,0,1,0,0,1,-0.11180339887499,-0.11180339887499,           375P    771
0.111803398874989,0.111803398874989,-3.14159265358979,               375P    772
-3.14159265358979,-3.14159265358979,-1.5707963267949,                375P    773
-1.5707963267949,0.,0.,1.5707963267949,1.5707963267949,              375P    774
3.14159265358979,3.14159265358979,3.14159265358979,1.,1.,            375P    775
0.707106781186548,0.707106781186548,1.,1.,0.707106781186548,         375P    776
0.707106781186548,1.,1.,0.707106781186548,0.707106781186548,1.,      375P    777
1.,0.707106781186548,0.707106781186548,1.,1.,-4.5,0.5,0.,-5.5,       375P    778
1.,0.,-4.5,0.5,-4.5,-5.5,1.,-5.5,0.,0.5,-4.5,0.,1.,-5.5,4.5,0.5,     375P    779
-4.5,5.5,1.,-5.5,4.5,0.5,0.,5.5,1.,0.,4.5,0.5,4.5,5.5,1.,5.5,0.,     375P    780
0.5,4.5,0.,1.,5.5,-4.5,0.5,4.5,-5.5,1.,5.5,-4.5,0.5,0.,-5.5,1.,      375P    781
0.,-0.11180339887499,0.111803398874989,-3.14159265358979,            375P    782
3.14159265358979;                                                    375P    783
128,1,8,1,2,0,1,0,0,1,0.181818181818182,0.181818181818182,           377P    784
1.09090909090909,1.09090909090909,-3.14159265358979,                 377P    785
-3.14159265358979,-3.14159265358979,-1.5707963267949,                377P    786
-1.5707963267949,0.,0.,1.5707963267949,1.5707963267949,              377P    787
3.14159265358979,3.14159265358979,3.14159265358979,1.,1.,            377P    788
0.707106781186548,0.707106781186548,1.,1.,0.707106781186548,         377P    789
0.707106781186548,1.,1.,0.707106781186548,0.707106781186548,1.,      377P    790
1.,0.707106781186548,0.707106781186548,1.,1.,-5.5,6.,0.,-5.5,1.,     377P    791
0.,-5.5,6.,5.5,-5.5,1.,5.5,0.,6.,5.5,0.,1.,5.5,5.5,6.,5.5,5.5,       377P    792
1.,5.5,5.5,6.,0.,5.5,1.,0.,5.5,6.,-5.5,5.5,1.,-5.5,0.,6.,-5.5,       377P    793
0.,1.,-5.5,-5.5,6.,-5.5,-5.5,1.,-5.5,-5.5,6.,0.,-5.5,1.,0.,          377P    794
0.181818181818182,1.09090909090909,-3.14159265358979,                377P    795
3.14159265358979;                                                    377P    796
128,1,1,1,1,0,0,1,0,0,-0.551,-0.551,0.551,0.551,-0.551,-0.551,       379P    797
0.551,0.551,1.,1.,1.,1.,5.51,-6.,5.51,-5.51,-6.,5.51,5.51,-6.,       379P    798
-5.51,-5.51,-6.,-5.51,-0.551,0.551,-0.551,0.551;                     379P    799
128,1,8,1,2,0,1,0,0,1,-1.09090909090909,-1.09090909090909,           381P    800
-0.181818181818182,-0.181818181818182,-3.14159265358979,             381P    801
-3.14159265358979,-3.14159265358979,-1.5707963267949,                381P    802
-1.5707963267949,0.,0.,1.5707963267949,1.5707963267949,              381P    803
3.14159265358979,3.14159265358979,3.14159265358979,1.,1.,            381P    804
0.707106781186548,0.707106781186548,1.,1.,0.707106781186548,         381P    805
0.707106781186548,1.,1.,0.707106781186548,0.707106781186548,1.,      381P    806
1.,0.707106781186548,0.707106781186548,1.,1.,-5.5,-1.,0.,-5.5,       381P    807
-6.,0.,-5.5,-1.,5.5,-5.5,-6.,5.5,0.,-1.,5.5,0.,-6.,5.5,5.5,-1.,      381P    808
5.5,5.5,-6.,5.5,5.5,-1.,0.,5.5,-6.,0.,5.5,-1.,-5.5,5.5,-6.,-5.5,     381P    809
0.,-1.,-5.5,0.,-6.,-5.5,-5.5,-1.,-5.5,-5.5,-6.,-5.5,-5.5,-1.,0.,     381P    810
-5.5,-6.,0.,-1.09090909090909,-0.181818181818182,                    381P    811
-3.14159265358979,3.14159265358979;                                  381P    812
128,1,1,1,1,0,0,1,0,0,-0.551,-0.551,0.551,0.551,-0.551,-0.551,       383P    813
0.551,0.551,1.,1.,1.,1.,-5.51,6.,5.51,5.51,6.,5.51,-5.51,6.,         383P    814
-5.51,5.51,6.,-5.51,-0.551,0.551,-0.551,0.551;                       383P    815
502,10,-9.,6.,-1.10218211923262D-15,0.,6.,-9.,0.,4.5,-10.5,          385P    816
-10.5,4.5,1.28587913910472D-15,-10.5,-4.5,-1.28587913910472D-15,     385P    817
0.,-4.5,10.5,-5.5,6.,-6.73555739531044D-16,-9.,-6.,                  385P    818
1.10218211923262D-15,0.,-6.,9.,-5.5,-6.,-6.73555739531044D-16;       385P    819
502,42,3.50000005215406,6.,-4.28626386088604D-16,                    387P    820
3.50000005215406,5.5,-5.55111512312578D-16,0.949568912608295,        387P    821
5.5,-2.2584992539755,-0.949568912610678,5.5,-2.2584992539745,        387P    822
0.949568912608293,5.5,-1.44956890143242,1.44956890143242,5.5,        387P    823
-0.949568912608294,2.25849925397455,5.5,-0.949568912610555,          387P    824
2.2584992539755,5.5,0.949568912608295,1.44956890143242,5.5,          387P    825
0.949568912608293,0.949568912608293,5.5,1.44956890143242,            387P    826
0.949568912610622,5.5,2.25849925397453,-0.949568912608293,5.5,       387P    827
2.2584992539755,-0.949568912608293,5.5,1.44956890143242,             387P    828
-1.44956890143242,5.5,0.949568912608293,-2.25849925397448,5.5,       387P    829
0.949568912610718,-2.2584992539755,5.5,-0.949568912608293,           387P    830
-1.44956890143242,5.5,-0.949568912608293,-0.949568912608294,5.5,     387P    831
-1.44956890143242,0.949568912608293,-5.5,1.44956890143242,           387P    832
0.949568912610621,-5.5,2.25849925397452,1.44956890143242,-5.5,       387P    833
0.949568912608293,2.2584992539755,-5.5,0.949568912608295,            387P    834
2.25849925397452,-5.5,-0.949568912610542,1.44956890143242,-5.5,      387P    835
-0.949568912608294,0.949568912608293,-5.5,-1.44956890143242,         387P    836
0.949568912608295,-5.5,-2.2584992539755,-0.949568912610621,-5.5,     387P    837
-2.25849925397437,-3.50000005215406,-6.,-4.28626386088604D-16,       387P    838
-3.50000005215406,-5.5,-4.28626386088604D-16,-2.25849925397445,      387P    839
-5.5,0.9495689126107,-2.2584992539755,-5.5,-0.949568912608295,       387P    840
-1.44956890143242,-5.5,0.949568912608293,-0.949568912608293,         387P    841
-5.5,1.44956890143242,-0.949568912608295,-5.5,2.2584992539755,       387P    842
-0.949568912608294,-5.5,-1.44956890143242,-1.44956890143242,         387P    843
-5.5,-0.949568912608293,-4.5,-0.5,-5.51091059616309D-16,             387P    844
-5.50000008195639,-1.,6.73555749567807D-16,-4.5,0.5,                 387P    845
5.51091059616309D-16,-5.50000008195639,1.,6.73555749567807D-16,      387P    846
-5.5,6.,6.73555739531044D-16,-5.5,-6.,6.73555739531044D-16;          387P    847
504,14,161,385,1,385,2,163,385,2,385,3,165,385,3,385,4,167,385,      389P    848
4,385,3,169,385,2,385,1,171,385,4,385,5,173,385,6,385,5,175,385,     389P    849
5,385,6,177,385,7,385,7,179,385,8,385,9,181,385,9,385,6,183,385,     389P    850
9,385,8,185,385,10,385,10,187,385,7,385,10;                          389P    851
504,65,189,387,1,387,1,191,387,1,387,2,193,387,2,387,2,195,387,      391P    852
3,387,4,197,387,5,387,3,199,387,6,387,5,201,387,7,387,6,203,387,     391P    853
8,387,7,205,387,9,387,8,207,387,10,387,9,209,387,11,387,10,211,      391P    854
387,12,387,11,213,387,13,387,12,215,387,14,387,13,217,387,15,        391P    855
387,14,219,387,16,387,15,221,387,17,387,16,223,387,18,387,17,        391P    856
225,387,4,387,18,227,387,19,387,10,229,387,19,387,20,231,387,20,     391P    857
387,11,233,387,21,387,9,235,387,21,387,19,237,387,22,387,8,239,      391P    858
387,22,387,21,241,387,23,387,7,243,387,23,387,22,245,387,24,387,     391P    859
6,247,387,24,387,23,249,387,25,387,5,251,387,25,387,24,253,387,      391P    860
26,387,3,255,387,26,387,25,257,387,27,387,4,259,387,27,387,26,       391P    861
261,387,28,387,28,263,387,28,387,29,265,387,29,387,29,267,387,       391P    862
30,387,31,269,387,32,387,30,271,387,33,387,32,273,387,34,387,33,     391P    863
275,387,20,387,34,277,387,35,387,27,279,387,36,387,35,281,387,       391P    864
31,387,36,283,387,34,387,12,285,387,33,387,13,287,387,32,387,14,     391P    865
289,387,30,387,15,291,387,31,387,16,293,387,36,387,17,295,387,       391P    866
35,387,18,297,387,37,387,37,299,387,37,387,38,301,387,38,387,38,     391P    867
303,387,37,387,39,305,387,39,387,39,307,387,39,387,40,309,387,       391P    868
40,387,40,311,387,41,387,41,313,387,41,387,40,315,387,42,387,42,     391P    869
317,387,38,387,42;                                                   391P    870
406,1,5HBody1;                                                       393P    871
406,1,12HComponent2:1;                                               395P    872
406,1,7HWheel 0;                                                     397P    873
406,1,16HWheel inner v7:1;                                           399P    874
314,15.2941176470588,15.2941176470588,15.2941176470588,13HRubber     401P    875
 - Soft;                                                             401P    876
314,62.7450980392157,62.7450980392157,62.7450980392157,13HSteel      403P    877
- Satin;                                                             403P    878
S      1G      3D    404P    878                                        T      1
